spell,name,profession,is_craft,acq,methods,orange_db2,orange_src,yellow_db2,grey_db2,minskill,teaching_item,mech28,note
2259,Alchemy,Alchemy,False,trainer-rank,0,,,,,,,False,
2329,Elixir of Lion's Strength,Alchemy,True,auto,1,,rule:orange1-candidate,55,95,,,False,
2330,Minor Healing Potion,Alchemy,True,auto,1,,rule:orange1-candidate,55,95,,,False,
2331,Minor Mana Potion,Alchemy,True,residue,0,,,65,105,30,,False,
2332,Minor Rejuvenation Potion,Alchemy,True,residue,0,,,70,110,40,,False,
2333,Elixir of Lesser Agility,Alchemy,True,item,0,140,db2:item-req,165,205,,3396,False,
2334,Elixir of Minor Fortitude,Alchemy,True,item,0,50,db2:item-req,80,120,50,2554,False,
2335,Swiftness Potion,Alchemy,True,item,0,60,db2:item-req,90,130,60,2555,False,
2337,Lesser Healing Potion,Alchemy,True,residue,0,,,85,125,80,,False,
3101,Alchemy,Alchemy,False,trainer-rank,0,,,,,,,False,
3170,Weak Troll's Blood Elixir,Alchemy,True,residue,0,,,60,100,,,False,
3171,Elixir of Wisdom,Alchemy,True,residue,0,,,120,160,,,False,
3173,Lesser Mana Potion,Alchemy,True,residue,0,,,145,185,,,False,
3174,Potion of Curing,Alchemy,True,item,0,120,db2:item-req,145,185,,3394,False,
3175,Limited Invulnerability Potion,Alchemy,True,item,0,250,db2:item-req,275,315,,3395,False,
3176,Strong Troll's Blood Elixir,Alchemy,True,residue,0,,,150,190,,,False,
3177,Elixir of Defense,Alchemy,True,residue,0,,,155,195,,,False,
3188,Elixir of Ogre's Strength,Alchemy,True,item,0,150,db2:item-req,175,215,,6211,False,
3230,Elixir of Minor Agility,Alchemy,True,item,0,50,db2:item-req,80,120,,2553,False,
3447,Healing Potion,Alchemy,True,residue,0,,,135,175,,,False,
3448,Lesser Invisibility Potion,Alchemy,True,residue,0,,,185,225,,,False,
3449,Shadow Oil,Alchemy,True,item,0,165,db2:item-req,190,230,,6068,False,
3450,Elixir of Fortitude,Alchemy,True,item,0,175,db2:item-req,195,235,,3830,False,
3451,Major Troll's Blood Elixir,Alchemy,True,item,0,180,db2:item-req,200,240,,3831,False,
3452,Mana Potion,Alchemy,True,residue,0,,,180,220,,,False,
3453,Elixir of Detect Lesser Invisibility,Alchemy,True,item,0,195,db2:item-req,215,255,,3832,False,
3454,Frost Oil,Alchemy,True,item,0,200,db2:item-req,220,260,,14634,False,
3464,Alchemy,Alchemy,False,trainer-rank,0,,,,,,,False,
4508,Discolored Healing Potion,Alchemy,True,item,0,50,db2:item-req,80,120,,4597,False,
4942,Lesser Stoneshield Potion,Alchemy,True,item,0,215,db2:item-req,230,270,,4624,False,
6617,Rage Potion,Alchemy,True,item,0,60,db2:item-req,90,130,,5640,False,
6618,Great Rage Potion,Alchemy,True,item,0,175,db2:item-req,195,235,,5643,False,
6624,Free Action Potion,Alchemy,True,item,0,150,db2:item-req,175,215,,5642,False,
7179,Elixir of Water Breathing,Alchemy,True,residue,0,,,120,160,,,False,
7181,Greater Healing Potion,Alchemy,True,residue,0,,,175,215,,,False,
7183,Elixir of Minor Defense,Alchemy,True,auto,1,,rule:orange1-candidate,55,95,,,False,
7255,Holy Protection Potion,Alchemy,True,item,0,100,db2:item-req,130,170,,6053,False,
7256,Shadow Protection Potion,Alchemy,True,item,0,135,db2:item-req,160,200,,6054,False,
7257,Fire Protection Potion,Alchemy,True,item,0,165,db2:item-req,210,250,,6055,False,
7258,Frost Protection Potion,Alchemy,True,item,0,190,db2:item-req,205,245,,6056,False,
7259,Nature Protection Potion,Alchemy,True,item,0,190,db2:item-req,210,250,,6057,False,
7836,Blackmouth Oil,Alchemy,True,residue,0,,,80,100,,,False,
7837,Fire Oil,Alchemy,True,residue,0,,,150,170,,,False,
7841,Swim Speed Potion,Alchemy,True,residue,0,,,130,170,,,False,
7845,Elixir of Firepower,Alchemy,True,residue,0,,,165,205,,,False,
8240,Elixir of Giant Growth,Alchemy,True,item,0,90,db2:item-req,120,160,,6663,False,
11448,Greater Mana Potion,Alchemy,True,residue,0,,,220,260,,,False,
11449,Elixir of Agility,Alchemy,True,residue,0,,,205,245,,,False,
11450,Elixir of Greater Defense,Alchemy,True,residue,0,,,215,255,,,False,
11451,Oil of Immolation,Alchemy,True,residue,0,,,220,260,,,False,
11452,Restorative Potion,Alchemy,True,special,0,,,225,265,,,False,
11456,Goblin Rocket Fuel,Alchemy,True,item,0,210,db2:item-req,225,265,,10644,False,
11457,Superior Healing Potion,Alchemy,True,residue,0,,,230,270,,,False,
11458,Wildvine Potion,Alchemy,True,item,0,225,db2:item-req,240,280,,9294,False,
11459,Philosopher's Stone,Alchemy,True,item,0,225,db2:item-req,240,280,,9303,False,
11460,Elixir of Detect Undead,Alchemy,True,residue,0,,,245,285,,,False,
11461,Arcane Elixir,Alchemy,True,residue,0,,,250,290,,,False,
11464,Invisibility Potion,Alchemy,True,item,0,235,db2:item-req,250,290,,9295,False,
11465,Elixir of Greater Intellect,Alchemy,True,residue,0,,,250,290,,,False,
11466,Gift of Arthas,Alchemy,True,item,0,240,db2:item-req,255,295,,9296,False,
11467,Elixir of Greater Agility,Alchemy,True,residue,0,,,255,295,,,False,
11468,Elixir of Dream Vision,Alchemy,True,item,0,240,db2:item-req,255,295,,9297,False,
11472,Elixir of Giants,Alchemy,True,item,0,245,db2:item-req,260,300,,9298,False,
11473,Ghost Dye,Alchemy,True,item,0,245,db2:item-req,260,300,,9302,False,
11476,Elixir of Shadow Power,Alchemy,True,item,0,250,db2:item-req,265,305,,9301,False,
11477,Elixir of Demonslaying,Alchemy,True,item,0,250,db2:item-req,265,305,,9300,False,
11478,Elixir of Detect Demon,Alchemy,True,residue,0,,,265,305,,,False,
11479,Transmute: Iron to Gold,Alchemy,True,item,0,225,db2:item-req,240,280,,9304,False,
11480,Transmute: Mithril to Truesilver,Alchemy,True,item,0,225,db2:item-req,240,280,,9305,False,
11611,Alchemy,Alchemy,False,trainer-rank,0,,,,,,,False,
12609,Catseye Elixir,Alchemy,True,residue,0,,,220,260,,,False,
15833,Dreamless Sleep Potion,Alchemy,True,residue,0,,,245,285,,,False,
17187,Transmute: Arcanite,Alchemy,True,item,0,275,db2:item-req,275,290,,12958,False,
17551,Stonescale Oil,Alchemy,True,residue,0,,,250,260,,,False,
17552,Mighty Rage Potion,Alchemy,True,item,0,255,db2:item-req,270,310,,13476,False,
17553,Superior Mana Potion,Alchemy,True,item,0,260,db2:item-req,275,315,,13477,False,
17554,Elixir of Superior Defense,Alchemy,True,item,0,265,db2:item-req,280,320,,13478,False,
17555,Elixir of the Sages,Alchemy,True,item,0,270,db2:item-req,285,325,,13479,False,
17556,Major Healing Potion,Alchemy,True,item,0,275,db2:item-req,290,330,,13480,False,
17557,Elixir of Brute Force,Alchemy,True,item,0,275,db2:item-req,290,330,,13481,False,
17559,Transmute: Air to Fire,Alchemy,True,item,0,275,db2:item-req,275,290,,13482,False,
17560,Transmute: Fire to Earth,Alchemy,True,item,0,275,db2:item-req,275,290,,13483,False,
17561,Transmute: Earth to Water,Alchemy,True,item,0,275,db2:item-req,275,290,,13484,False,
17562,Transmute: Water to Air,Alchemy,True,item,0,275,db2:item-req,275,290,,13485,False,
17563,Transmute: Undeath to Water,Alchemy,True,item,0,275,db2:item-req,275,290,,13486,False,
17564,Transmute: Water to Undeath,Alchemy,True,item,0,275,db2:item-req,275,290,,13487,False,
17565,Transmute: Life to Earth,Alchemy,True,item,0,275,db2:item-req,275,290,,13488,False,
17566,Transmute: Earth to Life,Alchemy,True,item,0,275,db2:item-req,275,290,,13489,False,
17570,Greater Stoneshield Potion,Alchemy,True,item,0,280,db2:item-req,295,335,,13490,False,
17571,Elixir of the Mongoose,Alchemy,True,item,0,280,db2:item-req,295,335,,13491,False,
17572,Purification Potion,Alchemy,True,item,0,285,db2:item-req,300,340,,13492,False,
17573,Greater Arcane Elixir,Alchemy,True,item,0,285,db2:item-req,300,340,,13493,False,
17574,Greater Fire Protection Potion,Alchemy,True,item,0,290,db2:item-req,305,345,,13494,False,
17575,Greater Frost Protection Potion,Alchemy,True,item,0,290,db2:item-req,305,345,,13495,False,
17576,Greater Nature Protection Potion,Alchemy,True,item,0,290,db2:item-req,305,345,,13496,False,
17577,Greater Arcane Protection Potion,Alchemy,True,item,0,290,db2:item-req,305,345,,13497,False,
17578,Greater Shadow Protection Potion,Alchemy,True,item,0,290,db2:item-req,305,345,,13499,False,
17579,Greater Holy Protection Potion,Alchemy,True,item,0,290,db2:item-req,305,345,,13500,False,
17580,Major Mana Potion,Alchemy,True,item,0,295,db2:item-req,310,350,,13501,False,
17632,Alchemist Stone,Alchemy,True,item,0,350,db2:item-req,365,380,,13517,False,
17634,Potion of Petrification,Alchemy,True,item,0,300,db2:item-req,315,330,,13518,False,
17635,Flask of the Titans,Alchemy,True,item,0,300,db2:item-req,315,330,,31354,False,
17636,Flask of Distilled Wisdom,Alchemy,True,item,0,300,db2:item-req,315,330,,31356,False,
17637,Flask of Supreme Power,Alchemy,True,item,0,300,db2:item-req,315,330,,31355,False,
21923,Elixir of Frost Power,Alchemy,True,item,0,190,db2:item-req,210,250,,17709,False,
22732,Major Rejuvenation Potion,Alchemy,True,item,0,300,db2:item-req,310,330,,18257,False,
22808,Elixir of Greater Water Breathing,Alchemy,True,residue,0,,,230,270,,,False,
24266,Gurubashi Mojo Madness,Alchemy,True,special,0,,,315,330,,,False,
24365,Mageblood Elixir,Alchemy,True,item,0,275,db2:item-req,290,330,,20011,False,
24366,Greater Dreamless Sleep Potion,Alchemy,True,item,0,275,db2:item-req,290,330,,20012,False,
24367,Living Action Potion,Alchemy,True,item,0,285,db2:item-req,300,340,,20013,False,
24368,Mighty Troll's Blood Elixir,Alchemy,True,item,0,290,db2:item-req,305,345,,20014,False,
25146,Transmute: Elemental Fire,Alchemy,True,item,0,300,db2:item-req,301,310,,20761,False,
26277,Elixir of Greater Firepower,Alchemy,True,item,0,250,db2:item-req,265,305,,21547,False,
28543,Elixir of Camouflage,Alchemy,True,item,0,305,db2:item-req,320,335,,22900,True,
28544,Elixir of Major Strength,Alchemy,True,residue,0,,,320,335,,,True,
28545,Elixir of Healing Power,Alchemy,True,residue,0,,,325,340,,,True,
28546,Sneaking Potion,Alchemy,True,item,0,315,db2:item-req,330,345,,22901,True,
28549,Elixir of Major Frost Power,Alchemy,True,item,0,320,db2:item-req,335,350,,22902,True,
28550,Insane Strength Potion,Alchemy,True,item,0,320,db2:item-req,335,350,,22903,True,
28551,Super Healing Potion,Alchemy,True,residue,0,,,340,355,,,True,
28552,Elixir of the Searching Eye,Alchemy,True,item,0,325,db2:item-req,340,355,,22904,True,
28553,Elixir of Major Agility,Alchemy,True,item,0,330,db2:item-req,345,360,,22905,True,
28554,Shrouding Potion,Alchemy,True,item,0,335,db2:item-req,350,365,,22906,True,
28555,Super Mana Potion,Alchemy,True,item,0,340,db2:item-req,355,370,,22907,True,
28556,Elixir of Major Firepower,Alchemy,True,item,0,345,db2:item-req,360,375,,22908,True,
28557,Elixir of Major Defense,Alchemy,True,item,0,345,db2:item-req,360,375,,22909,True,
28558,Elixir of Major Shadow Power,Alchemy,True,item,0,350,db2:item-req,365,380,,22910,True,
28562,Major Dreamless Sleep Potion,Alchemy,True,item,0,350,db2:item-req,365,380,,22911,True,
28563,Heroic Potion,Alchemy,True,item,0,350,db2:item-req,365,380,,22912,True,
28564,Haste Potion,Alchemy,True,item,0,350,db2:item-req,365,380,,22913,True,
28565,Destruction Potion,Alchemy,True,item,0,350,db2:item-req,365,380,,22914,True,
28566,Transmute: Primal Air to Fire,Alchemy,True,item,0,350,db2:item-req,365,380,,22915,True,
28567,Transmute: Primal Earth to Water,Alchemy,True,item,0,350,db2:item-req,365,380,,22916,True,
28568,Transmute: Primal Fire to Earth,Alchemy,True,item,0,350,db2:item-req,365,380,,22917,True,
28569,Transmute: Primal Water to Air,Alchemy,True,item,0,350,db2:item-req,365,380,,22918,True,
28570,Elixir of Major Mageblood,Alchemy,True,item,0,355,db2:item-req,370,380,,22919,True,
28571,Major Fire Protection Potion,Alchemy,True,item,0,360,db2:item-req,375,380,,22920,True,
28572,Major Frost Protection Potion,Alchemy,True,item,0,360,db2:item-req,375,380,,22921,True,
28573,Major Nature Protection Potion,Alchemy,True,item,0,360,db2:item-req,375,380,,22922,True,
28575,Major Arcane Protection Potion,Alchemy,True,item,0,360,db2:item-req,375,380,,22923,True,
28576,Major Shadow Protection Potion,Alchemy,True,item,0,360,db2:item-req,375,380,,22924,True,
28577,Major Holy Protection Potion,Alchemy,True,item,0,360,db2:item-req,375,380,,22925,False,
28578,Elixir of Empowerment,Alchemy,True,item,0,365,db2:item-req,375,380,,22926,True,
28579,Ironshield Potion,Alchemy,True,item,0,365,db2:item-req,375,380,,22927,True,
28580,Transmute: Primal Shadow to Water,Alchemy,True,special,0,,,375,380,,,True,
28581,Transmute: Primal Water to Shadow,Alchemy,True,special,0,,,375,380,,,True,
28582,Transmute: Primal Mana to Fire,Alchemy,True,special,0,,,375,380,,,True,
28583,Transmute: Primal Fire to Mana,Alchemy,True,special,0,,,375,380,,,True,
28584,Transmute: Primal Life to Earth,Alchemy,True,special,0,,,375,380,,,True,
28585,Transmute: Primal Earth to Life,Alchemy,True,special,0,,,375,380,,,True,
28586,Super Rejuvenation Potion,Alchemy,True,special,0,,,375,380,,,True,
28587,Flask of Fortification,Alchemy,True,special,0,,,375,380,,,True,
28588,Flask of Mighty Restoration,Alchemy,True,special,0,,,375,380,,,True,
28589,Flask of Relentless Assault,Alchemy,True,special,0,,,375,380,,,True,
28590,Flask of Blinding Light,Alchemy,True,special,0,,,375,380,,,True,
28591,Flask of Pure Death,Alchemy,True,special,0,,,375,380,,,True,
28596,Alchemy,Alchemy,False,trainer-rank,0,,,,,,,False,
28672,Transmutation Master,Alchemy,False,trainer-rank,0,,,,,,,False,
28675,Potion Master,Alchemy,False,trainer-rank,0,,,,,,,False,
28677,Elixir Master,Alchemy,False,trainer-rank,0,,,,,,,False,
29688,Transmute: Primal Might,Alchemy,True,item,0,350,db2:item-req,365,380,,23574,True,
32765,Transmute: Earthstorm Diamond,Alchemy,True,item,0,350,db2:item-req,365,380,,25869,True,
32766,Transmute: Skyfire Diamond,Alchemy,True,item,0,350,db2:item-req,365,380,,25870,True,
33732,Volatile Healing Potion,Alchemy,True,residue,0,,,315,330,,,True,
33733,Unstable Mana Potion,Alchemy,True,residue,0,,,325,340,,,True,
33738,Onslaught Elixir,Alchemy,True,residue,0,,,315,330,,,True,
33740,Adept's Elixir,Alchemy,True,residue,0,,,315,330,,,True,
33741,Elixir of Mastery,Alchemy,True,residue,0,,,330,345,,,True,
38070,Mercurial Stone,Alchemy,True,residue,0,,,340,355,,,False,
38960,Fel Strength Elixir,Alchemy,True,item,0,335,db2:item-req,350,365,,31680,True,
38961,Fel Mana Potion,Alchemy,True,item,0,360,db2:item-req,375,380,,31682,True,
38962,Fel Regeneration Potion,Alchemy,True,item,0,345,db2:item-req,360,375,,31681,True,
39636,Elixir of Major Fortitude,Alchemy,True,residue,0,,,325,340,,,True,
39637,Earthen Elixir,Alchemy,True,item,0,320,db2:item-req,335,350,,32070,True,
39638,Elixir of Draenic Wisdom,Alchemy,True,residue,0,,,335,350,,,True,
39639,Elixir of Ironskin,Alchemy,True,item,0,330,db2:item-req,345,360,,32071,True,
41458,Cauldron of Major Arcane Protection,Alchemy,True,special,0,,,360,380,,,False,
41500,Cauldron of Major Fire Protection,Alchemy,True,special,0,,,360,380,,,False,
41501,Cauldron of Major Frost Protection,Alchemy,True,special,0,,,360,380,,,False,
41502,Cauldron of Major Nature Protection,Alchemy,True,special,0,,,360,380,,,False,
41503,Cauldron of Major Shadow Protection,Alchemy,True,special,0,,,360,380,,,False,
45061,Mad Alchemist's Potion,Alchemy,True,item,0,325,db2:item-req,335,350,,34481,True,
47046,Guardian's Alchemist Stone,Alchemy,True,item,0,375,db2:item-req,380,390,,35752,False,
47048,Sorcerer's Alchemist Stone,Alchemy,True,item,0,375,db2:item-req,380,390,,35753,False,
47049,Redeemer's Alchemist Stone,Alchemy,True,item,0,375,db2:item-req,380,390,,35754,False,
47050,Assassin's Alchemist Stone,Alchemy,True,item,0,375,db2:item-req,380,390,,35755,False,
51304,Alchemy,Alchemy,False,trainer-rank,0,,,,,,,False,
53771,Transmute: Eternal Life to Shadow,Alchemy,True,residue,0,,,405,425,,,True,
53773,Transmute: Eternal Life to Fire,Alchemy,True,residue,0,,,405,425,,,True,
53774,Transmute: Eternal Fire to Water,Alchemy,True,residue,0,,,405,425,,,True,
53775,Transmute: Eternal Fire to Life,Alchemy,True,residue,0,,,405,425,,,True,
53776,Transmute: Eternal Air to Water,Alchemy,True,residue,0,,,405,425,,,True,
53777,Transmute: Eternal Air to Earth,Alchemy,True,residue,0,,,405,425,,,True,
53779,Transmute: Eternal Shadow to Earth,Alchemy,True,residue,0,,,405,425,,,True,
53780,Transmute: Eternal Shadow to Life,Alchemy,True,residue,0,,,405,425,,,True,
53781,Transmute: Eternal Earth to Air,Alchemy,True,residue,0,,,405,425,,,True,
53782,Transmute: Eternal Earth to Shadow,Alchemy,True,residue,0,,,405,425,,,True,
53783,Transmute: Eternal Water to Air,Alchemy,True,residue,0,,,405,425,,,True,
53784,Transmute: Eternal Water to Fire,Alchemy,True,residue,0,,,405,425,,,True,
53812,Pygmy Oil,Alchemy,True,residue,0,,,380,390,,,False,
53836,Runic Healing Potion,Alchemy,True,residue,0,,,410,425,,,True,
53837,Runic Mana Potion,Alchemy,True,residue,0,,,415,430,,,True,
53838,Resurgent Healing Potion,Alchemy,True,residue,0,,,360,380,,,True,
53839,Icy Mana Potion,Alchemy,True,residue,0,,,365,385,,,True,
53840,Elixir of Mighty Agility,Alchemy,True,residue,0,,,400,415,,,True,
53841,Wrath Elixir,Alchemy,True,residue,0,,,365,385,,,True,
53842,Spellpower Elixir,Alchemy,True,residue,0,,,375,390,,,True,
53847,Elixir of Spirit,Alchemy,True,residue,0,,,390,400,,,True,
53848,Guru's Elixir,Alchemy,True,residue,0,,,380,390,,,True,
53895,Crazy Alchemist's Potion,Alchemy,True,residue,0,,,415,430,,,True,
53898,Elixir of Mighty Fortitude,Alchemy,True,residue,0,,,395,405,,,True,
53899,Lesser Flask of Toughness,Alchemy,True,residue,0,,,380,390,,,True,
53900,Potion of Nightmares,Alchemy,True,residue,0,,,385,395,,,True,
53901,Flask of the Frost Wyrm,Alchemy,True,residue,0,,,450,465,,,True,
53902,Flask of Stoneblood,Alchemy,True,residue,0,,,450,465,,,True,
53903,Flask of Endless Rage,Alchemy,True,residue,0,,,450,465,,,True,
53904,Powerful Rejuvenation Potion,Alchemy,True,residue,0,,,415,430,,,True,
53905,Indestructible Potion,Alchemy,True,residue,0,,,415,430,,,True,
53936,Mighty Arcane Protection Potion,Alchemy,True,item,0,400,db2:item-req,410,420,,44564,True,
53937,Mighty Frost Protection Potion,Alchemy,True,item,0,400,db2:item-req,410,420,,44566,True,
53938,Mighty Shadow Protection Potion,Alchemy,True,item,0,400,db2:item-req,410,420,,44568,True,
53939,Mighty Fire Protection Potion,Alchemy,True,item,0,400,db2:item-req,410,420,,44565,True,
53942,Mighty Nature Protection Potion,Alchemy,True,item,0,400,db2:item-req,410,420,,44567,True,
54020,Transmute: Eternal Might,Alchemy,True,residue,0,,,445,460,,,True,
54213,Flask of Pure Mojo,Alchemy,True,residue,0,,,450,465,,,True,
54218,Elixir of Mighty Strength,Alchemy,True,residue,0,,,390,400,,,True,
54220,Elixir of Protection,Alchemy,True,residue,0,,,415,430,,,True,
54221,Potion of Speed,Alchemy,True,residue,0,,,415,430,,,True,
54222,Potion of Wild Magic,Alchemy,True,residue,0,,,415,430,,,True,
56519,Elixir of Mighty Mageblood,Alchemy,True,residue,0,,,415,430,,,True,
57425,Transmute: Skyflare Diamond,Alchemy,True,residue,0,,,440,450,,,True,
57427,Transmute: Earthsiege Diamond,Alchemy,True,residue,0,,,435,445,,,True,
58868,Endless Mana Potion,Alchemy,True,residue,0,,,415,420,,,False,
58871,Endless Healing Potion,Alchemy,True,residue,0,,,410,415,,,False,
60350,Transmute: Titanium,Alchemy,True,residue,0,,,420,440,,,True,
60354,Elixir of Accuracy,Alchemy,True,residue,0,,,415,430,,,True,
60355,Elixir of Deadly Strikes,Alchemy,True,residue,0,,,415,430,,,True,
60356,Elixir of Mighty Defense,Alchemy,True,residue,0,,,415,430,,,True,
60357,Elixir of Expertise,Alchemy,True,residue,0,,,415,430,,,True,
60365,Elixir of Armor Piercing,Alchemy,True,residue,0,,,415,430,,,True,
60366,Elixir of Lightning Speed,Alchemy,True,residue,0,,,415,430,,,True,
60367,Elixir of Mighty Thoughts,Alchemy,True,residue,0,,,400,415,,,True,
60396,Mercurial Alchemist Stone,Alchemy,True,residue,0,,,420,430,,,False,
60403,Indestructible Alchemist Stone,Alchemy,True,residue,0,,,420,430,,,False,
60405,Mighty Alchemist Stone,Alchemy,True,residue,0,,,420,430,,,False,
60893,Northrend Alchemy Research,Alchemy,True,residue,0,,,415,430,,,False,
62409,Ethereal Oil,Alchemy,True,residue,0,,,380,390,,,False,
62410,Elixir of Water Walking,Alchemy,True,residue,0,,,415,430,,,False,
63732,Elixir of Minor Accuracy,Alchemy,True,residue,0,,,160,200,,,False,
66658,Transmute: Ametrine,Alchemy,True,special,0,,,440,465,,,True,
66659,Transmute: Cardinal Ruby,Alchemy,True,special,0,,,440,465,,,True,
66660,Transmute: King's Amber,Alchemy,True,special,0,,,440,465,,,True,
66662,Transmute: Dreadstone,Alchemy,True,special,0,,,440,465,,,True,
66663,Transmute: Majestic Zircon,Alchemy,True,special,0,,,440,465,,,True,
66664,Transmute: Eye of Zul,Alchemy,True,special,0,,,440,465,,,True,
78866,Transmute: Living Elements,Alchemy,True,residue,0,,,510,520,,,True,
80237,Transmute: Shadowspirit Diamond,Alchemy,True,residue,0,,,525,535,,,True,
80243,Transmute: Truegold,Alchemy,True,residue,0,,,525,535,,,True,
80244,Transmute: Pyrium Bar,Alchemy,True,residue,0,,,525,535,,,True,
80245,Transmute: Inferno Ruby,Alchemy,True,residue,0,,,525,535,,,True,
80246,Transmute: Ocean Sapphire,Alchemy,True,residue,0,,,520,530,,,True,
80247,Transmute: Amberjewel,Alchemy,True,residue,0,,,525,535,,,True,
80248,Transmute: Demonseye,Alchemy,True,residue,0,,,520,530,,,True,
80250,Transmute: Ember Topaz,Alchemy,True,residue,0,,,515,525,,,True,
80251,Transmute: Dream Emerald,Alchemy,True,residue,0,,,510,520,,,True,
80269,Potion of Illusion,Alchemy,True,residue,0,,,470,480,,,True,
80477,Ghost Elixir,Alchemy,True,residue,0,,,455,465,,,True,
80478,Earthen Potion,Alchemy,True,residue,0,,,455,465,,,True,
80479,Deathblood Venom,Alchemy,True,residue,0,,,460,470,,,True,
80480,Elixir of the Naga,Alchemy,True,residue,0,,,460,470,,,True,
80481,Volcanic Potion,Alchemy,True,residue,0,,,465,475,,,True,
80482,Potion of Concentration,Alchemy,True,residue,0,,,470,480,,,True,
80484,Elixir of the Cobra,Alchemy,True,residue,0,,,470,480,,,True,
80486,Deepstone Oil,Alchemy,True,residue,0,,,475,485,,,True,
80487,Mysterious Potion,Alchemy,True,residue,0,,,475,485,,,True,
80488,Elixir of Deep Earth,Alchemy,True,residue,0,,,480,490,,,True,
80490,Mighty Rejuvenation Potion,Alchemy,True,residue,0,,,480,490,,,True,
80491,Elixir of Impossible Accuracy,Alchemy,True,residue,0,,,485,495,,,True,
80492,Prismatic Elixir,Alchemy,True,residue,0,,,485,495,,,True,
80493,Elixir of Mighty Speed,Alchemy,True,residue,0,,,495,505,,,True,
80494,Mythical Mana Potion,Alchemy,True,residue,0,,,490,500,,,True,
80495,Potion of the Tol'vir,Alchemy,True,residue,0,,,490,500,,,True,
80496,Golemblood Potion,Alchemy,True,residue,0,,,495,505,,,True,
80497,Elixir of the Master,Alchemy,True,residue,0,,,500,510,,,True,
80498,Mythical Healing Potion,Alchemy,True,residue,0,,,500,510,,,True,
80508,Lifebound Alchemist Stone,Alchemy,True,residue,0,,,510,515,,,False,
80719,Flask of Steelskin,Alchemy,True,residue,0,,,505,515,,,True,
80720,Flask of the Draconic Mind,Alchemy,True,residue,0,,,510,520,,,True,
80721,Flask of the Winds,Alchemy,True,residue,0,,,515,525,,,True,
80723,Flask of Titanic Strength,Alchemy,True,residue,0,,,515,525,,,True,
80725,Potion of Deepholm,Alchemy,True,residue,0,,,525,535,,,True,
80726,Potion of Treasure Finding,Alchemy,True,residue,0,,,525,535,,,True,
80731,Alchemy,Alchemy,False,trainer-rank,0,,,,,,,False,
92643,Cauldron of Battle,Alchemy,True,item,0,525,db2:item-req,525,525,,65435,False,
92688,Big Cauldron of Battle,Alchemy,True,item,0,525,db2:item-req,525,525,,65498,False,
93328,Vial of the Sands,Alchemy,True,item,0,525,db2:item-req,525,535,,67538,True,
93935,Draught of War,Alchemy,True,residue,0,,,440,460,,,True,
94162,Flask of Flowing Water,Alchemy,True,residue,0,,,505,515,,,True,
96252,Volatile Alchemist Stone,Alchemy,True,residue,0,,,510,515,,,False,
96253,Quicksilver Alchemist Stone,Alchemy,True,residue,0,,,510,515,,,False,
96254,Vibrant Alchemist Stone,Alchemy,True,residue,0,,,510,515,,,False,
105206,Alchemy,Alchemy,False,trainer-rank,0,,,,,,,False,
114751,Alchemist's Rejuvenation,Alchemy,True,item,0,500,db2:item-req,515,535,,84127,True,
114752,Master Healing Potion,Alchemy,True,item,0,500,db2:item-req,515,535,,84124,True,
114753,Potion of the Mountains,Alchemy,True,item,0,525,db2:item-req,540,565,,84147,True,
114754,Mad Hozen Elixir,Alchemy,True,item,0,525,db2:item-req,540,565,,84138,True,
114755,Mantid Elixir,Alchemy,True,item,0,525,db2:item-req,540,565,,84139,True,
114756,Elixir of Weaponry,Alchemy,True,item,0,525,db2:item-req,540,565,,84133,True,
114757,Potion of the Jade Serpent,Alchemy,True,item,0,525,db2:item-req,540,565,,84146,True,
114758,Monk's Elixir,Alchemy,True,item,0,525,db2:item-req,540,565,,84141,True,
114759,Elixir of the Rapids,Alchemy,True,item,0,550,db2:item-req,565,590,,84132,True,
114760,Potion of Mogu Power,Alchemy,True,item,0,550,db2:item-req,565,590,,84144,True,
114761,Desecrated Oil,Alchemy,True,item,0,550,db2:item-req,540,565,,84128,True,orange>yellow: orange tier empty (learned late)
114762,Elixir of Perfection,Alchemy,True,item,0,550,db2:item-req,565,590,,84131,True,
114763,Elixir of Mirrors,Alchemy,True,item,0,550,db2:item-req,565,590,,84129,True,
114764,Elixir of Peace,Alchemy,True,item,0,550,db2:item-req,565,590,,84130,True,
114765,Virmen's Bite,Alchemy,True,item,0,550,db2:item-req,565,590,,84155,True,
114766,Transmute: River's Heart,Alchemy,True,item,0,550,db2:item-req,600,610,,84152,True,
114767,Transmute: Wild Jade,Alchemy,True,item,0,550,db2:item-req,600,610,,84154,True,
114769,Flask of Spring Blossoms,Alchemy,True,item,0,550,db2:item-req,600,605,,84134,True,
114770,Flask of the Earth,Alchemy,True,item,0,550,db2:item-req,600,605,,84135,True,
114771,Flask of the Warm Sun,Alchemy,True,item,0,550,db2:item-req,600,605,,84136,True,
114772,Flask of Falling Leaves,Alchemy,True,item,0,550,db2:item-req,600,605,,84123,True,
114773,Flask of Winter's Bite,Alchemy,True,item,0,550,db2:item-req,600,605,,84137,True,
114774,Darkwater Potion,Alchemy,True,item,0,575,db2:item-req,565,590,,84142,True,orange>yellow: orange tier empty (learned late)
114775,Master Mana Potion,Alchemy,True,item,0,575,db2:item-req,600,605,,84140,True,
114776,Transmute: Vermilion Onyx,Alchemy,True,item,0,575,db2:item-req,600,610,,84126,True,
114777,Transmute: Imperial Amethyst,Alchemy,True,item,0,575,db2:item-req,600,610,,84148,True,
114778,Transmute: Sun's Radiance,Alchemy,True,item,0,575,db2:item-req,600,610,,84125,True,
114779,Potion of Luck,Alchemy,True,item,0,600,db2:item-req,605,615,,84145,True,
114780,Transmute: Living Steel,Alchemy,True,item,0,600,db2:item-req,605,615,,84149,True,
114781,Transmute: Primal Diamond,Alchemy,True,item,0,600,db2:item-req,600,610,,84150,True,
114782,Potion of Focus,Alchemy,True,item,0,600,db2:item-req,565,590,,84143,True,orange>yellow: orange tier empty (learned late)
114783,Transmute: Trillium Bar,Alchemy,True,item,0,600,db2:item-req,600,610,,84153,True,
114784,Transmute: Primordial Ruby,Alchemy,True,item,0,600,db2:item-req,600,610,,84151,True,
114786,Alchemist's Flask,Alchemy,True,item,0,550,db2:item-req,315,325,,84122,True,orange>yellow: orange tier empty (learned late)
130326,Riddle of Steel,Alchemy,True,residue,0,,,605,615,,,True,
136197,Zen Alchemist Stone,Alchemy,True,residue,0,,,515,535,,,True,
1245411,Venerable Potion of Invisibility,Alchemy,True,item,0,550,db2:item-req,540,565,,247800,False,orange>yellow: orange tier empty (learned late)
2018,Blacksmithing,Blacksmithing,False,trainer-rank,0,,,,,,,False,
2660,Rough Sharpening Stone,Blacksmithing,True,auto,1,,rule:orange1-candidate,15,55,,,False,
2661,Copper Chain Belt,Blacksmithing,True,residue,0,,,75,115,55,,False,
2662,Copper Chain Pants,Blacksmithing,True,residue,0,,,50,90,40,,False,
2663,Copper Bracers,Blacksmithing,True,auto,1,,rule:orange1-candidate,20,60,,,False,
2664,Runed Copper Bracers,Blacksmithing,True,residue,0,,,115,140,65,,False,
2665,Coarse Sharpening Stone,Blacksmithing,True,residue,0,,,65,80,75,,False,
2666,Runed Copper Belt,Blacksmithing,True,residue,0,,,110,150,80,,False,
2667,Runed Copper Breastplate,Blacksmithing,True,item,0,80,db2:item-req,120,160,90,2881,False,
2668,Rough Bronze Leggings,Blacksmithing,True,residue,0,,,145,175,95,,False,
2670,Rough Bronze Cuirass,Blacksmithing,True,residue,0,,,145,175,105,,False,
2671,Rough Bronze Bracers,Blacksmithing,True,item,0,100,db2:item-req,145,175,,5577,False,
2672,Patterned Bronze Bracers,Blacksmithing,True,residue,0,,,150,180,120,,False,
2673,Silvered Bronze Breastplate,Blacksmithing,True,item,0,130,db2:item-req,160,190,,5578,False,
2674,Heavy Sharpening Stone,Blacksmithing,True,residue,0,,,125,140,125,,False,
2675,Shining Silver Breastplate,Blacksmithing,True,residue,0,,,175,205,135,,False,
2737,Copper Mace,Blacksmithing,True,residue,0,,,55,95,30,,False,
2738,Copper Axe,Blacksmithing,True,residue,0,,,60,100,35,,False,
2739,Copper Shortsword,Blacksmithing,True,residue,0,,,65,105,40,,False,
2740,Bronze Mace,Blacksmithing,True,residue,0,,,140,170,75,,False,
2741,Bronze Axe,Blacksmithing,True,residue,0,,,145,175,85,,False,
2742,Bronze Shortsword,Blacksmithing,True,residue,0,,,150,180,95,,False,
3100,Blacksmithing,Blacksmithing,False,trainer-rank,0,,,,,,,False,
3115,Rough Weightstone,Blacksmithing,True,auto,1,,rule:orange1-candidate,15,55,,,False,
3116,Coarse Weightstone,Blacksmithing,True,residue,0,,,65,80,,,False,
3117,Heavy Weightstone,Blacksmithing,True,residue,0,,,125,140,,,False,
3292,Heavy Copper Broadsword,Blacksmithing,True,residue,0,,,135,175,,,False,
3293,Copper Battle Axe,Blacksmithing,True,residue,0,,,75,115,,,False,
3294,Thick War Axe,Blacksmithing,True,residue,0,,,110,150,,,False,
3295,Deadly Bronze Poniard,Blacksmithing,True,item,0,125,db2:item-req,155,185,,2883,False,
3296,Heavy Bronze Mace,Blacksmithing,True,residue,0,,,160,190,,,False,
3297,Mighty Iron Hammer,Blacksmithing,True,item,0,145,db2:item-req,175,205,,3608,False,
3319,Copper Chain Boots,Blacksmithing,True,residue,0,,,60,100,,,False,
3320,Rough Grinding Stone,Blacksmithing,True,residue,0,,,45,85,,,False,
3321,Copper Chain Vest,Blacksmithing,True,item,0,35,db2:item-req,75,115,,3609,False,
3323,Runed Copper Gauntlets,Blacksmithing,True,residue,0,,,80,120,,,False,
3324,Runed Copper Pants,Blacksmithing,True,residue,0,,,85,125,,,False,
3325,Gemmed Copper Gauntlets,Blacksmithing,True,item,0,60,db2:item-req,100,140,,3610,False,
3326,Coarse Grinding Stone,Blacksmithing,True,residue,0,,,75,100,,,False,
3328,Rough Bronze Shoulders,Blacksmithing,True,residue,0,,,140,170,,,False,
3330,Silvered Bronze Shoulders,Blacksmithing,True,item,0,125,db2:item-req,155,185,,2882,False,
3331,Silvered Bronze Boots,Blacksmithing,True,residue,0,,,160,190,,,False,
3333,Silvered Bronze Gauntlets,Blacksmithing,True,residue,0,,,165,195,,,False,
3334,Green Iron Boots,Blacksmithing,True,item,0,145,db2:item-req,175,205,,3611,False,
3336,Green Iron Gauntlets,Blacksmithing,True,item,0,150,db2:item-req,180,210,,3612,False,
3337,Heavy Grinding Stone,Blacksmithing,True,residue,0,,,125,150,,,False,
3491,Big Bronze Knife,Blacksmithing,True,residue,0,,,135,165,,,False,
3492,Hardened Iron Shortsword,Blacksmithing,True,item,0,160,db2:item-req,185,210,,12162,False,
3493,Jade Serpentblade,Blacksmithing,True,item,0,175,db2:item-req,200,225,,3866,False,
3494,Solid Iron Maul,Blacksmithing,True,item,0,155,db2:item-req,180,205,,10858,False,
3495,Golden Iron Destroyer,Blacksmithing,True,item,0,170,db2:item-req,195,220,,3867,False,
3496,Moonsteel Broadsword,Blacksmithing,True,item,0,180,db2:item-req,205,230,,12163,False,
3497,Frost Tiger Blade,Blacksmithing,True,item,0,200,db2:item-req,225,250,,3868,False,
3498,Massive Iron Axe,Blacksmithing,True,item,0,185,db2:item-req,210,235,,12164,False,
3500,Shadow Crescent Axe,Blacksmithing,True,item,0,200,db2:item-req,225,250,,3869,False,
3501,Green Iron Bracers,Blacksmithing,True,residue,0,,,190,215,,,False,
3502,Green Iron Helm,Blacksmithing,True,residue,0,,,195,220,,,False,
3503,Golden Scale Coif,Blacksmithing,True,item,0,190,db2:item-req,215,240,,6047,False,
3504,Green Iron Shoulders,Blacksmithing,True,item,0,160,db2:item-req,185,210,,3870,False,
3505,Golden Scale Shoulders,Blacksmithing,True,item,0,175,db2:item-req,200,225,,3871,False,
3506,Green Iron Leggings,Blacksmithing,True,residue,0,,,180,205,,,False,
3507,Golden Scale Leggings,Blacksmithing,True,item,0,170,db2:item-req,195,220,,3872,False,
3508,Green Iron Hauberk,Blacksmithing,True,residue,0,,,205,230,,,False,
3511,Golden Scale Cuirass,Blacksmithing,True,item,0,195,db2:item-req,220,245,,3873,False,
3513,Polished Steel Boots,Blacksmithing,True,item,0,185,db2:item-req,210,235,,3874,False,
3515,Golden Scale Boots,Blacksmithing,True,item,0,200,db2:item-req,225,250,,3875,False,
3538,Blacksmithing,Blacksmithing,False,trainer-rank,0,,,,,,,False,
6517,Pearl-handled Dagger,Blacksmithing,True,residue,0,,,140,170,,,False,
6518,Iridescent Hammer,Blacksmithing,True,item,0,140,db2:item-req,170,200,,5543,False,
7221,Iron Shield Spike,Blacksmithing,True,item,0,150,db2:item-req,180,210,,6044,False,
7222,Iron Counterweight,Blacksmithing,True,item,0,165,db2:item-req,190,215,,6045,False,
7223,Golden Scale Bracers,Blacksmithing,True,residue,0,,,210,235,,,False,
7224,Steel Weapon Chain,Blacksmithing,True,item,0,190,db2:item-req,215,240,,6046,False,
7408,Heavy Copper Maul,Blacksmithing,True,residue,0,,,105,145,,,False,
7817,Rough Bronze Boots,Blacksmithing,True,residue,0,,,125,155,,,False,
8366,Ironforge Chain,Blacksmithing,True,item,0,70,db2:item-req,110,150,,6734,False,
8367,Ironforge Breastplate,Blacksmithing,True,item,0,100,db2:item-req,140,180,,6735,False,
8368,Ironforge Gauntlets,Blacksmithing,True,item,0,140,db2:item-req,170,200,,6736,False,
8768,Iron Buckle,Blacksmithing,True,residue,0,,,150,155,,,False,
8880,Copper Dagger,Blacksmithing,True,residue,0,,,70,110,,,False,
9785,Blacksmithing,Blacksmithing,False,trainer-rank,0,,,,,,,False,
9811,Barbaric Iron Shoulders,Blacksmithing,True,item,0,160,db2:item-req,185,210,,7978,False,
9813,Barbaric Iron Breastplate,Blacksmithing,True,item,0,160,db2:item-req,185,210,,7979,False,
9814,Barbaric Iron Helm,Blacksmithing,True,item,0,175,db2:item-req,200,225,,7980,False,
9818,Barbaric Iron Boots,Blacksmithing,True,item,0,180,db2:item-req,205,230,,7981,False,
9820,Barbaric Iron Gloves,Blacksmithing,True,item,0,185,db2:item-req,210,235,,7982,False,
9916,Steel Breastplate,Blacksmithing,True,residue,0,,,225,250,,,False,
9918,Solid Sharpening Stone,Blacksmithing,True,residue,0,,,200,210,,,False,
9920,Solid Grinding Stone,Blacksmithing,True,residue,0,,,200,210,,,False,
9921,Solid Weightstone,Blacksmithing,True,residue,0,,,200,210,,,False,
9926,Heavy Mithril Shoulder,Blacksmithing,True,residue,0,,,225,245,,,False,
9928,Heavy Mithril Gauntlet,Blacksmithing,True,residue,0,,,225,245,,,False,
9931,Mithril Scale Pants,Blacksmithing,True,residue,0,,,230,250,,,False,
9933,Heavy Mithril Pants,Blacksmithing,True,item,0,210,db2:item-req,230,250,,7975,False,
9935,Steel Plate Helm,Blacksmithing,True,residue,0,,,235,255,,,False,
9937,Mithril Scale Bracers,Blacksmithing,True,item,0,215,db2:item-req,235,255,,7995,False,
9939,Mithril Shield Spike,Blacksmithing,True,item,0,215,db2:item-req,235,255,,7976,False,
9942,Mithril Scale Gloves,Blacksmithing,True,item,0,220,db2:item-req,240,260,,7977,False,
9945,Ornate Mithril Pants,Blacksmithing,True,item,0,220,db2:item-req,240,260,,7983,False,
9950,Ornate Mithril Gloves,Blacksmithing,True,item,0,220,db2:item-req,240,260,,7984,False,
9952,Ornate Mithril Shoulder,Blacksmithing,True,item,0,225,db2:item-req,245,265,,7985,False,
9954,Truesilver Gauntlets,Blacksmithing,True,residue,0,,,245,265,,,False,
9957,Orcish War Leggings,Blacksmithing,True,item,0,230,db2:item-req,250,270,,7994,False,
9959,Heavy Mithril Breastplate,Blacksmithing,True,residue,0,,,250,270,,,False,
9961,Mithril Coif,Blacksmithing,True,residue,0,,,250,270,,,False,
9964,Mithril Spurs,Blacksmithing,True,item,0,235,db2:item-req,255,275,,7989,False,
9966,Mithril Scale Shoulders,Blacksmithing,True,item,0,235,db2:item-req,255,275,,7991,False,
9968,Heavy Mithril Boots,Blacksmithing,True,residue,0,,,255,275,,,False,
9970,Heavy Mithril Helm,Blacksmithing,True,item,0,245,db2:item-req,255,275,,7990,False,
9972,Ornate Mithril Breastplate,Blacksmithing,True,item,0,240,db2:item-req,260,280,,7986,False,
9974,Truesilver Breastplate,Blacksmithing,True,residue,0,,,265,285,,,False,
9979,Ornate Mithril Boots,Blacksmithing,True,item,0,245,db2:item-req,265,285,,7988,False,
9980,Ornate Mithril Helm,Blacksmithing,True,item,0,245,db2:item-req,265,285,,7987,False,
9983,Copper Claymore,Blacksmithing,True,residue,0,,,70,110,,,False,
9985,Bronze Warhammer,Blacksmithing,True,residue,0,,,155,185,,,False,
9986,Bronze Greatsword,Blacksmithing,True,residue,0,,,160,190,,,False,
9987,Bronze Battle Axe,Blacksmithing,True,residue,0,,,165,195,,,False,
9993,Heavy Mithril Axe,Blacksmithing,True,residue,0,,,235,260,,,False,
9995,Blue Glittering Axe,Blacksmithing,True,item,0,220,db2:item-req,245,270,,7992,False,
9997,Wicked Mithril Blade,Blacksmithing,True,item,0,225,db2:item-req,250,275,,8029,False,
10001,Big Black Mace,Blacksmithing,True,residue,0,,,255,280,,,False,
10003,The Shatterer,Blacksmithing,True,residue,0,,,260,285,,,False,
10005,Dazzling Mithril Rapier,Blacksmithing,True,item,0,240,db2:item-req,265,290,,7993,False,
10007,Phantom Blade,Blacksmithing,True,item,0,270,db2:item-req,270,295,,74274,False,
10009,Runed Mithril Hammer,Blacksmithing,True,item,0,245,db2:item-req,270,295,,8028,False,
10011,Blight,Blacksmithing,True,residue,0,,,275,300,,,False,
10013,Ebon Shiv,Blacksmithing,True,item,0,255,db2:item-req,280,305,,8030,False,
10015,Truesilver Champion,Blacksmithing,True,residue,0,,,285,310,,,False,
11454,Inlaid Mithril Cylinder,Blacksmithing,True,item,0,200,db2:item-req,225,250,,10713,False,
11643,Golden Scale Gauntlets,Blacksmithing,True,item,0,205,db2:item-req,225,245,,9367,False,
12259,Silvered Bronze Leggings,Blacksmithing,True,item,0,155,db2:item-req,180,205,,10424,False,
12260,Rough Copper Vest,Blacksmithing,True,auto,1,,rule:orange1-candidate,15,55,,,False,
15292,Dark Iron Pulverizer,Blacksmithing,True,item,0,265,db2:item-req,285,305,,11610,False,
15293,Dark Iron Mail,Blacksmithing,True,item,0,270,db2:item-req,290,310,,11614,False,
15294,Dark Iron Sunderer,Blacksmithing,True,item,0,275,db2:item-req,295,315,,11611,False,
15295,Dark Iron Shoulders,Blacksmithing,True,item,0,280,db2:item-req,300,320,,11615,False,
15296,Dark Iron Plate,Blacksmithing,True,item,0,285,db2:item-req,305,325,,11612,False,
15972,Glinting Steel Dagger,Blacksmithing,True,residue,0,,,205,230,,,False,
15973,Searing Golden Blade,Blacksmithing,True,item,0,190,db2:item-req,215,240,,12261,False,
16639,Dense Grinding Stone,Blacksmithing,True,residue,0,,,255,260,,,False,
16640,Dense Weightstone,Blacksmithing,True,residue,0,,,255,260,,,False,
16641,Dense Sharpening Stone,Blacksmithing,True,residue,0,,,255,260,,,False,
16642,Thorium Armor,Blacksmithing,True,item,0,250,db2:item-req,270,290,,12682,False,
16643,Thorium Belt,Blacksmithing,True,item,0,250,db2:item-req,270,290,,12683,False,
16644,Thorium Bracers,Blacksmithing,True,item,0,255,db2:item-req,275,295,,12684,False,
16645,Radiant Belt,Blacksmithing,True,item,0,260,db2:item-req,280,300,,12685,False,
16646,Imperial Plate Shoulders,Blacksmithing,True,item,0,265,db2:item-req,285,305,,12687,False,
16647,Imperial Plate Belt,Blacksmithing,True,item,0,265,db2:item-req,285,305,,12688,False,
16648,Radiant Breastplate,Blacksmithing,True,item,0,270,db2:item-req,290,310,,12689,False,
16649,Imperial Plate Bracers,Blacksmithing,True,item,0,270,db2:item-req,290,310,,12690,False,
16650,Wildthorn Mail,Blacksmithing,True,item,0,270,db2:item-req,290,310,,12691,False,
16651,Thorium Shield Spike,Blacksmithing,True,item,0,275,db2:item-req,295,315,,12692,False,
16652,Thorium Boots,Blacksmithing,True,item,0,280,db2:item-req,300,320,,12693,False,
16653,Thorium Helm,Blacksmithing,True,item,0,280,db2:item-req,300,320,,12694,False,
16654,Radiant Gloves,Blacksmithing,True,item,0,285,db2:item-req,305,325,,12695,False,
16655,Fiery Plate Gauntlets,Blacksmithing,True,item,0,290,db2:item-req,310,330,,12699,False,
16656,Radiant Boots,Blacksmithing,True,item,0,290,db2:item-req,310,330,,12697,False,
16657,Imperial Plate Boots,Blacksmithing,True,item,0,295,db2:item-req,315,335,,12700,False,
16658,Imperial Plate Helm,Blacksmithing,True,item,0,295,db2:item-req,315,335,,12701,False,
16659,Radiant Circlet,Blacksmithing,True,item,0,295,db2:item-req,315,335,,12702,False,
16660,Dawnbringer Shoulders,Blacksmithing,True,item,0,290,db2:item-req,310,330,,12698,False,
16661,Storm Gauntlets,Blacksmithing,True,item,0,295,db2:item-req,315,335,,12703,False,
16662,Thorium Leggings,Blacksmithing,True,item,0,300,db2:item-req,320,340,,12704,False,
16663,Imperial Plate Chest,Blacksmithing,True,item,0,300,db2:item-req,320,340,,12705,False,
16664,Runic Plate Shoulders,Blacksmithing,True,item,0,300,db2:item-req,320,340,,12706,False,
16665,Runic Plate Boots,Blacksmithing,True,item,0,300,db2:item-req,320,340,,12707,False,
16667,Demon Forged Breastplate,Blacksmithing,True,item,0,285,db2:item-req,305,325,,12696,False,
16724,Whitesoul Helm,Blacksmithing,True,item,0,300,db2:item-req,320,340,,12711,False,
16725,Radiant Leggings,Blacksmithing,True,item,0,300,db2:item-req,320,340,,12713,False,
16726,Runic Plate Helm,Blacksmithing,True,item,0,300,db2:item-req,320,340,,12714,False,
16728,Helm of the Great Chief,Blacksmithing,True,item,0,300,db2:item-req,320,340,,12716,False,
16729,Lionheart Helm,Blacksmithing,True,item,0,300,db2:item-req,320,340,,12717,False,
16730,Imperial Plate Leggings,Blacksmithing,True,item,0,300,db2:item-req,320,340,,12715,False,
16731,Runic Breastplate,Blacksmithing,True,item,0,300,db2:item-req,320,340,,12718,False,
16732,Runic Plate Leggings,Blacksmithing,True,item,0,300,db2:item-req,320,340,,12719,False,
16741,Stronghold Gauntlets,Blacksmithing,True,item,0,300,db2:item-req,320,340,,12720,False,
16742,Enchanted Thorium Helm,Blacksmithing,True,item,0,300,db2:item-req,320,340,,12725,False,
16744,Enchanted Thorium Leggings,Blacksmithing,True,item,0,300,db2:item-req,320,340,,12726,False,
16745,Enchanted Thorium Breastplate,Blacksmithing,True,item,0,300,db2:item-req,320,340,,12727,False,
16746,Invulnerable Mail,Blacksmithing,True,item,0,300,db2:item-req,320,340,,12728,False,
16960,Thorium Greatsword,Blacksmithing,True,item,0,260,db2:item-req,285,310,,12816,False,
16965,Bleakwood Hew,Blacksmithing,True,item,0,270,db2:item-req,295,320,,12817,False,
16967,Inlaid Thorium Hammer,Blacksmithing,True,item,0,270,db2:item-req,295,320,,12818,False,
16969,Ornate Thorium Handaxe,Blacksmithing,True,item,0,275,db2:item-req,300,325,,12819,False,
16970,Dawn's Edge,Blacksmithing,True,item,0,275,db2:item-req,300,325,,12821,False,
16971,Huge Thorium Battleaxe,Blacksmithing,True,item,0,280,db2:item-req,305,330,,12823,False,
16973,Enchanted Battlehammer,Blacksmithing,True,item,0,280,db2:item-req,305,330,,12824,False,
16978,Blazing Rapier,Blacksmithing,True,item,0,280,db2:item-req,305,330,,12825,False,
16980,Rune Edge,Blacksmithing,True,item,0,285,db2:item-req,310,335,,12826,False,
16983,Serenity,Blacksmithing,True,item,0,285,db2:item-req,310,335,,12827,False,
16984,Volcanic Hammer,Blacksmithing,True,item,0,290,db2:item-req,315,340,,12828,False,
16985,Corruption,Blacksmithing,True,item,0,290,db2:item-req,315,340,,12830,False,
16986,Blood Talon,Blacksmithing,True,item,0,300,db2:item-req,325,350,,12831,False,
16987,Darkspear,Blacksmithing,True,item,0,300,db2:item-req,325,350,,12832,False,
16988,Hammer of the Titans,Blacksmithing,True,item,0,300,db2:item-req,320,340,,12833,False,
16990,Arcanite Champion,Blacksmithing,True,item,0,300,db2:item-req,320,340,,12834,False,
16991,Annihilator,Blacksmithing,True,item,0,300,db2:item-req,320,340,,12835,False,
16992,Frostguard,Blacksmithing,True,item,0,300,db2:item-req,320,340,,12836,False,
16993,Masterwork Stormhammer,Blacksmithing,True,item,0,300,db2:item-req,320,340,,12837,False,
16994,Arcanite Reaper,Blacksmithing,True,item,0,300,db2:item-req,320,340,,12838,False,
16995,Heartseeker,Blacksmithing,True,item,0,300,db2:item-req,320,340,,12839,False,
19666,Silver Skeleton Key,Blacksmithing,True,residue,0,,,100,120,,,False,
19667,Golden Skeleton Key,Blacksmithing,True,residue,0,,,150,170,,,False,
19668,Truesilver Skeleton Key,Blacksmithing,True,residue,0,,,200,220,,,False,
19669,Arcanite Skeleton Key,Blacksmithing,True,residue,0,,,275,285,,,False,
20872,Fiery Chain Girdle,Blacksmithing,True,item,0,295,db2:item-req,315,335,,17049,False,
20873,Fiery Chain Shoulders,Blacksmithing,True,item,0,300,db2:item-req,320,340,,17053,False,
20874,Dark Iron Bracers,Blacksmithing,True,item,0,295,db2:item-req,315,335,,17051,False,
20876,Dark Iron Leggings,Blacksmithing,True,item,0,300,db2:item-req,320,340,,17052,False,
20890,Dark Iron Reaver,Blacksmithing,True,item,0,300,db2:item-req,320,340,,17059,False,
20897,Dark Iron Destroyer,Blacksmithing,True,item,0,300,db2:item-req,320,340,,17060,False,
21161,Sulfuron Hammer,Blacksmithing,True,item,0,300,db2:item-req,325,350,,18592,False,
21913,Edge of Winter,Blacksmithing,True,item,0,190,db2:item-req,215,240,,17706,False,
22757,Elemental Sharpening Stone,Blacksmithing,True,item,0,300,db2:item-req,300,320,,18264,False,
23628,Heavy Timbermaw Belt,Blacksmithing,True,item,0,290,db2:item-req,310,330,,19202,False,
23629,Heavy Timbermaw Boots,Blacksmithing,True,item,0,300,db2:item-req,320,340,,19204,False,
23632,Girdle of the Dawn,Blacksmithing,True,item,0,290,db2:item-req,310,330,,19203,False,
23633,Gloves of the Dawn,Blacksmithing,True,item,0,300,db2:item-req,320,340,,19205,False,
23636,Dark Iron Helm,Blacksmithing,True,item,0,300,db2:item-req,320,340,,19206,False,
23637,Dark Iron Gauntlets,Blacksmithing,True,item,0,300,db2:item-req,320,340,,19207,False,
23638,Black Amnesty,Blacksmithing,True,item,0,300,db2:item-req,320,340,,19208,False,
23639,Blackfury,Blacksmithing,True,item,0,300,db2:item-req,320,340,,19209,False,
23650,Ebon Hand,Blacksmithing,True,item,0,300,db2:item-req,320,340,,19210,False,
23652,Blackguard,Blacksmithing,True,item,0,300,db2:item-req,320,340,,19211,False,
23653,Nightfall,Blacksmithing,True,item,0,300,db2:item-req,320,340,,19212,False,
24136,Bloodsoul Breastplate,Blacksmithing,True,item,0,300,db2:item-req,320,340,,19776,False,
24137,Bloodsoul Shoulders,Blacksmithing,True,item,0,300,db2:item-req,320,340,,19777,False,
24138,Bloodsoul Gauntlets,Blacksmithing,True,item,0,300,db2:item-req,320,340,,19778,False,
24139,Darksoul Breastplate,Blacksmithing,True,item,0,300,db2:item-req,320,340,,19779,False,
24140,Darksoul Leggings,Blacksmithing,True,item,0,300,db2:item-req,320,340,,19780,False,
24141,Darksoul Shoulders,Blacksmithing,True,item,0,300,db2:item-req,320,340,,19781,False,
24399,Dark Iron Boots,Blacksmithing,True,item,0,300,db2:item-req,320,340,,20040,False,
24912,Darkrune Gauntlets,Blacksmithing,True,item,0,300,db2:item-req,320,340,,20553,False,
24913,Darkrune Helm,Blacksmithing,True,item,0,300,db2:item-req,320,340,,20555,False,
24914,Darkrune Breastplate,Blacksmithing,True,item,0,300,db2:item-req,320,340,,20554,False,
27585,Heavy Obsidian Belt,Blacksmithing,True,item,0,300,db2:item-req,320,340,,22209,False,
27586,Jagged Obsidian Shield,Blacksmithing,True,item,0,300,db2:item-req,320,340,,22219,False,
27587,Thick Obsidian Breastplate,Blacksmithing,True,item,0,300,db2:item-req,320,340,,22222,False,
27588,Light Obsidian Belt,Blacksmithing,True,item,0,300,db2:item-req,320,340,,22214,False,
27589,Black Grasp of the Destroyer,Blacksmithing,True,item,0,300,db2:item-req,320,340,,22220,False,
27590,Obsidian Mail Tunic,Blacksmithing,True,item,0,300,db2:item-req,320,340,,22221,False,
27829,Titanic Leggings,Blacksmithing,True,item,0,300,db2:item-req,320,340,,22388,False,
27830,Persuader,Blacksmithing,True,item,0,300,db2:item-req,320,340,,22390,False,
27832,Sageblade,Blacksmithing,True,item,0,300,db2:item-req,320,340,,22389,False,
28242,Icebane Breastplate,Blacksmithing,True,item,0,300,db2:item-req,320,340,,22703,False,
28243,Icebane Gauntlets,Blacksmithing,True,item,0,300,db2:item-req,320,340,,22704,False,
28244,Icebane Bracers,Blacksmithing,True,item,0,300,db2:item-req,320,340,,22705,False,
28461,Ironvine Breastplate,Blacksmithing,True,item,0,300,db2:item-req,320,340,,22766,False,
28462,Ironvine Gloves,Blacksmithing,True,item,0,300,db2:item-req,320,340,,22767,False,
28463,Ironvine Belt,Blacksmithing,True,item,0,300,db2:item-req,320,340,,22768,False,
29545,Fel Iron Plate Gloves,Blacksmithing,True,residue,0,,,310,330,,,False,
29547,Fel Iron Plate Belt,Blacksmithing,True,residue,0,,,315,335,,,False,
29548,Fel Iron Plate Boots,Blacksmithing,True,residue,0,,,325,345,,,False,
29549,Fel Iron Plate Pants,Blacksmithing,True,residue,0,,,325,345,,,False,
29550,Fel Iron Breastplate,Blacksmithing,True,residue,0,,,335,355,,,False,
29551,Fel Iron Chain Coif,Blacksmithing,True,residue,0,,,310,330,,,False,
29552,Fel Iron Chain Gloves,Blacksmithing,True,residue,0,,,320,340,,,False,
29553,Fel Iron Chain Bracers,Blacksmithing,True,residue,0,,,325,345,,,False,
29556,Fel Iron Chain Tunic,Blacksmithing,True,residue,0,,,330,350,,,False,
29557,Fel Iron Hatchet,Blacksmithing,True,residue,0,,,320,340,,,False,
29558,Fel Iron Hammer,Blacksmithing,True,residue,0,,,325,345,,,False,
29565,Fel Iron Greatsword,Blacksmithing,True,residue,0,,,330,350,,,False,
29566,Adamantite Maul,Blacksmithing,True,item,0,325,db2:item-req,335,355,,23590,False,
29568,Adamantite Cleaver,Blacksmithing,True,item,0,330,db2:item-req,340,360,,23591,False,
29569,Adamantite Dagger,Blacksmithing,True,item,0,330,db2:item-req,340,360,,23592,False,
29571,Adamantite Rapier,Blacksmithing,True,item,0,335,db2:item-req,345,365,,23593,False,
29603,Adamantite Plate Bracers,Blacksmithing,True,item,0,335,db2:item-req,345,365,,23594,False,
29605,Adamantite Plate Gloves,Blacksmithing,True,item,0,335,db2:item-req,345,365,,23595,False,
29606,Adamantite Breastplate,Blacksmithing,True,item,0,340,db2:item-req,350,370,,23596,False,
29608,Enchanted Adamantite Belt,Blacksmithing,True,item,0,355,db2:item-req,365,385,,23597,False,
29610,Enchanted Adamantite Breastplate,Blacksmithing,True,item,0,360,db2:item-req,370,390,,23599,False,
29611,Enchanted Adamantite Boots,Blacksmithing,True,item,0,355,db2:item-req,365,385,,23598,False,
29613,Enchanted Adamantite Leggings,Blacksmithing,True,item,0,365,db2:item-req,375,395,,23600,False,
29614,Flamebane Bracers,Blacksmithing,True,item,0,350,db2:item-req,360,380,,23601,False,
29615,Flamebane Helm,Blacksmithing,True,item,0,355,db2:item-req,365,385,,23602,False,
29616,Flamebane Gloves,Blacksmithing,True,item,0,360,db2:item-req,370,390,,23603,False,
29617,Flamebane Breastplate,Blacksmithing,True,item,0,365,db2:item-req,375,395,,23604,False,
29619,Felsteel Gloves,Blacksmithing,True,item,0,360,db2:item-req,370,390,,23605,False,
29620,Felsteel Leggings,Blacksmithing,True,item,0,360,db2:item-req,370,390,,23606,False,
29621,Felsteel Helm,Blacksmithing,True,item,0,365,db2:item-req,375,395,,23607,False,
29622,Gauntlets of the Iron Tower,Blacksmithing,True,item,0,365,db2:item-req,375,395,,23621,False,
29628,Khorium Belt,Blacksmithing,True,item,0,360,db2:item-req,370,390,,23608,False,
29629,Khorium Pants,Blacksmithing,True,item,0,360,db2:item-req,370,390,,23609,False,
29630,Khorium Boots,Blacksmithing,True,item,0,365,db2:item-req,375,395,,23610,False,
29642,Ragesteel Gloves,Blacksmithing,True,item,0,365,db2:item-req,375,395,,23611,False,
29643,Ragesteel Helm,Blacksmithing,True,item,0,365,db2:item-req,375,395,,23612,False,
29645,Ragesteel Breastplate,Blacksmithing,True,item,0,370,db2:item-req,380,400,,23613,False,
29648,Swiftsteel Gloves,Blacksmithing,True,item,0,370,db2:item-req,380,400,,23615,False,
29649,Earthpeace Breastplate,Blacksmithing,True,item,0,370,db2:item-req,380,400,,23617,False,
29654,Fel Sharpening Stone,Blacksmithing,True,residue,0,,,300,310,,,False,
29656,Adamantite Sharpening Stone,Blacksmithing,True,item,0,350,db2:item-req,350,360,,23618,False,
29657,Felsteel Shield Spike,Blacksmithing,True,item,0,360,db2:item-req,370,390,,23619,False,
29658,Felfury Gauntlets,Blacksmithing,True,item,0,365,db2:item-req,375,395,,23620,False,
29662,Steelgrip Gauntlets,Blacksmithing,True,item,0,365,db2:item-req,375,395,,23622,False,
29663,Storm Helm,Blacksmithing,True,item,0,365,db2:item-req,375,395,,23623,False,
29664,Helm of the Stalwart Defender,Blacksmithing,True,item,0,365,db2:item-req,375,395,,23624,False,
29668,Oathkeeper's Helm,Blacksmithing,True,item,0,365,db2:item-req,375,395,,23625,False,
29669,Black Felsteel Bracers,Blacksmithing,True,item,0,365,db2:item-req,375,395,,23626,False,
29671,Bracers of the Green Fortress,Blacksmithing,True,item,0,365,db2:item-req,375,395,,23627,False,
29672,Blessed Bracers,Blacksmithing,True,item,0,365,db2:item-req,375,395,,23628,False,
29692,Felsteel Longblade,Blacksmithing,True,item,0,365,db2:item-req,375,395,,23629,False,
29693,Khorium Champion,Blacksmithing,True,item,0,365,db2:item-req,375,395,,23630,False,
29694,Fel Edged Battleaxe,Blacksmithing,True,item,0,365,db2:item-req,375,395,,23631,False,
29695,Felsteel Reaper,Blacksmithing,True,item,0,365,db2:item-req,375,395,,23632,False,
29696,Runic Hammer,Blacksmithing,True,item,0,365,db2:item-req,375,395,,23633,False,
29697,Fel Hardened Maul,Blacksmithing,True,item,0,365,db2:item-req,375,395,,23634,False,
29698,Eternium Runed Blade,Blacksmithing,True,item,0,365,db2:item-req,375,395,,23635,False,
29699,Dirge,Blacksmithing,True,item,0,365,db2:item-req,375,395,,23636,False,
29700,Hand of Eternity,Blacksmithing,True,item,0,365,db2:item-req,375,395,,23637,False,
29728,Lesser Ward of Shielding,Blacksmithing,True,item,0,340,db2:item-req,340,350,,23638,False,
29729,Greater Ward of Shielding,Blacksmithing,True,item,0,375,db2:item-req,375,375,,23639,False,
29844,Blacksmithing,Blacksmithing,False,trainer-rank,0,,,,,,,False,
32284,Lesser Rune of Warding,Blacksmithing,True,residue,0,,,325,335,,,False,
32285,Greater Rune of Warding,Blacksmithing,True,item,0,350,db2:item-req,350,360,,25526,False,
34529,Nether Chain Shirt,Blacksmithing,True,residue,0,,,360,380,,,False,
34530,Twisting Nether Chain Shirt,Blacksmithing,True,residue,0,,,385,405,,,False,
34533,Breastplate of Kings,Blacksmithing,True,residue,0,,,360,380,,,False,
34534,Bulwark of Kings,Blacksmithing,True,residue,0,,,385,405,,,False,
34535,Fireguard,Blacksmithing,True,residue,0,,,360,380,,,False,
34537,Blazeguard,Blacksmithing,True,residue,0,,,385,405,,,False,
34538,Lionheart Blade,Blacksmithing,True,residue,0,,,360,380,,,False,
34540,Lionheart Champion,Blacksmithing,True,residue,0,,,385,405,,,False,
34541,The Planar Edge,Blacksmithing,True,residue,0,,,360,380,,,False,
34542,Black Planar Edge,Blacksmithing,True,residue,0,,,385,405,,,False,
34543,Lunar Crescent,Blacksmithing,True,residue,0,,,360,380,,,False,
34544,Mooncleaver,Blacksmithing,True,residue,0,,,385,405,,,False,
34545,Drakefist Hammer,Blacksmithing,True,residue,0,,,360,380,,,False,
34546,Dragonmaw,Blacksmithing,True,residue,0,,,385,405,,,False,
34547,Thunder,Blacksmithing,True,residue,0,,,360,380,,,False,
34548,Deep Thunder,Blacksmithing,True,residue,0,,,385,405,,,False,
34607,Fel Weightstone,Blacksmithing,True,residue,0,,,300,310,,,False,
34608,Adamantite Weightstone,Blacksmithing,True,item,0,350,db2:item-req,350,360,,28632,False,
36122,Earthforged Leggings,Blacksmithing,True,residue,0,,,280,300,,,False,
36124,Windforged Leggings,Blacksmithing,True,residue,0,,,280,300,,,False,
36125,Light Earthforged Blade,Blacksmithing,True,residue,0,,,280,300,,,False,
36126,Light Skyforged Axe,Blacksmithing,True,residue,0,,,280,300,,,False,
36128,Light Emberforged Hammer,Blacksmithing,True,residue,0,,,280,300,,,False,
36129,Heavy Earthforged Breastplate,Blacksmithing,True,residue,0,,,340,360,,,False,
36130,Stormforged Hauberk,Blacksmithing,True,residue,0,,,340,360,,,False,
36131,Windforged Rapier,Blacksmithing,True,residue,0,,,340,360,,,False,
36133,Stoneforged Claymore,Blacksmithing,True,residue,0,,,340,360,,,False,
36134,Stormforged Axe,Blacksmithing,True,residue,0,,,340,360,,,False,
36135,Skyforged Great Axe,Blacksmithing,True,residue,0,,,340,360,,,False,
36136,Lavaforged Warhammer,Blacksmithing,True,residue,0,,,340,360,,,False,
36137,Great Earthforged Hammer,Blacksmithing,True,residue,0,,,340,360,,,False,
36256,Embrace of the Twisting Nether,Blacksmithing,True,residue,0,,,385,405,,,False,
36257,Bulwark of the Ancient Kings,Blacksmithing,True,residue,0,,,385,405,,,False,
36258,Blazefury,Blacksmithing,True,residue,0,,,385,405,,,False,
36259,Lionheart Executioner,Blacksmithing,True,residue,0,,,385,405,,,False,
36260,Wicked Edge of the Planes,Blacksmithing,True,residue,0,,,385,405,,,False,
36261,Bloodmoon,Blacksmithing,True,residue,0,,,385,405,,,False,
36262,Dragonstrike,Blacksmithing,True,residue,0,,,385,405,,,False,
36263,Stormherald,Blacksmithing,True,residue,0,,,385,405,,,False,
36389,Belt of the Guardian,Blacksmithing,True,item,0,375,db2:item-req,385,405,,30321,False,
36390,Red Belt of Battle,Blacksmithing,True,item,0,375,db2:item-req,385,405,,30322,False,
36391,Boots of the Protector,Blacksmithing,True,item,0,375,db2:item-req,385,405,,30323,False,
36392,Red Havoc Boots,Blacksmithing,True,item,0,375,db2:item-req,385,405,,30324,False,
38473,Wildguard Breastplate,Blacksmithing,True,item,0,375,db2:item-req,385,405,,31390,False,
38475,Wildguard Leggings,Blacksmithing,True,item,0,375,db2:item-req,385,405,,31391,False,
38476,Wildguard Helm,Blacksmithing,True,item,0,375,db2:item-req,385,405,,31392,False,
38477,Iceguard Breastplate,Blacksmithing,True,item,0,375,db2:item-req,385,405,,31393,False,
38478,Iceguard Leggings,Blacksmithing,True,item,0,375,db2:item-req,385,405,,31394,False,
38479,Iceguard Helm,Blacksmithing,True,item,0,375,db2:item-req,385,405,,31395,False,
40033,Shadesteel Sabots,Blacksmithing,True,item,0,375,db2:item-req,385,405,,32441,False,
40034,Shadesteel Bracers,Blacksmithing,True,item,0,375,db2:item-req,385,405,,32442,False,
40035,Shadesteel Greaves,Blacksmithing,True,item,0,375,db2:item-req,385,405,,32443,False,
40036,Shadesteel Girdle,Blacksmithing,True,item,0,375,db2:item-req,385,405,,32444,False,
41132,Swiftsteel Bracers,Blacksmithing,True,item,0,375,db2:item-req,385,405,,32736,False,
41133,Swiftsteel Shoulders,Blacksmithing,True,item,0,375,db2:item-req,385,405,,32737,False,
41134,Dawnsteel Bracers,Blacksmithing,True,item,0,375,db2:item-req,385,405,,32738,False,
41135,Dawnsteel Shoulders,Blacksmithing,True,item,0,375,db2:item-req,385,405,,32739,False,
42662,Ragesteel Shoulders,Blacksmithing,True,item,0,365,db2:item-req,375,395,,33174,False,
42688,Adamantite Weapon Chain,Blacksmithing,True,item,0,335,db2:item-req,345,355,,33186,False,
43549,Heavy Copper Longsword,Blacksmithing,True,item,0,35,db2:item-req,75,115,,33792,False,
43846,Hammer of Righteous Might,Blacksmithing,True,item,0,365,db2:item-req,375,395,,33954,False,
46140,Sunblessed Gauntlets,Blacksmithing,True,item,0,365,db2:item-req,375,410,,35556,False,
46141,Hard Khorium Battlefists,Blacksmithing,True,item,0,365,db2:item-req,375,410,,35553,False,
46142,Sunblessed Breastplate,Blacksmithing,True,item,0,365,db2:item-req,375,410,,35555,False,
46144,Hard Khorium Battleplate,Blacksmithing,True,item,0,365,db2:item-req,375,410,,35554,False,
51300,Blacksmithing,Blacksmithing,False,trainer-rank,0,,,,,,,False,
52567,Cobalt Legplates,Blacksmithing,True,residue,0,,,375,385,,,False,
52568,Cobalt Belt,Blacksmithing,True,residue,0,,,360,380,,,False,
52569,Cobalt Boots,Blacksmithing,True,residue,0,,,360,380,,,False,
52570,Cobalt Chestpiece,Blacksmithing,True,residue,0,,,380,390,,,False,
52571,Cobalt Helm,Blacksmithing,True,residue,0,,,375,385,,,False,
52572,Cobalt Shoulders,Blacksmithing,True,residue,0,,,370,380,,,False,
54550,Cobalt Triangle Shield,Blacksmithing,True,residue,0,,,370,380,,,False,
54551,Tempered Saronite Belt,Blacksmithing,True,residue,0,,,400,410,,,False,
54552,Tempered Saronite Boots,Blacksmithing,True,residue,0,,,405,415,,,False,
54553,Tempered Saronite Breastplate,Blacksmithing,True,residue,0,,,405,415,,,False,
54554,Tempered Saronite Legplates,Blacksmithing,True,residue,0,,,400,410,,,False,
54555,Tempered Saronite Helm,Blacksmithing,True,residue,0,,,410,420,,,False,
54556,Tempered Saronite Shoulders,Blacksmithing,True,residue,0,,,410,420,,,False,
54557,Saronite Defender,Blacksmithing,True,residue,0,,,395,405,,,False,
54917,Spiked Cobalt Helm,Blacksmithing,True,residue,0,,,380,390,,,False,
54918,Spiked Cobalt Boots,Blacksmithing,True,residue,0,,,385,395,,,False,
54941,Spiked Cobalt Shoulders,Blacksmithing,True,residue,0,,,390,400,,,False,
54944,Spiked Cobalt Chestpiece,Blacksmithing,True,residue,0,,,390,400,,,False,
54945,Spiked Cobalt Gauntlets,Blacksmithing,True,residue,0,,,395,405,,,False,
54946,Spiked Cobalt Belt,Blacksmithing,True,residue,0,,,400,410,,,False,
54947,Spiked Cobalt Legplates,Blacksmithing,True,residue,0,,,400,410,,,False,
54948,Spiked Cobalt Bracers,Blacksmithing,True,residue,0,,,405,415,,,False,
54949,Horned Cobalt Helm,Blacksmithing,True,residue,0,,,405,415,,,False,
54978,Reinforced Cobalt Shoulders,Blacksmithing,True,item,0,375,db2:item-req,395,405,,41124,False,
54979,Reinforced Cobalt Helm,Blacksmithing,True,item,0,375,db2:item-req,405,415,,41123,False,
54980,Reinforced Cobalt Legplates,Blacksmithing,True,item,0,375,db2:item-req,410,420,,41120,False,
54981,Reinforced Cobalt Chestpiece,Blacksmithing,True,item,0,375,db2:item-req,415,425,,41122,False,
55013,Saronite Protector,Blacksmithing,True,residue,0,,,395,405,,,False,
55014,Saronite Bulwark,Blacksmithing,True,residue,0,,,415,425,,,False,
55015,Tempered Saronite Gauntlets,Blacksmithing,True,residue,0,,,420,430,,,False,
55017,Tempered Saronite Bracers,Blacksmithing,True,residue,0,,,415,425,,,False,
55055,Brilliant Saronite Legplates,Blacksmithing,True,residue,0,,,400,410,,,False,
55056,Brilliant Saronite Gauntlets,Blacksmithing,True,residue,0,,,405,415,,,False,
55057,Brilliant Saronite Boots,Blacksmithing,True,residue,0,,,410,420,,,False,
55058,Brilliant Saronite Breastplate,Blacksmithing,True,residue,0,,,420,430,,,False,
55174,Honed Cobalt Cleaver,Blacksmithing,True,residue,0,,,395,405,,,False,
55177,Savage Cobalt Slicer,Blacksmithing,True,residue,0,,,400,410,,,False,
55179,Saronite Ambusher,Blacksmithing,True,residue,0,,,405,415,,,False,
55181,Saronite Shiv,Blacksmithing,True,residue,0,,,410,420,,,False,
55182,Furious Saronite Beatstick,Blacksmithing,True,residue,0,,,415,425,,,False,
55183,Corroded Saronite Edge,Blacksmithing,True,residue,0,,,420,430,,,False,
55184,Corroded Saronite Woundbringer,Blacksmithing,True,residue,0,,,420,430,,,False,
55185,Saronite Mindcrusher,Blacksmithing,True,residue,0,,,420,430,,,False,
55186,Chestplate of Conquest,Blacksmithing,True,residue,0,,,420,430,,,False,
55187,Legplates of Conquest,Blacksmithing,True,residue,0,,,420,430,,,False,
55200,Sturdy Cobalt Quickblade,Blacksmithing,True,residue,0,,,385,395,,,False,
55201,Cobalt Tenderizer,Blacksmithing,True,residue,0,,,385,395,,,False,
55203,Forged Cobalt Claymore,Blacksmithing,True,residue,0,,,390,400,,,False,
55204,Notched Cobalt War Axe,Blacksmithing,True,residue,0,,,395,405,,,False,
55206,Deadly Saronite Dirk,Blacksmithing,True,residue,0,,,415,425,,,False,
55298,Vengeance Bindings,Blacksmithing,True,residue,0,,,425,435,,,False,
55300,Righteous Gauntlets,Blacksmithing,True,residue,0,,,430,450,,,False,
55301,Daunting Handguards,Blacksmithing,True,residue,0,,,430,450,,,False,
55302,Helm of Command,Blacksmithing,True,residue,0,,,435,455,,,False,
55303,Daunting Legplates,Blacksmithing,True,residue,0,,,435,455,,,False,
55304,Righteous Greaves,Blacksmithing,True,residue,0,,,435,455,,,False,
55305,Savage Saronite Bracers,Blacksmithing,True,residue,0,,,425,435,,,False,
55306,Savage Saronite Pauldrons,Blacksmithing,True,residue,0,,,430,450,,,False,
55307,Savage Saronite Waistguard,Blacksmithing,True,residue,0,,,430,450,,,False,
55308,Savage Saronite Walkers,Blacksmithing,True,residue,0,,,430,450,,,False,
55309,Savage Saronite Gauntlets,Blacksmithing,True,residue,0,,,430,450,,,False,
55310,Savage Saronite Legplates,Blacksmithing,True,residue,0,,,435,455,,,False,
55311,Savage Saronite Hauberk,Blacksmithing,True,residue,0,,,435,455,,,False,
55312,Savage Saronite Skullshield,Blacksmithing,True,residue,0,,,435,455,,,False,
55369,Titansteel Destroyer,Blacksmithing,True,residue,0,,,450,470,,,False,
55370,Titansteel Bonecrusher,Blacksmithing,True,residue,0,,,450,470,,,False,
55371,Titansteel Guardian,Blacksmithing,True,residue,0,,,450,470,,,False,
55372,Spiked Titansteel Helm,Blacksmithing,True,residue,0,,,450,470,,,False,
55373,Tempered Titansteel Helm,Blacksmithing,True,residue,0,,,450,470,,,False,
55374,Brilliant Titansteel Helm,Blacksmithing,True,residue,0,,,450,470,,,False,
55375,Spiked Titansteel Treads,Blacksmithing,True,residue,0,,,450,470,,,False,
55376,Tempered Titansteel Treads,Blacksmithing,True,residue,0,,,450,470,,,False,
55377,Brilliant Titansteel Treads,Blacksmithing,True,residue,0,,,450,470,,,False,
55628,Socket Bracer,Blacksmithing,False,non-craft,0,,,,,,,False,
55641,Socket Gloves,Blacksmithing,False,non-craft,0,,,,,,,False,
55656,Eternal Belt Buckle,Blacksmithing,True,residue,0,,,420,430,,,False,
55834,Cobalt Bracers,Blacksmithing,True,residue,0,,,370,380,,,False,
55835,Cobalt Gauntlets,Blacksmithing,True,residue,0,,,380,390,,,False,
55839,Titanium Weapon Chain,Blacksmithing,True,residue,0,,,425,435,,,False,
56234,Titansteel Shanker,Blacksmithing,True,residue,0,,,450,470,,,False,
56280,Cudgel of Saronite Justice,Blacksmithing,True,residue,0,,,415,425,,,False,
56357,Titanium Shield Spike,Blacksmithing,True,residue,0,,,425,435,,,False,
56400,Titansteel Shield Wall,Blacksmithing,True,residue,0,,,450,470,,,False,
56549,Ornate Saronite Bracers,Blacksmithing,True,residue,0,,,425,435,,,False,
56550,Ornate Saronite Pauldrons,Blacksmithing,True,residue,0,,,430,450,,,False,
56551,Ornate Saronite Waistguard,Blacksmithing,True,residue,0,,,430,450,,,False,
56552,Ornate Saronite Walkers,Blacksmithing,True,residue,0,,,430,450,,,False,
56553,Ornate Saronite Gauntlets,Blacksmithing,True,residue,0,,,430,450,,,False,
56554,Ornate Saronite Legplates,Blacksmithing,True,residue,0,,,435,455,,,False,
56555,Ornate Saronite Hauberk,Blacksmithing,True,residue,0,,,435,455,,,False,
56556,Ornate Saronite Skullshield,Blacksmithing,True,residue,0,,,435,455,,,False,
59405,Cobalt Skeleton Key,Blacksmithing,True,residue,0,,,360,370,,,False,
59406,Titanium Skeleton Key,Blacksmithing,True,residue,0,,,435,445,,,False,
59436,Brilliant Saronite Belt,Blacksmithing,True,residue,0,,,400,410,,,False,
59438,Brilliant Saronite Bracers,Blacksmithing,True,residue,0,,,405,415,,,False,
59440,Brilliant Saronite Pauldrons,Blacksmithing,True,residue,0,,,410,420,,,False,
59441,Brilliant Saronite Helm,Blacksmithing,True,residue,0,,,420,430,,,False,
59442,Saronite Spellblade,Blacksmithing,True,residue,0,,,415,425,,,False,
61008,Icebane Chestguard,Blacksmithing,True,residue,0,,,435,455,,,False,
61009,Icebane Girdle,Blacksmithing,True,residue,0,,,430,450,,,False,
61010,Icebane Treads,Blacksmithing,True,residue,0,,,430,450,,,False,
62202,Titanium Plating,Blacksmithing,True,item,0,450,db2:item-req,455,465,,44937,False,
63182,Titansteel Spellblade,Blacksmithing,True,residue,0,,,450,470,,,False,
63187,Belt of the Titans,Blacksmithing,True,item,0,450,db2:item-req,455,475,,45088,False,
63188,Battlelord's Plate Boots,Blacksmithing,True,item,0,450,db2:item-req,455,475,,45089,False,
63189,Plate Girdle of Righteousness,Blacksmithing,True,item,0,450,db2:item-req,455,475,,45090,False,
63190,Treads of Destiny,Blacksmithing,True,item,0,450,db2:item-req,455,475,,45091,False,
63191,Indestructible Plate Girdle,Blacksmithing,True,item,0,450,db2:item-req,455,475,,45092,False,
63192,Spiked Deathdealers,Blacksmithing,True,item,0,450,db2:item-req,455,475,,45093,False,
67091,Breastplate of the White Knight,Blacksmithing,True,item,0,450,db2:item-req,460,475,,47622,False,
67092,Saronite Swordbreakers,Blacksmithing,True,item,0,450,db2:item-req,460,475,,47623,False,
67093,Titanium Razorplate,Blacksmithing,True,item,0,450,db2:item-req,460,475,,47624,False,
67094,Titanium Spikeguards,Blacksmithing,True,item,0,450,db2:item-req,460,475,,47625,False,
67095,Sunforged Breastplate,Blacksmithing,True,item,0,450,db2:item-req,460,475,,47626,False,
67096,Sunforged Bracers,Blacksmithing,True,item,0,450,db2:item-req,460,475,,47627,False,
67130,Breastplate of the White Knight,Blacksmithing,True,item,0,450,db2:item-req,460,475,,47640,False,
67131,Saronite Swordbreakers,Blacksmithing,True,item,0,450,db2:item-req,460,475,,47641,False,
67132,Titanium Razorplate,Blacksmithing,True,item,0,450,db2:item-req,460,475,,47644,False,
67133,Titanium Spikeguards,Blacksmithing,True,item,0,450,db2:item-req,460,475,,47645,False,
67134,Sunforged Breastplate,Blacksmithing,True,item,0,450,db2:item-req,460,475,,47643,False,
67135,Sunforged Bracers,Blacksmithing,True,item,0,450,db2:item-req,460,475,,47642,False,
70562,Puresteel Legplates,Blacksmithing,True,item,0,450,db2:item-req,475,500,,49969,False,
70563,Protectors of Life,Blacksmithing,True,item,0,450,db2:item-req,475,500,,49970,False,
70565,Legplates of Painful Death,Blacksmithing,True,item,0,450,db2:item-req,475,500,,49971,False,
70566,Hellfrozen Bonegrinders,Blacksmithing,True,item,0,450,db2:item-req,475,500,,49972,False,
70567,Pillars of Might,Blacksmithing,True,item,0,450,db2:item-req,475,500,,49973,False,
70568,Boots of Kingly Upheaval,Blacksmithing,True,item,0,450,db2:item-req,475,500,,49974,False,
76178,Folded Obsidium,Blacksmithing,True,residue,0,,,450,455,,,False,
76179,Hardened Obsidium Bracers,Blacksmithing,True,residue,0,,,460,465,,,False,
76180,Hardened Obsidium Gauntlets,Blacksmithing,True,item,0,425,db2:item-req,460,465,,66063,False,
76181,Hardened Obsidium Belt,Blacksmithing,True,item,0,425,db2:item-req,470,475,,66062,False,
76182,Hardened Obsidium Boots,Blacksmithing,True,item,0,425,db2:item-req,480,485,,66065,False,
76258,Hardened Obsidium Shoulders,Blacksmithing,True,item,0,425,db2:item-req,490,495,,66066,False,
76259,Hardened Obsidium Legguards,Blacksmithing,True,item,0,425,db2:item-req,500,505,,66068,False,
76260,Hardened Obsidium Helm,Blacksmithing,True,item,0,425,db2:item-req,500,505,,66069,False,
76261,Hardened Obsidium Breastplate,Blacksmithing,True,item,0,425,db2:item-req,510,515,,66071,False,
76262,Redsteel Bracers,Blacksmithing,True,item,0,425,db2:item-req,460,465,,66072,False,
76263,Redsteel Gauntlets,Blacksmithing,True,item,0,425,db2:item-req,460,465,,66074,False,
76264,Redsteel Belt,Blacksmithing,True,item,0,425,db2:item-req,470,475,,66077,False,
76265,Redsteel Boots,Blacksmithing,True,item,0,425,db2:item-req,480,485,,66078,False,
76266,Redsteel Shoulders,Blacksmithing,True,item,0,425,db2:item-req,490,495,,66079,False,
76267,Redsteel Legguards,Blacksmithing,True,item,0,425,db2:item-req,500,505,,66081,False,
76269,Redsteel Helm,Blacksmithing,True,item,0,425,db2:item-req,510,515,,66082,False,
76270,Redsteel Breastplate,Blacksmithing,True,item,0,425,db2:item-req,510,515,,66083,False,
76280,Stormforged Bracers,Blacksmithing,True,item,0,425,db2:item-req,460,465,,66084,False,
76281,Stormforged Gauntlets,Blacksmithing,True,item,0,425,db2:item-req,460,465,,66085,False,
76283,Stormforged Belt,Blacksmithing,True,item,0,425,db2:item-req,470,475,,66086,False,
76285,Stormforged Boots,Blacksmithing,True,item,0,425,db2:item-req,480,485,,66087,False,
76286,Stormforged Shoulders,Blacksmithing,True,item,0,425,db2:item-req,490,495,,66088,False,
76287,Stormforged Legguards,Blacksmithing,True,item,0,425,db2:item-req,490,495,,66089,False,
76288,Stormforged Helm,Blacksmithing,True,item,0,425,db2:item-req,500,505,,66090,False,
76289,Stormforged Breastplate,Blacksmithing,True,item,0,425,db2:item-req,510,515,,66091,False,
76291,Hardened Obsidium Shield,Blacksmithing,True,item,0,425,db2:item-req,460,465,,66092,False,
76293,Stormforged Shield,Blacksmithing,True,item,0,425,db2:item-req,480,485,,66093,False,
76433,Decapitator's Razor,Blacksmithing,True,item,0,425,db2:item-req,475,480,,66094,False,
76434,Cold-Forged Shank,Blacksmithing,True,item,0,425,db2:item-req,480,485,,66095,False,
76435,Fire-Etched Dagger,Blacksmithing,True,item,0,425,db2:item-req,490,495,,66096,False,
76436,Lifeforce Hammer,Blacksmithing,True,item,0,425,db2:item-req,490,495,,66097,False,
76437,Obsidium Executioner,Blacksmithing,True,item,0,425,db2:item-req,490,495,,66098,False,
76438,Obsidium Skeleton Key,Blacksmithing,True,item,0,425,db2:item-req,480,490,,66099,False,
76439,Ebonsteel Belt Buckle,Blacksmithing,True,item,0,525,db2:item-req,525,525,,66100,False,
76440,Pyrium Shield Spike,Blacksmithing,True,item,0,525,db2:item-req,530,540,,66101,False,
76441,Elementium Shield Spike,Blacksmithing,True,item,0,425,db2:item-req,500,505,,66102,False,
76442,Pyrium Weapon Chain,Blacksmithing,True,item,0,500,db2:item-req,505,515,,66103,False,
76443,Hardened Elementium Hauberk,Blacksmithing,True,item,0,515,db2:item-req,525,525,,66104,False,
76444,Hardened Elementium Girdle,Blacksmithing,True,item,0,510,db2:item-req,520,525,,66105,False,
76445,Elementium Deathplate,Blacksmithing,True,item,0,515,db2:item-req,525,525,,66106,False,
76446,Elementium Girdle of Pain,Blacksmithing,True,item,0,510,db2:item-req,520,525,,66107,False,
76447,Light Elementium Chestguard,Blacksmithing,True,item,0,515,db2:item-req,525,525,,66108,False,
76448,Light Elementium Belt,Blacksmithing,True,item,0,510,db2:item-req,520,525,,66109,False,
76449,Elementium Spellblade,Blacksmithing,True,item,0,520,db2:item-req,525,525,,66110,False,
76450,Elementium Hammer,Blacksmithing,True,item,0,515,db2:item-req,525,525,,66111,False,
76451,Elementium Poleaxe,Blacksmithing,True,item,0,520,db2:item-req,525,525,,66112,False,
76452,Elementium Bonesplitter,Blacksmithing,True,item,0,515,db2:item-req,525,525,,66113,False,
76453,Elementium Shank,Blacksmithing,True,item,0,520,db2:item-req,525,525,,66114,False,
76454,Elementium Earthguard,Blacksmithing,True,item,0,520,db2:item-req,525,525,,66115,False,
76455,Elementium Stormshield,Blacksmithing,True,item,0,520,db2:item-req,525,525,,66116,False,
76456,Bloodthirsty Pyrium Bracers,Blacksmithing,True,item,0,500,db2:item-req,510,515,,66117,False,
76457,Bloodthirsty Pyrium Gauntlets,Blacksmithing,True,item,0,505,db2:item-req,515,520,,66118,False,
76458,Bloodthirsty Pyrium Belt,Blacksmithing,True,item,0,510,db2:item-req,520,525,,66119,False,
76459,Bloodthirsty Pyrium Boots,Blacksmithing,True,item,0,515,db2:item-req,525,530,,66120,False,
76461,Bloodthirsty Pyrium Shoulders,Blacksmithing,True,item,0,520,db2:item-req,530,535,,66121,False,
76462,Bloodthirsty Pyrium Legguards,Blacksmithing,True,item,0,525,db2:item-req,535,540,,66122,False,
76463,Bloodthirsty Pyrium Helm,Blacksmithing,True,item,0,525,db2:item-req,535,540,,66123,False,
76464,Bloodthirsty Pyrium Breastplate,Blacksmithing,True,item,0,525,db2:item-req,535,540,,66124,False,
76465,Bloodthirsty Ornate Pyrium Bracers,Blacksmithing,True,item,0,500,db2:item-req,510,515,,66125,False,
76466,Bloodthirsty Ornate Pyrium Gauntlets,Blacksmithing,True,item,0,505,db2:item-req,515,520,,66126,False,
76467,Bloodthirsty Ornate Pyrium Belt,Blacksmithing,True,item,0,510,db2:item-req,520,525,,66127,False,
76468,Bloodthirsty Ornate Pyrium Boots,Blacksmithing,True,item,0,515,db2:item-req,525,530,,66128,False,
76469,Bloodthirsty Ornate Pyrium Shoulders,Blacksmithing,True,item,0,520,db2:item-req,530,535,,66129,False,
76470,Bloodthirsty Ornate Pyrium Legguards,Blacksmithing,True,item,0,525,db2:item-req,535,540,,66130,False,
76471,Bloodthirsty Ornate Pyrium Helm,Blacksmithing,True,item,0,525,db2:item-req,535,540,,66131,False,
76472,Bloodthirsty Ornate Pyrium Breastplate,Blacksmithing,True,item,0,525,db2:item-req,535,540,,66132,False,
76474,Obsidium Bladespear,Blacksmithing,True,item,0,425,db2:item-req,480,485,,66133,False,
76666,Blacksmithing,Blacksmithing,False,trainer-rank,0,,,,,,,False,
94718,Elementium Gutslicer,Blacksmithing,True,item,0,515,db2:item-req,525,525,,67603,False,
94732,Forged Elementium Mindcrusher,Blacksmithing,True,item,0,520,db2:item-req,525,525,,67606,False,
99439,Fists of Fury,Blacksmithing,True,item,0,525,db2:item-req,525,530,,69957,False,
99440,Eternal Elementium Handguards,Blacksmithing,True,item,0,525,db2:item-req,525,530,,69958,False,
99441,Holy Flame Gauntlets,Blacksmithing,True,item,0,525,db2:item-req,525,530,,69959,False,
99452,Warboots of Mighty Lords,Blacksmithing,True,item,0,525,db2:item-req,525,530,,69968,False,
99453,Mirrored Boots,Blacksmithing,True,item,0,525,db2:item-req,525,530,,69969,False,
99454,Emberforged Elementium Boots,Blacksmithing,True,item,0,525,db2:item-req,525,530,,69970,False,
99652,Brainsplinter,Blacksmithing,True,item,0,525,db2:item-req,525,530,,70166,False,
99653,Masterwork Elementium Spellblade,Blacksmithing,True,item,0,525,db2:item-req,525,530,,70167,False,
99654,Lightforged Elementium Hammer,Blacksmithing,True,item,0,525,db2:item-req,525,530,,70168,False,
99655,Elementium-Edged Scalper,Blacksmithing,True,item,0,525,db2:item-req,525,530,,70169,False,
99656,Pyrium Spellward,Blacksmithing,True,item,0,525,db2:item-req,525,530,,70170,False,
99657,Unbreakable Guardian,Blacksmithing,True,item,0,525,db2:item-req,525,530,,70171,False,
99658,Masterwork Elementium Deathblade,Blacksmithing,True,item,0,525,db2:item-req,525,530,,70172,False,
99660,Witch-Hunter's Harvester,Blacksmithing,True,item,0,525,db2:item-req,525,530,,70173,False,
101924,Pyrium Legplates of Purified Evil,Blacksmithing,True,item,0,525,db2:item-req,525,535,,72001,False,
101925,Unstoppable Destroyer's Legplates,Blacksmithing,True,item,0,525,db2:item-req,525,535,,72012,False,
101928,Foundations of Courage,Blacksmithing,True,item,0,525,db2:item-req,525,535,,72013,False,
101929,Soul Redeemer Bracers,Blacksmithing,True,item,0,525,db2:item-req,525,535,,72014,False,
101931,Bracers of Destructive Strength,Blacksmithing,True,item,0,525,db2:item-req,525,535,,72015,False,
101932,Titanguard Wristplates,Blacksmithing,True,item,0,525,db2:item-req,525,535,,72016,False,
110396,Blacksmithing,Blacksmithing,False,trainer-rank,0,,,,,,,False,
113263,Socket Bracer,Blacksmithing,False,auto,1,550,db2:minskill,,,550,,False,
114112,Socket Gloves,Blacksmithing,False,auto,1,550,db2:minskill,,,550,,False,
122568,Spiritguard Helm,Blacksmithing,True,item,0,550,db2:item-req,565,600,,84235,False,
122569,Spiritguard Shoulders,Blacksmithing,True,item,0,535,db2:item-req,550,600,,84238,False,
122570,Spiritguard Breastplate,Blacksmithing,True,item,0,550,db2:item-req,565,600,,84233,False,
122571,Spiritguard Gauntlets,Blacksmithing,True,item,0,525,db2:item-req,540,600,,84234,False,
122572,Spiritguard Legplates,Blacksmithing,True,item,0,525,db2:item-req,545,600,,84236,False,
122573,Spiritguard Bracers,Blacksmithing,True,item,0,500,db2:item-req,525,600,,84232,False,
122574,Spiritguard Boots,Blacksmithing,True,item,0,525,db2:item-req,545,600,,84231,False,
122575,Spiritguard Belt,Blacksmithing,True,item,0,525,db2:item-req,540,600,,84230,False,
122576,Ghost-Forged Helm,Blacksmithing,True,item,0,550,db2:item-req,565,600,,84183,False,
122577,Ghost-Forged Shoulders,Blacksmithing,True,item,0,535,db2:item-req,550,600,,84185,False,
122578,Ghost-Forged Breastplate,Blacksmithing,True,item,0,550,db2:item-req,565,600,,84181,False,
122579,Ghost-Forged Gauntlets,Blacksmithing,True,item,0,525,db2:item-req,540,600,,84182,False,
122580,Ghost-Forged Legplates,Blacksmithing,True,item,0,525,db2:item-req,545,600,,84184,False,
122581,Ghost-Forged Bracers,Blacksmithing,True,item,0,500,db2:item-req,525,600,,84180,False,
122582,Ghost-Forged Boots,Blacksmithing,True,item,0,525,db2:item-req,545,600,,84179,False,
122583,Ghost-Forged Belt,Blacksmithing,True,item,0,525,db2:item-req,540,600,,84177,False,
122584,Lightsteel Helm,Blacksmithing,True,item,0,550,db2:item-req,565,600,,84192,False,
122585,Lightsteel Shoulders,Blacksmithing,True,item,0,535,db2:item-req,550,600,,84195,False,
122586,Lightsteel Breastplate,Blacksmithing,True,item,0,550,db2:item-req,565,600,,84190,False,
122587,Lightsteel Gauntlets,Blacksmithing,True,item,0,525,db2:item-req,540,600,,84191,False,
122588,Lightsteel Legplates,Blacksmithing,True,item,0,525,db2:item-req,545,600,,84193,False,
122589,Lightsteel Bracers,Blacksmithing,True,item,0,500,db2:item-req,525,600,,84189,False,
122590,Lightsteel Boots,Blacksmithing,True,item,0,525,db2:item-req,545,600,,84188,False,
122591,Lightsteel Belt,Blacksmithing,True,item,0,525,db2:item-req,540,600,,84187,False,
122592,Masterwork Spiritguard Helm,Blacksmithing,True,item,0,575,db2:item-req,600,600,,84224,False,
122593,Masterwork Spiritguard Shoulders,Blacksmithing,True,item,0,575,db2:item-req,600,600,,84227,False,
122594,Masterwork Spiritguard Breastplate,Blacksmithing,True,item,0,575,db2:item-req,600,600,,84222,False,
122595,Masterwork Spiritguard Gauntlets,Blacksmithing,True,item,0,575,db2:item-req,600,600,,84223,False,
122596,Masterwork Spiritguard Legplates,Blacksmithing,True,item,0,575,db2:item-req,600,600,,84225,False,
122597,Masterwork Spiritguard Bracers,Blacksmithing,True,item,0,575,db2:item-req,600,600,,84221,False,
122598,Masterwork Spiritguard Boots,Blacksmithing,True,item,0,575,db2:item-req,600,600,,84220,False,
122599,Masterwork Spiritguard Belt,Blacksmithing,True,item,0,575,db2:item-req,600,600,,84219,False,
122600,Masterwork Ghost-Forged Helm,Blacksmithing,True,item,0,575,db2:item-req,590,600,,84205,False,
122601,Masterwork Ghost-Forged Shoulders,Blacksmithing,True,item,0,560,db2:item-req,575,600,,84207,False,
122602,Masterwork Ghost-Forged Breastplate,Blacksmithing,True,item,0,575,db2:item-req,590,600,,84203,False,
122603,Masterwork Ghost-Forged Gauntlets,Blacksmithing,True,item,0,550,db2:item-req,565,600,,84204,False,
122604,Masterwork Ghost-Forged Legplates,Blacksmithing,True,item,0,550,db2:item-req,565,600,,84206,False,
122605,Masterwork Ghost-Forged Bracers,Blacksmithing,True,item,0,540,db2:item-req,555,600,,84202,False,
122606,Masterwork Ghost-Forged Boots,Blacksmithing,True,item,0,550,db2:item-req,565,600,,84201,False,
122607,Masterwork Ghost-Forged Belt,Blacksmithing,True,item,0,550,db2:item-req,565,600,,84199,False,
122608,Masterwork Lightsteel Helm,Blacksmithing,True,item,0,575,db2:item-req,590,600,,84214,False,
122609,Masterwork Lightsteel Shoulders,Blacksmithing,True,item,0,560,db2:item-req,575,600,,84216,False,
122610,Masterwork Lightsteel Breastplate,Blacksmithing,True,item,0,575,db2:item-req,590,600,,84212,False,
122611,Masterwork Lightsteel Gauntlets,Blacksmithing,True,item,0,550,db2:item-req,565,600,,84213,False,
122612,Masterwork Lightsteel Legplates,Blacksmithing,True,item,0,550,db2:item-req,565,600,,84215,False,
122613,Masterwork Lightsteel Bracers,Blacksmithing,True,item,0,540,db2:item-req,555,600,,84211,False,
122614,Masterwork Lightsteel Boots,Blacksmithing,True,item,0,550,db2:item-req,565,600,,84210,False,
122615,Masterwork Lightsteel Belt,Blacksmithing,True,item,0,550,db2:item-req,565,600,,84209,False,
122616,Contender's Revenant Helm,Blacksmithing,True,item,0,575,db2:item-req,600,600,,84163,False,
122617,Contender's Revenant Shoulders,Blacksmithing,True,item,0,575,db2:item-req,600,600,,84165,False,
122618,Contender's Revenant Breastplate,Blacksmithing,True,item,0,575,db2:item-req,600,600,,84161,False,
122619,Contender's Revenant Gauntlets,Blacksmithing,True,item,0,575,db2:item-req,600,600,,84162,False,
122620,Contender's Revenant Legplates,Blacksmithing,True,item,0,575,db2:item-req,600,600,,84164,False,
122621,Contender's Revenant Bracers,Blacksmithing,True,item,0,575,db2:item-req,600,600,,84160,False,
122622,Contender's Revenant Boots,Blacksmithing,True,item,0,575,db2:item-req,600,600,,84159,False,
122623,Contender's Revenant Belt,Blacksmithing,True,item,0,575,db2:item-req,600,600,,84158,False,
122624,Contender's Spirit Helm,Blacksmithing,True,item,0,575,db2:item-req,600,600,,84171,False,
122625,Contender's Spirit Shoulders,Blacksmithing,True,item,0,575,db2:item-req,600,600,,84173,False,
122626,Contender's Spirit Breastplate,Blacksmithing,True,item,0,575,db2:item-req,600,600,,84169,False,
122627,Contender's Spirit Gauntlets,Blacksmithing,True,item,0,575,db2:item-req,600,600,,84170,False,
122628,Contender's Spirit Legplates,Blacksmithing,True,item,0,575,db2:item-req,600,600,,84172,False,
122629,Contender's Spirit Bracers,Blacksmithing,True,item,0,575,db2:item-req,600,600,,84168,False,
122630,Contender's Spirit Boots,Blacksmithing,True,item,0,575,db2:item-req,600,600,,84167,False,
122631,Contender's Spirit Belt,Blacksmithing,True,item,0,575,db2:item-req,600,600,,84166,False,
122632,Living Steel Belt Buckle,Blacksmithing,True,item,0,600,db2:item-req,600,605,,84196,False,
122633,Ghostly Skeleton Key,Blacksmithing,True,item,0,500,db2:item-req,515,530,,84186,False,
122635,Lightsteel Shield,Blacksmithing,True,item,0,535,db2:item-req,550,600,,84194,False,
122636,Spiritguard Shield,Blacksmithing,True,item,0,540,db2:item-req,555,600,,84237,False,
122637,Forgewire Axe,Blacksmithing,True,item,0,545,db2:item-req,560,600,,84174,False,
122638,Ghost-Forged Blade,Blacksmithing,True,item,0,550,db2:item-req,565,600,,84178,False,
122639,Phantasmal Hammer,Blacksmithing,True,item,0,555,db2:item-req,570,600,,84228,False,
122640,Spiritblade Decimator,Blacksmithing,True,item,0,560,db2:item-req,575,600,,84229,False,
122641,Ghost Shard,Blacksmithing,True,item,0,565,db2:item-req,575,600,,84176,False,
122642,Masterwork Lightsteel Shield,Blacksmithing,True,item,0,575,db2:item-req,600,605,,84208,False,
122643,Masterwork Spiritguard Shield,Blacksmithing,True,item,0,575,db2:item-req,600,605,,84226,False,
122644,Masterwork Forgewire Axe,Blacksmithing,True,item,0,575,db2:item-req,600,605,,84197,False,
122645,Masterwork Ghost-Forged Blade,Blacksmithing,True,item,0,575,db2:item-req,600,605,,84200,False,
122646,Masterwork Phantasmal Hammer,Blacksmithing,True,item,0,575,db2:item-req,600,605,,84217,False,
122647,Masterwork Spiritblade Decimator,Blacksmithing,True,item,0,575,db2:item-req,600,605,,84218,False,
122648,Masterwork Ghost Shard,Blacksmithing,True,item,0,575,db2:item-req,600,605,,84198,False,
122649,Ghost Reaver's Breastplate,Blacksmithing,True,item,0,600,db2:item-req,600,605,,83787,False,
122650,Ghost Reaver's Gauntlets,Blacksmithing,True,item,0,600,db2:item-req,600,605,,83788,False,
122651,Living Steel Breastplate,Blacksmithing,True,item,0,600,db2:item-req,600,605,,83789,False,
122652,Living Steel Gauntlets,Blacksmithing,True,item,0,600,db2:item-req,600,605,,83790,False,
122653,Breastplate of Ancient Steel,Blacksmithing,True,item,0,600,db2:item-req,600,605,,83791,False,
122654,Gauntlets of Ancient Steel,Blacksmithing,True,item,0,600,db2:item-req,600,605,,83792,False,
126850,Unyielding Bloodplate,Blacksmithing,True,item,0,600,db2:item-req,605,615,,87408,False,
126851,Gauntlets of Battle Command,Blacksmithing,True,item,0,600,db2:item-req,605,615,,87409,False,
126852,Ornate Battleplate of the Master,Blacksmithing,True,item,0,600,db2:item-req,605,615,,87410,False,
126853,Bloodforged Warfists,Blacksmithing,True,item,0,600,db2:item-req,605,615,,87411,False,
126854,Chestplate of Limitless Faith,Blacksmithing,True,item,0,600,db2:item-req,605,615,,87412,False,
126855,Gauntlets of Unbound Devotion,Blacksmithing,True,item,0,600,db2:item-req,605,615,,87413,False,
126869,Folded Ghost Iron,Blacksmithing,True,residue,0,,,525,525,,,False,
131928,Ghost Iron Shield Spike,Blacksmithing,True,item,0,540,db2:item-req,550,565,,90531,False,
131929,Living Steel Weapon Chain,Blacksmithing,True,item,0,540,db2:item-req,600,605,,90532,False,
137766,Haunted Steel Greaves,Blacksmithing,True,residue,0,,,605,615,,,False,
137767,Haunted Steel Headcover,Blacksmithing,True,residue,0,,,605,615,,,False,
137768,Haunted Steel Treads,Blacksmithing,True,residue,0,,,605,615,,,False,
137769,Haunted Steel Greathelm,Blacksmithing,True,residue,0,,,605,615,,,False,
137770,Haunted Steel Warboots,Blacksmithing,True,residue,0,,,605,615,,,False,
137771,Haunted Steel Headguard,Blacksmithing,True,residue,0,,,605,615,,,False,
137772,Crafted Dreadful Gladiator's Scaled Gauntlets,Blacksmithing,True,residue,0,,,600,605,,,False,
137773,Crafted Dreadful Gladiator's Scaled Helm,Blacksmithing,True,residue,0,,,600,605,,,False,
137774,Crafted Dreadful Gladiator's Scaled Legguards,Blacksmithing,True,residue,0,,,600,605,,,False,
137775,Crafted Dreadful Gladiator's Scaled Shoulders,Blacksmithing,True,residue,0,,,600,605,,,False,
137776,Crafted Dreadful Gladiator's Clasp of Cruelty,Blacksmithing,True,residue,0,,,600,605,,,False,
137777,Crafted Dreadful Gladiator's Clasp of Meditation,Blacksmithing,True,residue,0,,,600,605,,,False,
137778,Crafted Dreadful Gladiator's Greaves of Alacrity,Blacksmithing,True,residue,0,,,600,605,,,False,
137779,Crafted Dreadful Gladiator's Greaves of Meditation,Blacksmithing,True,residue,0,,,600,605,,,False,
137780,Crafted Dreadful Gladiator's Bracers of Prowess,Blacksmithing,True,residue,0,,,600,605,,,False,
137781,Crafted Dreadful Gladiator's Bracers of Meditation,Blacksmithing,True,residue,0,,,600,605,,,False,
137782,Crafted Dreadful Gladiator's Ornamented Chestguard,Blacksmithing,True,residue,0,,,600,605,,,False,
137783,Crafted Dreadful Gladiator's Ornamented Gloves,Blacksmithing,True,residue,0,,,600,605,,,False,
137784,Crafted Dreadful Gladiator's Ornamented Headcover,Blacksmithing,True,residue,0,,,600,605,,,False,
137785,Crafted Dreadful Gladiator's Ornamented Legplates,Blacksmithing,True,residue,0,,,600,605,,,False,
137786,Crafted Dreadful Gladiator's Ornamented Spaulders,Blacksmithing,True,residue,0,,,600,605,,,False,
137787,Crafted Dreadful Gladiator's Girdle of Accuracy,Blacksmithing,True,residue,0,,,600,605,,,False,
137788,Crafted Dreadful Gladiator's Girdle of Prowess,Blacksmithing,True,residue,0,,,600,605,,,False,
137789,Crafted Dreadful Gladiator's Warboots of Cruelty,Blacksmithing,True,residue,0,,,600,605,,,False,
137790,Crafted Dreadful Gladiator's Warboots of Alacrity,Blacksmithing,True,residue,0,,,600,605,,,False,
137791,Crafted Dreadful Gladiator's Armplates of Proficiency,Blacksmithing,True,residue,0,,,600,605,,,False,
137792,Crafted Dreadful Gladiator's Armplates of Alacrity,Blacksmithing,True,residue,0,,,600,605,,,False,
137793,Crafted Dreadful Gladiator's Plate Chestpiece,Blacksmithing,True,residue,0,,,600,605,,,False,
137794,Crafted Dreadful Gladiator's Plate Gauntlets,Blacksmithing,True,residue,0,,,600,605,,,False,
137795,Crafted Dreadful Gladiator's Plate Helm,Blacksmithing,True,residue,0,,,600,605,,,False,
137796,Crafted Dreadful Gladiator's Plate Legguards,Blacksmithing,True,residue,0,,,600,605,,,False,
137797,Crafted Dreadful Gladiator's Plate Shoulders,Blacksmithing,True,residue,0,,,600,605,,,False,
138646,Lightning Steel Ingot,Blacksmithing,True,item,0,500,db2:item-req,605,615,,94552,False,
138876,"The Planar Edge, Reborn",Blacksmithing,True,item,0,500,db2:item-req,605,615,,94570,False,
138877,"Lunar Crescent, Reborn",Blacksmithing,True,item,0,500,db2:item-req,605,615,,94569,False,
138878,"Black Planar Edge, Reborn",Blacksmithing,True,residue,0,,,605,616,,,False,
138879,"Mooncleaver, Reborn",Blacksmithing,True,residue,0,,,605,616,,,False,
138880,"Wicked Edge of the Planes, Reborn",Blacksmithing,True,residue,0,,,605,617,,,False,
138881,"Bloodmoon, Reborn",Blacksmithing,True,residue,0,,,605,617,,,False,
138882,"Drakefist Hammer, Reborn",Blacksmithing,True,item,0,500,db2:item-req,605,615,,94568,False,
138883,"Thunder, Reborn",Blacksmithing,True,item,0,500,db2:item-req,605,615,,94567,False,
138884,"Deep Thunder, Reborn",Blacksmithing,True,residue,0,,,605,616,,,False,
138885,"Dragonmaw, Reborn",Blacksmithing,True,residue,0,,,605,616,,,False,
138886,"Dragonstrike, Reborn",Blacksmithing,True,residue,0,,,605,617,,,False,
138887,"Stormherald, Reborn",Blacksmithing,True,residue,0,,,605,617,,,False,
138888,"Fireguard, Reborn",Blacksmithing,True,item,0,500,db2:item-req,605,615,,94572,False,
138889,"Lionheart Blade, Reborn",Blacksmithing,True,item,0,500,db2:item-req,605,615,,94571,False,
138890,"Blazeguard, Reborn",Blacksmithing,True,residue,0,,,605,616,,,False,
138891,"Lionheart Champion, Reborn",Blacksmithing,True,residue,0,,,605,615,,,False,
138892,"Blazefury, Reborn",Blacksmithing,True,residue,0,,,605,617,,,False,
138893,"Lionheart Executioner, Reborn",Blacksmithing,True,residue,0,,,605,615,,,False,
139745,Training Project: Ghost Iron Pins,Blacksmithing,True,residue,0,,,21,21,,,False,
139746,Training Project: Simple Eating Utensils,Blacksmithing,True,residue,0,,,59,59,,,False,
139747,Training Project: Ghost Iron Wok,Blacksmithing,True,residue,0,,,71,71,,,False,
139748,Training Project: Ghost Iron Ladle,Blacksmithing,True,residue,0,,,86,86,,,False,
139749,Training Project: Ghost Iron Poker,Blacksmithing,True,residue,0,,,121,121,,,False,
139750,Training Project: Ghost Iron Hook,Blacksmithing,True,residue,0,,,136,136,,,False,
139751,Training Project: Ghost Iron Spatulas,Blacksmithing,True,residue,0,,,151,151,,,False,
139753,Training Project: Decorative Spoons,Blacksmithing,True,residue,0,,,186,186,,,False,
139754,Training Project: Ghost Iron Spade,Blacksmithing,True,residue,0,,,199,199,,,False,
139755,Training Project: Ghost Iron Needles,Blacksmithing,True,residue,0,,,206,206,,,False,
139756,Training Project: Ghost Iron Barrel,Blacksmithing,True,residue,0,,,231,231,,,False,
139757,Training Project: Ghost Iron Saw,Blacksmithing,True,residue,0,,,248,248,,,False,
139759,Training Project: Ghost Iron Wire,Blacksmithing,True,residue,0,,,256,256,,,False,
139760,Training Project: Ghost Iron Pot,Blacksmithing,True,residue,0,,,289,289,,,False,
139761,Training Project: Ghost Iron Cups,Blacksmithing,True,residue,0,,,299,299,,,False,
139762,Training Project: Ghost Iron Bowls,Blacksmithing,True,residue,0,,,326,326,,,False,
139763,Training Project: Ghost Iron Bells,Blacksmithing,True,residue,0,,,347,347,,,False,
139764,Training Project: Ghost Iron Crate,Blacksmithing,True,residue,0,,,376,376,,,False,
140165,Training Project: Ghost Iron Picks,Blacksmithing,True,residue,0,,,421,421,,,False,
140166,Training Project: Ghost Iron Frames,Blacksmithing,True,residue,0,,,456,456,,,False,
140167,Training Project: Ghost Iron Pans,Blacksmithing,True,residue,0,,,486,486,,,False,
140168,Training Project: Ghost Iron Statue,Blacksmithing,True,residue,0,,,500,500,,,False,
140841,Crafted Dreadful Gladiator's Scaled Chestpiece,Blacksmithing,True,residue,0,,,600,605,,,False,
140842,Crafted Dreadful Gladiator's Dreadplate Shoulders,Blacksmithing,True,residue,0,,,600,605,,,False,
140843,Crafted Dreadful Gladiator's Dreadplate Legguards,Blacksmithing,True,residue,0,,,600,605,,,False,
140844,Crafted Dreadful Gladiator's Dreadplate Helm,Blacksmithing,True,residue,0,,,600,605,,,False,
140845,Crafted Dreadful Gladiator's Dreadplate Gauntlets,Blacksmithing,True,residue,0,,,600,605,,,False,
140846,Crafted Dreadful Gladiator's Dreadplate Chestpiece,Blacksmithing,True,residue,0,,,600,605,,,False,
142954,Blessed Trillium Greaves,Blacksmithing,True,residue,0,,,605,618,,,False,
142958,Protector's Trillium Legguards,Blacksmithing,True,residue,0,,,605,618,,,False,
142959,Avenger's Trillium Legplates,Blacksmithing,True,residue,0,,,605,618,,,False,
142963,Blessed Trillium Belt,Blacksmithing,True,residue,0,,,605,618,,,False,
142967,Protector's Trillium Waistguard,Blacksmithing,True,residue,0,,,605,618,,,False,
142968,Avenger's Trillium Waistplate,Blacksmithing,True,residue,0,,,605,618,,,False,
143163,Crafted Malevolent Gladiator's Dreadplate Chestpiece,Blacksmithing,True,residue,0,,,600,606,,,False,
143164,Crafted Malevolent Gladiator's Dreadplate Gauntlets,Blacksmithing,True,residue,0,,,600,606,,,False,
143165,Crafted Malevolent Gladiator's Dreadplate Helm,Blacksmithing,True,residue,0,,,600,606,,,False,
143166,Crafted Malevolent Gladiator's Dreadplate Legguards,Blacksmithing,True,residue,0,,,600,606,,,False,
143167,Crafted Malevolent Gladiator's Dreadplate Shoulders,Blacksmithing,True,residue,0,,,600,606,,,False,
143168,Crafted Malevolent Gladiator's Scaled Chestpiece,Blacksmithing,True,residue,0,,,600,606,,,False,
143169,Crafted Malevolent Gladiator's Scaled Gauntlets,Blacksmithing,True,residue,0,,,600,606,,,False,
143170,Crafted Malevolent Gladiator's Scaled Helm,Blacksmithing,True,residue,0,,,600,606,,,False,
143171,Crafted Malevolent Gladiator's Scaled Legguards,Blacksmithing,True,residue,0,,,600,606,,,False,
143172,Crafted Malevolent Gladiator's Scaled Shoulders,Blacksmithing,True,residue,0,,,600,606,,,False,
143173,Crafted Malevolent Gladiator's Clasp of Cruelty,Blacksmithing,True,residue,0,,,600,606,,,False,
143174,Crafted Malevolent Gladiator's Clasp of Meditation,Blacksmithing,True,residue,0,,,600,606,,,False,
143175,Crafted Malevolent Gladiator's Greaves of Alacrity,Blacksmithing,True,residue,0,,,600,606,,,False,
143176,Crafted Malevolent Gladiator's Greaves of Meditation,Blacksmithing,True,residue,0,,,600,606,,,False,
143177,Crafted Malevolent Gladiator's Bracers of Prowess,Blacksmithing,True,residue,0,,,600,606,,,False,
143178,Crafted Malevolent Gladiator's Bracers of Meditation,Blacksmithing,True,residue,0,,,600,606,,,False,
143179,Crafted Malevolent Gladiator's Ornamented Chestguard,Blacksmithing,True,residue,0,,,600,606,,,False,
143180,Crafted Malevolent Gladiator's Ornamented Gloves,Blacksmithing,True,residue,0,,,600,606,,,False,
143181,Crafted Malevolent Gladiator's Ornamented Headcover,Blacksmithing,True,residue,0,,,600,606,,,False,
143182,Crafted Malevolent Gladiator's Ornamented Legplates,Blacksmithing,True,residue,0,,,600,606,,,False,
143183,Crafted Malevolent Gladiator's Ornamented Spaulders,Blacksmithing,True,residue,0,,,600,606,,,False,
143184,Crafted Malevolent Gladiator's Girdle of Accuracy,Blacksmithing,True,residue,0,,,600,606,,,False,
143185,Crafted Malevolent Gladiator's Girdle of Prowess,Blacksmithing,True,residue,0,,,600,606,,,False,
143186,Crafted Malevolent Gladiator's Warboots of Cruelty,Blacksmithing,True,residue,0,,,600,606,,,False,
143187,Crafted Malevolent Gladiator's Warboots of Alacrity,Blacksmithing,True,residue,0,,,600,606,,,False,
143188,Crafted Malevolent Gladiator's Armplates of Proficiency,Blacksmithing,True,residue,0,,,600,606,,,False,
143189,Crafted Malevolent Gladiator's Armplates of Alacrity,Blacksmithing,True,residue,0,,,600,606,,,False,
143190,Crafted Malevolent Gladiator's Plate Chestpiece,Blacksmithing,True,residue,0,,,600,606,,,False,
143191,Crafted Malevolent Gladiator's Plate Gauntlets,Blacksmithing,True,residue,0,,,600,606,,,False,
143192,Crafted Malevolent Gladiator's Plate Helm,Blacksmithing,True,residue,0,,,600,606,,,False,
143193,Crafted Malevolent Gladiator's Plate Legguards,Blacksmithing,True,residue,0,,,600,606,,,False,
143194,Crafted Malevolent Gladiator's Plate Shoulders,Blacksmithing,True,residue,0,,,600,606,,,False,
143195,Crafted Malevolent Gladiator's Barrier,Blacksmithing,True,residue,0,,,600,606,,,False,
143196,Crafted Malevolent Gladiator's Redoubt,Blacksmithing,True,residue,0,,,600,606,,,False,
143197,Crafted Malevolent Gladiator's Shield Wall,Blacksmithing,True,residue,0,,,600,606,,,False,
143255,Balanced Trillium Ingot,Blacksmithing,True,residue,0,,,605,616,,,False,
146921,Accelerated Balanced Trillium Ingot,Blacksmithing,True,residue,0,,,605,616,,,False,
1224178,Vicious Ornate Pyrium Belt,Blacksmithing,True,item,0,510,db2:item-req,515,525,,238084,False,
1224179,Vicious Ornate Pyrium Boots,Blacksmithing,True,item,0,515,db2:item-req,520,530,,238085,False,
1224180,Vicious Ornate Pyrium Bracers,Blacksmithing,True,item,0,500,db2:item-req,505,515,,238082,False,
1224181,Vicious Ornate Pyrium Breastplate,Blacksmithing,True,item,0,525,db2:item-req,525,535,,238089,False,
1224182,Vicious Ornate Pyrium Gauntlets,Blacksmithing,True,item,0,505,db2:item-req,525,535,,238083,False,
1224183,Vicious Ornate Pyrium Helm,Blacksmithing,True,item,0,525,db2:item-req,525,535,,238088,False,
1224184,Vicious Ornate Pyrium Legguards,Blacksmithing,True,item,0,525,db2:item-req,525,535,,238087,False,
1224185,Vicious Ornate Pyrium Shoulders,Blacksmithing,True,item,0,520,db2:item-req,515,525,,238086,False,orange>yellow: orange tier empty (learned late)
1224186,Vicious Pyrium Belt,Blacksmithing,True,item,0,510,db2:item-req,515,525,,238076,False,
1224187,Vicious Pyrium Boots,Blacksmithing,True,item,0,515,db2:item-req,520,530,,238077,False,
1224188,Vicious Pyrium Bracers,Blacksmithing,True,item,0,500,db2:item-req,505,515,,238074,False,
1224189,Vicious Pyrium Breastplate,Blacksmithing,True,item,0,525,db2:item-req,525,535,,238081,False,
1224190,Vicious Pyrium Gauntlets,Blacksmithing,True,item,0,505,db2:item-req,525,535,,238075,False,
1224191,Vicious Pyrium Helm,Blacksmithing,True,item,0,525,db2:item-req,525,535,,238080,False,
1224192,Vicious Pyrium Legguards,Blacksmithing,True,item,0,525,db2:item-req,525,535,,238079,False,
1224193,Vicious Pyrium Shoulders,Blacksmithing,True,item,0,520,db2:item-req,515,525,,238078,False,orange>yellow: orange tier empty (learned late)
1224224,Bloodied Pyrium Bracers,Blacksmithing,True,item,0,500,db2:item-req,505,515,,238129,False,
1224225,Bloodied Pyrium Gauntlets,Blacksmithing,True,item,0,505,db2:item-req,525,535,,238130,False,
1224226,Bloodied Pyrium Belt,Blacksmithing,True,item,0,510,db2:item-req,515,525,,238131,False,
1224227,Bloodied Pyrium Boots,Blacksmithing,True,item,0,515,db2:item-req,520,530,,238132,False,
1224228,Bloodied Pyrium Shoulders,Blacksmithing,True,item,0,520,db2:item-req,515,525,,238133,False,orange>yellow: orange tier empty (learned late)
1224229,Bloodied Pyrium Legguards,Blacksmithing,True,item,0,525,db2:item-req,525,535,,238134,False,
1224230,Bloodied Pyrium Helm,Blacksmithing,True,item,0,525,db2:item-req,525,535,,238135,False,
1224231,Bloodied Pyrium Breastplate,Blacksmithing,True,item,0,525,db2:item-req,525,535,,238136,False,
1224232,Ornate Pyrium Bracers,Blacksmithing,True,item,0,500,db2:item-req,505,515,,238137,False,
1224233,Ornate Pyrium Gauntlets,Blacksmithing,True,item,0,505,db2:item-req,525,535,,238138,False,
1224234,Ornate Pyrium Belt,Blacksmithing,True,item,0,510,db2:item-req,515,525,,238139,False,
1224235,Ornate Pyrium Boots,Blacksmithing,True,item,0,515,db2:item-req,520,530,,238140,False,
1224236,Ornate Pyrium Shoulders,Blacksmithing,True,item,0,520,db2:item-req,515,525,,238141,False,orange>yellow: orange tier empty (learned late)
1224237,Ornate Pyrium Legguards,Blacksmithing,True,item,0,525,db2:item-req,525,535,,238142,False,
1224238,Ornate Pyrium Helm,Blacksmithing,True,item,0,525,db2:item-req,525,535,,238143,False,
1224239,Ornate Pyrium Breastplate,Blacksmithing,True,item,0,525,db2:item-req,525,535,,238144,False,
818,Cooking Fire,Cooking,False,auto,1,,rule:orange1-candidate,25,75,,,False,
2538,Charred Wolf Meat,Cooking,True,auto,1,,rule:orange1-candidate,45,85,,,False,
2539,Spiced Wolf Meat,Cooking,True,residue,0,,,50,90,30,,False,
2540,Roasted Boar Meat,Cooking,True,auto,1,,rule:orange1-candidate,45,85,,,False,
2541,Coyote Steak,Cooking,True,residue,0,,,90,130,65,,False,
2542,Goretusk Liver Pie,Cooking,True,item,0,50,db2:item-req,90,130,65,2697,False,
2543,Westfall Stew,Cooking,True,item,0,50,db2:item-req,115,155,75,728,False,
2544,Crab Cake,Cooking,True,residue,0,,,115,155,75,,False,
2545,Cooked Crab Claw,Cooking,True,item,0,85,db2:item-req,125,165,85,2698,False,
2546,Dry Pork Ribs,Cooking,True,residue,0,,,120,160,110,,False,
2547,Redridge Goulash,Cooking,True,item,0,100,db2:item-req,135,175,125,2699,False,
2548,Succulent Pork Ribs,Cooking,True,item,0,110,db2:item-req,130,170,135,2700,False,
2549,Seasoned Wolf Kabob,Cooking,True,item,0,100,db2:item-req,140,180,135,2701,False,
2550,Cooking,Cooking,False,trainer-rank,0,,,,,,,False,
2795,Beer Basted Boar Ribs,Cooking,True,item,0,10,db2:item-req,60,100,40,2889,False,
3102,Cooking,Cooking,False,trainer-rank,0,,,,,,,False,
3370,Crocolisk Steak,Cooking,True,item,0,80,db2:item-req,120,160,,3678,False,
3371,Blood Sausage,Cooking,True,item,0,60,db2:item-req,100,140,,3679,False,
3372,Murloc Fin Soup,Cooking,True,item,0,90,db2:item-req,130,170,,3680,False,
3373,Crocolisk Gumbo,Cooking,True,item,0,120,db2:item-req,160,200,,3681,False,
3376,Curiously Tasty Omelet,Cooking,True,item,0,130,db2:item-req,170,210,,3682,False,
3377,Gooey Spider Cake,Cooking,True,item,0,110,db2:item-req,150,190,,3683,False,
3397,Big Bear Steak,Cooking,True,item,0,110,db2:item-req,150,190,,3734,False,
3398,Hot Lion Chops,Cooking,True,item,0,125,db2:item-req,175,215,,3735,False,
3399,Tasty Lion Steak,Cooking,True,item,0,150,db2:item-req,190,230,,3736,False,
3400,Soothing Turtle Bisque,Cooking,True,item,0,175,db2:item-req,215,255,,3737,False,
3413,Cooking,Cooking,False,trainer-rank,0,,,,,,,False,
4094,Barbecued Buzzard Wing,Cooking,True,item,0,175,db2:item-req,215,255,,4609,False,
6412,Kaldorei Spider Kabob,Cooking,True,item,0,10,db2:item-req,50,90,,5482,False,
6413,Scorpid Surprise,Cooking,True,item,0,20,db2:item-req,60,100,,5483,False,
6414,Roasted Kodo Meat,Cooking,True,item,0,35,db2:item-req,75,115,,5484,False,
6415,Fillet of Frenzy,Cooking,True,item,0,50,db2:item-req,90,130,,5485,False,
6416,Strider Stew,Cooking,True,item,0,50,db2:item-req,90,130,,5486,False,
6417,Dig Rat Stew,Cooking,True,item,0,1,db2:item-req,130,170,,5487,False,
6418,Crispy Lizard Tail,Cooking,True,item,0,100,db2:item-req,140,180,,5488,False,
6419,Lean Venison,Cooking,True,item,0,110,db2:item-req,150,190,,5489,False,
6499,Boiled Clams,Cooking,True,residue,0,,,90,130,,,False,
6500,Goblin Deviled Clams,Cooking,True,residue,0,,,165,205,,,False,
6501,Clam Chowder,Cooking,True,item,0,90,db2:item-req,130,170,,5528,False,
7213,Giant Clam Scorcho,Cooking,True,item,0,175,db2:item-req,215,255,,6039,False,
7751,Brilliant Smallfish,Cooking,True,item,0,1,db2:item-req,45,85,,6325,False,
7752,Slitherskin Mackerel,Cooking,True,item,0,1,db2:item-req,45,85,,6326,False,
7753,Longjaw Mud Snapper,Cooking,True,item,0,50,db2:item-req,90,130,,6328,False,
7754,Loch Frenzy Delight,Cooking,True,item,0,50,db2:item-req,90,130,,6329,False,
7755,Bristle Whisker Catfish,Cooking,True,item,0,100,db2:item-req,140,180,,6330,False,
7827,Rainbow Fin Albacore,Cooking,True,item,0,50,db2:item-req,90,130,,6368,False,
7828,Rockscale Cod,Cooking,True,item,0,175,db2:item-req,190,230,,6369,False,
8238,Savory Deviate Delight,Cooking,True,item,0,85,db2:item-req,125,165,,6661,False,
8604,Herb Baked Egg,Cooking,True,item,1,1,db2:item-req,45,85,,6891,False,
8607,Smoked Bear Meat,Cooking,True,item,0,40,db2:item-req,80,120,,6892,False,
9513,Thistle Tea,Cooking,True,item,0,60,db2:item-req,100,140,,7678,False,
13028,Goldthorn Tea,Cooking,True,special,0,,,175,205,,,False,
15853,Lean Wolf Steak,Cooking,True,item,0,125,db2:item-req,165,205,,12227,False,
15855,Roast Raptor,Cooking,True,item,0,175,db2:item-req,215,255,,12228,False,
15856,Hot Wolf Ribs,Cooking,True,item,0,175,db2:item-req,215,255,,12229,False,
15861,Jungle Stew,Cooking,True,item,0,175,db2:item-req,215,255,,12231,False,
15863,Carrion Surprise,Cooking,True,item,0,175,db2:item-req,215,255,,12232,False,
15865,Mystery Stew,Cooking,True,item,0,175,db2:item-req,215,255,,12233,False,
15906,Dragonbreath Chili,Cooking,True,item,0,200,db2:item-req,225,250,,12239,False,
15910,Heavy Kodo Stew,Cooking,True,item,0,200,db2:item-req,225,250,,12240,False,
15915,Spiced Chili Crab,Cooking,True,item,0,225,db2:item-req,250,275,,16111,False,
15933,Monster Omelet,Cooking,True,item,0,225,db2:item-req,250,275,,16110,False,
15935,Crispy Bat Wing,Cooking,True,item,0,1,db2:item-req,45,85,,12226,False,
18238,Spotted Yellowtail,Cooking,True,item,0,225,db2:item-req,250,275,,13939,False,
18239,Cooked Glossy Mightfish,Cooking,True,item,0,225,db2:item-req,250,275,,13940,False,
18240,Grilled Squid,Cooking,True,item,0,240,db2:item-req,265,290,,13942,False,
18241,Filet of Redgill,Cooking,True,item,0,225,db2:item-req,250,275,,13941,False,
18242,Hot Smoked Bass,Cooking,True,item,0,240,db2:item-req,265,290,,13943,False,
18243,Nightfin Soup,Cooking,True,item,0,250,db2:item-req,275,295,,13945,False,
18244,Poached Sunscale Salmon,Cooking,True,item,0,250,db2:item-req,275,295,,13946,False,
18245,Lobster Stew,Cooking,True,item,0,275,db2:item-req,300,325,,13947,False,
18246,Mightfish Steak,Cooking,True,item,0,275,db2:item-req,300,325,,13948,False,
18247,Baked Salmon,Cooking,True,item,0,275,db2:item-req,300,325,,13949,False,
18260,Cooking,Cooking,False,trainer-rank,0,,,,,,,False,
20626,Undermine Clam Chowder,Cooking,True,item,0,225,db2:item-req,250,275,,16767,False,
20916,Mithril Head Trout,Cooking,True,item,0,175,db2:item-req,215,255,,17062,False,
21143,Gingerbread Cookie,Cooking,True,item,0,1,db2:item-req,45,85,,17200,False,
21144,Winter Veil Egg Nog,Cooking,True,item,0,35,db2:item-req,75,115,,17201,False,
21175,Spider Sausage,Cooking,True,residue,0,,,225,250,,,False,
22480,Tender Wolf Steak,Cooking,True,item,0,225,db2:item-req,250,275,,18046,False,
22761,Runn Tum Tuber Surprise,Cooking,True,item,0,275,db2:item-req,300,325,,18267,False,
24418,Heavy Crocolisk Stew,Cooking,True,item,0,150,db2:item-req,160,200,,20075,False,
24801,Smoked Desert Dumplings,Cooking,True,special,0,,,310,335,,,False,
25659,Dirge's Kickin' Chimaerok Chops,Cooking,True,item,0,300,db2:item-req,325,350,,21025,False,
25704,Smoked Sagefish,Cooking,True,item,0,80,db2:item-req,120,160,,21099,False,
25954,Sagefish Delight,Cooking,True,item,0,175,db2:item-req,215,255,,21219,False,
28267,Crunchy Spider Surprise,Cooking,True,item,0,60,db2:item-req,100,140,,22647,False,
33276,Lynx Steak,Cooking,True,item,0,1,db2:item-req,45,85,,27685,False,
33277,Roasted Moongraze Tenderloin,Cooking,True,item,0,1,db2:item-req,45,85,,27686,False,
33278,Bat Bites,Cooking,True,item,0,50,db2:item-req,90,130,,27687,False,
33279,Buzzard Bites,Cooking,True,item,0,300,db2:item-req,320,340,,27684,False,
33284,Ravager Dog,Cooking,True,item,0,300,db2:item-req,320,340,,27688,False,
33286,Blackened Basilisk,Cooking,True,item,0,315,db2:item-req,335,355,,27690,False,
33287,Roasted Clefthoof,Cooking,True,item,0,325,db2:item-req,345,365,,27691,False,
33288,Warp Burger,Cooking,True,item,0,325,db2:item-req,345,365,,27692,False,
33289,Talbuk Steak,Cooking,True,item,0,325,db2:item-req,345,365,,27693,False,
33290,Blackened Trout,Cooking,True,item,0,300,db2:item-req,320,340,,27694,False,
33291,Feltail Delight,Cooking,True,item,0,300,db2:item-req,320,340,,27695,False,
33292,Blackened Sporefish,Cooking,True,item,0,310,db2:item-req,330,350,,27696,False,
33293,Grilled Mudfish,Cooking,True,item,0,320,db2:item-req,340,360,,27697,False,
33294,Poached Bluefish,Cooking,True,item,0,320,db2:item-req,340,360,,27698,False,
33295,Golden Fish Sticks,Cooking,True,item,0,325,db2:item-req,345,365,,27699,False,
33296,Spicy Crawdad,Cooking,True,item,0,350,db2:item-req,370,380,,27700,False,
33359,Cooking,Cooking,False,trainer-rank,0,,,,,,,False,
36210,Clam Bar,Cooking,True,item,0,300,db2:item-req,320,340,,30156,False,
37836,Spice Bread,Cooking,True,residue,0,,,30,40,,,False,
38867,Mok'Nathal Shortribs,Cooking,True,item,0,335,db2:item-req,355,375,,31675,False,
38868,Crunchy Serpent,Cooking,True,item,0,335,db2:item-req,355,375,,31674,False,
42296,Stewed Trout,Cooking,True,residue,0,,,335,355,,,False,
42302,Fisherman's Feast,Cooking,True,residue,0,,,375,385,,,False,
42305,Hot Buttered Trout,Cooking,True,residue,0,,,375,385,,,False,
43707,Skullfish Soup,Cooking,True,item,0,325,db2:item-req,335,355,,33870,False,
43758,Stormchops,Cooking,True,item,0,300,db2:item-req,320,340,,33871,False,
43761,Broiled Bloodfin,Cooking,True,item,0,300,db2:item-req,320,340,,33869,False,
43765,Spicy Hot Talbuk,Cooking,True,item,0,325,db2:item-req,335,355,,33873,False,
43772,Kibler's Bits,Cooking,True,item,0,300,db2:item-req,345,365,,33875,False,
43779,Delicious Chocolate Cake,Cooking,True,item,0,1,db2:item-req,50,75,,33925,False,
45022,Hot Apple Cider,Cooking,True,item,0,325,db2:item-req,325,325,,34413,False,
45549,Mammoth Meal,Cooking,True,residue,0,,,350,415,,,False,
45550,Shoveltusk Steak,Cooking,True,residue,0,,,350,415,,,False,
45551,Worm Delight,Cooking,True,residue,0,,,350,415,,,False,
45552,Roasted Worg,Cooking,True,residue,0,,,350,415,,,False,
45553,Rhino Dogs,Cooking,True,residue,0,,,350,415,,,False,
45554,Great Feast,Cooking,True,residue,0,,,375,425,,,False,
45555,Mega Mammoth Meal,Cooking,True,item,0,400,db2:item-req,425,475,,43018,False,
45556,Tender Shoveltusk Steak,Cooking,True,item,0,400,db2:item-req,425,475,,43019,False,
45557,Spiced Worm Burger,Cooking,True,item,0,400,db2:item-req,425,475,,43020,False,
45558,Very Burnt Worg,Cooking,True,item,0,400,db2:item-req,425,475,,43021,False,
45559,Mighty Rhino Dogs,Cooking,True,item,0,400,db2:item-req,425,475,,43022,False,
45560,Smoked Rockfin,Cooking,True,residue,0,,,350,380,,,False,
45561,Grilled Bonescale,Cooking,True,residue,0,,,350,380,,,False,
45562,Sauteed Goby,Cooking,True,residue,0,,,350,380,,,False,
45563,Grilled Sculpin,Cooking,True,residue,0,,,350,415,,,False,
45564,Smoked Salmon,Cooking,True,residue,0,,,350,415,,,False,
45565,Poached Nettlefish,Cooking,True,residue,0,,,350,415,,,False,
45566,Pickled Fangtooth,Cooking,True,residue,0,,,350,415,,,False,
45567,Poached Northern Sculpin,Cooking,True,item,0,400,db2:item-req,425,475,,43023,False,
45568,Firecracker Salmon,Cooking,True,item,0,400,db2:item-req,425,475,,43024,False,
45569,Baked Manta Ray,Cooking,True,residue,0,,,350,415,,,False,
45570,Imperial Manta Steak,Cooking,True,item,0,400,db2:item-req,425,475,,43026,False,
45571,Spicy Blue Nettlefish,Cooking,True,item,0,400,db2:item-req,425,475,,43025,False,
45695,Captain Rumsey's Lager,Cooking,True,item,0,100,db2:item-req,100,110,,34834,False,
46684,Charred Bear Kabobs,Cooking,True,item,0,250,db2:item-req,275,295,,35564,False,
46688,Juicy Bear Burger,Cooking,True,item,0,250,db2:item-req,275,295,,35566,False,
51296,Cooking,Cooking,False,trainer-rank,0,,,,,,,False,
53056,Kungaloosh,Cooking,True,item,0,350,db2:item-req,375,400,,39644,False,
57421,Northern Stew,Cooking,True,special,0,,,350,380,,,False,
57423,Fish Feast,Cooking,True,item,0,450,db2:item-req,455,465,,43017,False,
57433,Spicy Fried Herring,Cooking,True,item,0,400,db2:item-req,425,475,,43027,False,
57434,Rhinolicious Wormsteak,Cooking,True,item,0,400,db2:item-req,425,475,,43028,False,
57435,Critter Bites,Cooking,True,item,0,400,db2:item-req,425,475,,43029,False,
57436,Hearty Rhino,Cooking,True,item,0,400,db2:item-req,425,475,,43030,False,
57437,Snapper Extreme,Cooking,True,item,0,400,db2:item-req,425,475,,43031,False,
57438,Blackened Worg Steak,Cooking,True,item,0,400,db2:item-req,425,475,,43032,False,
57439,Cuttlesteak,Cooking,True,item,0,400,db2:item-req,425,475,,43033,False,
57440,Spiced Mammoth Treats,Cooking,True,item,0,400,db2:item-req,425,475,,43034,False,
57441,Blackened Dragonfin,Cooking,True,item,0,400,db2:item-req,425,475,,43035,False,
57442,Dragonfin Filet,Cooking,True,item,0,400,db2:item-req,425,475,,43036,False,
57443,Tracker Snacks,Cooking,True,item,0,400,db2:item-req,425,475,,43037,False,
58065,Dalaran Clam Chowder,Cooking,True,residue,0,,,350,415,,,False,
58512,Tasty Cupcake,Cooking,True,item,0,350,db2:item-req,350,365,,43507,False,
58521,Last Week's Mammoth,Cooking,True,item,0,350,db2:item-req,350,365,,43508,False,
58523,Bad Clams,Cooking,True,item,0,350,db2:item-req,350,365,,43509,False,
58525,Haunted Herring,Cooking,True,item,0,350,db2:item-req,350,365,,43510,False,
58527,Gigantic Feast,Cooking,True,item,0,425,db2:item-req,435,475,,43505,False,
58528,Small Feast,Cooking,True,item,0,425,db2:item-req,435,475,,43506,False,
62044,Pumpkin Pie,Cooking,True,item,0,100,db2:item-req,150,175,,44862,False,
62045,Slow-Roasted Turkey,Cooking,True,item,0,280,db2:item-req,405,430,,44861,False,
62049,Cranberry Chutney,Cooking,True,item,0,160,db2:item-req,210,235,,44858,False,
62050,Spice Bread Stuffing,Cooking,True,item,0,1,db2:item-req,90,115,,44860,False,
62051,Candied Sweet Potato,Cooking,True,item,0,220,db2:item-req,270,295,,44859,False,
62350,Worg Tartare,Cooking,True,item,0,400,db2:item-req,350,460,,44954,False,orange>yellow: orange tier empty (learned late)
64054,Clamlette Magnifique,Cooking,True,special,0,,,250,300,,,False,
64358,Black Jelly,Cooking,True,residue,0,,,400,425,,,False,
65454,Bread of the Dead,Cooking,True,item,0,1,db2:item-req,30,40,,46710,False,
66034,Candied Sweet Potato,Cooking,True,item,0,220,db2:item-req,270,295,,46806,False,
66035,Cranberry Chutney,Cooking,True,item,0,160,db2:item-req,210,235,,46805,False,
66036,Pumpkin Pie,Cooking,True,item,0,100,db2:item-req,150,175,,46804,False,
66037,Slow-Roasted Turkey,Cooking,True,item,0,280,db2:item-req,405,430,,46807,False,
66038,Spice Bread Stuffing,Cooking,True,item,0,1,db2:item-req,90,115,,46803,False,
88003,Baked Rockfish,Cooking,True,item,0,500,db2:item-req,515,525,,65426,False,
88004,Basilisk Liverdog,Cooking,True,item,0,500,db2:item-req,515,525,,65427,False,
88005,Beer-Basted Crocolisk,Cooking,True,item,0,500,db2:item-req,515,525,,65429,False,
88006,Blackened Surprise,Cooking,True,residue,0,,,450,465,,,False,
88011,Broiled Dragon Feast,Cooking,True,item,0,500,db2:item-req,525,525,,62799,False,
88012,Broiled Mountain Trout,Cooking,True,item,0,450,db2:item-req,465,490,,65411,False,
88013,Chocolate Cookie,Cooking,True,item,0,505,db2:item-req,510,515,,65431,False,
88014,Crocolisk Au Gratin,Cooking,True,item,0,500,db2:item-req,515,525,,65430,False,
88015,Darkbrew Lager,Cooking,True,residue,0,,,430,440,,,False,
88016,Delicious Sagefish Tail,Cooking,True,item,0,500,db2:item-req,515,525,,65422,False,
88017,Feathered Lure,Cooking,True,item,0,450,db2:item-req,440,470,,65408,False,orange>yellow: orange tier empty (learned late)
88018,Fish Fry,Cooking,True,item,0,475,db2:item-req,490,510,,65423,False,
88019,Fortune Cookie,Cooking,True,item,0,525,db2:item-req,525,525,,65432,False,
88020,Grilled Dragon,Cooking,True,item,0,500,db2:item-req,515,525,,65428,False,
88021,Hearty Seafood Soup,Cooking,True,item,0,475,db2:item-req,490,505,,65418,False,
88022,Highland Spirits,Cooking,True,item,0,450,db2:item-req,455,465,,65415,False,
88024,Lavascale Fillet,Cooking,True,item,0,450,db2:item-req,465,490,,65407,False,
88025,Lavascale Minestrone,Cooking,True,item,0,500,db2:item-req,515,525,,65409,False,
88028,Lightly Fried Lurker,Cooking,True,item,0,450,db2:item-req,465,490,,65412,False,
88030,Lurker Lunch,Cooking,True,item,0,450,db2:item-req,465,490,,65416,False,
88031,Mushroom Sauce Mudfish,Cooking,True,item,0,500,db2:item-req,515,525,,65420,False,
88033,Pickled Guppy,Cooking,True,item,0,475,db2:item-req,490,505,,65417,False,
88034,Blackbelly Sushi,Cooking,True,item,0,500,db2:item-req,515,525,,65424,False,
88035,Salted Eye,Cooking,True,item,0,450,db2:item-req,465,490,,65410,False,
88036,Seafood Magnifique Feast,Cooking,True,item,0,525,db2:item-req,525,525,,62800,False,
88037,Seasoned Crab,Cooking,True,item,0,450,db2:item-req,465,490,,65413,False,
88039,Severed Sagefish Head,Cooking,True,item,0,500,db2:item-req,515,525,,65421,False,
88042,Skewered Eel,Cooking,True,item,0,500,db2:item-req,515,525,,65425,False,
88044,South Island Iced Tea,Cooking,True,item,0,525,db2:item-req,525,525,,65433,False,
88045,Starfire Espresso,Cooking,True,item,0,450,db2:item-req,455,465,,65414,False,
88046,Tender Baked Turtle,Cooking,True,item,0,475,db2:item-req,490,505,,65419,False,
88047,Whitecrest Gumbo,Cooking,True,item,0,450,db2:item-req,465,490,,65406,False,
88053,Cooking,Cooking,False,trainer-rank,0,,,,,,,False,
93741,Venison Jerky,Cooking,True,residue,0,,,80,120,,,False,
96133,Scalding Murglesnout,Cooking,True,item,0,500,db2:item-req,490,510,,68688,False,orange>yellow: orange tier empty (learned late)
104237,Golden Carp Consomme,Cooking,True,residue,0,,,300,305,,,False,
104297,Fish Cake,Cooking,True,residue,0,,,330,335,,,False,
104381,Cooking,Cooking,False,trainer-rank,0,,,,,,,False,
105190,Pandaren Banquet,Cooking,True,item,0,600,db2:item-req,600,600,,75013,False,
105194,Great Pandaren Banquet,Cooking,True,item,0,600,db2:item-req,600,600,,75017,False,
124029,Viseclaw Soup,Cooking,True,item,0,525,db2:item-req,530,530,,85502,False,
124032,Krasarang Fritters,Cooking,True,item,0,525,db2:item-req,530,530,,85505,False,
124223,Pounded Rice Cake,Cooking,True,residue,0,,,150,155,,,False,
124224,Yak Cheese Curds,Cooking,True,residue,0,,,180,185,,,False,
124225,Toasted Fish Jerky,Cooking,True,residue,0,,,90,95,,,False,
124226,Dried Peaches,Cooking,True,residue,0,,,210,215,,,False,
124227,Dried Needle Mushrooms,Cooking,True,residue,0,,,120,125,,,False,
124228,Boiled Silkworm Pupa,Cooking,True,residue,0,,,240,245,,,False,
124229,Red Bean Bun,Cooking,True,residue,0,,,390,395,,,False,
124230,Tangy Yogurt,Cooking,True,residue,0,,,495,500,,,False,
124231,Green Curry Fish,Cooking,True,residue,0,,,450,455,,,False,
124232,Peach Pie,Cooking,True,residue,0,,,480,485,,,False,
124233,Blanched Needle Mushrooms,Cooking,True,residue,0,,,360,365,,,False,
124234,Skewered Peanut Chicken,Cooking,True,residue,0,,,420,425,,,False,
125067,Perfectly Cooked Instant Noodles,Cooking,True,residue,0,,,60,65,,,False,
125078,Roasted Barley Tea,Cooking,True,residue,0,,,270,275,,,False,
125080,Pearl Milk Tea,Cooking,True,residue,0,,,510,515,,,False,
125117,Sliced Peaches,Cooking,True,residue,0,,,30,35,,,False,
125120,Spicy Salmon,Cooking,True,item,0,500,db2:item-req,600,600,,74657,False,
125121,Wildfowl Ginseng Soup,Cooking,True,residue,0,,,520,525,,,False,
125122,Rice Pudding,Cooking,True,residue,0,,,530,530,,,False,
125123,Spicy Vegetable Chips,Cooking,True,item,0,500,db2:item-req,600,600,,74658,False,
145038,Noodle Cart Kit,Cooking,True,item,0,600,db2:item-req,605,605,,101631,False,
145061,Deluxe Noodle Cart Kit,Cooking,True,item,0,600,db2:item-req,607,607,,101664,False,
145062,Pandaren Treasure Noodle Cart Kit,Cooking,True,item,0,600,db2:item-req,611,611,,101663,False,
145167,Grand Noodle Cart Kit,Cooking,True,item,0,600,db2:item-req,606,606,,101728,False,
145170,Grand Deluxe Noodle Cart Kit,Cooking,True,item,0,600,db2:item-req,610,610,,101739,False,
145197,Grand Pandaren Treasure Noodle Cart Kit,Cooking,True,item,0,600,db2:item-req,612,612,,101741,False,
145308,Mango Ice,Cooking,True,item,0,600,db2:item-req,600,600,,101767,False,
7411,Enchanting,Enchanting,False,trainer-rank,0,,,,,,,False,
7412,Enchanting,Enchanting,False,trainer-rank,0,,,,,,,False,
7413,Enchanting,Enchanting,False,trainer-rank,0,,,,,,,False,
7418,Enchant Bracer - Minor Health,Enchanting,True,auto,1,,rule:orange1-candidate,70,110,,,False,
7420,Enchant Chest - Minor Health,Enchanting,True,residue,0,,,70,110,,,False,
7421,Runed Copper Rod,Enchanting,True,auto,1,,rule:orange1-candidate,5,10,,,False,
7426,Enchant Chest - Minor Absorption,Enchanting,True,residue,0,,,90,130,,,False,
7428,Enchant Bracer - Minor Dodge,Enchanting,True,auto,1,,rule:orange1-candidate,80,120,,,False,
7443,Enchant Chest - Minor Mana,Enchanting,True,item,0,20,db2:item-req,80,120,,6342,False,
7457,Enchant Bracer - Minor Stamina,Enchanting,True,residue,0,,,100,140,,,False,
7745,Enchant 2H Weapon - Minor Impact,Enchanting,True,residue,0,,,130,170,,,False,
7748,Enchant Chest - Lesser Health,Enchanting,True,residue,0,,,105,145,,,False,
7766,Enchant Bracer - Minor Spirit,Enchanting,True,item,0,60,db2:item-req,105,145,,6344,False,
7771,Enchant Cloak - Minor Protection,Enchanting,True,item,0,90,db2:item-req,110,150,,6345,False,
7776,Enchant Chest - Lesser Mana,Enchanting,True,item,0,80,db2:item-req,115,155,,6346,False,
7779,Enchant Bracer - Minor Agility,Enchanting,True,residue,0,,,115,155,,,False,
7782,Enchant Bracer - Minor Strength,Enchanting,True,item,0,80,db2:item-req,115,155,,6347,False,
7786,Enchant Weapon - Minor Beastslayer,Enchanting,True,item,0,90,db2:item-req,120,160,,6348,False,
7788,Enchant Weapon - Minor Striking,Enchanting,True,residue,0,,,120,160,,,False,
7793,Enchant 2H Weapon - Lesser Intellect,Enchanting,True,item,0,100,db2:item-req,130,170,,6349,False,
7857,Enchant Chest - Health,Enchanting,True,residue,0,,,145,185,,,False,
7859,Enchant Bracer - Lesser Spirit,Enchanting,True,item,0,120,db2:item-req,145,185,,6375,False,
7863,Enchant Boots - Minor Stamina,Enchanting,True,item,0,125,db2:item-req,150,190,,6376,False,
7867,Enchant Boots - Minor Agility,Enchanting,True,item,0,125,db2:item-req,150,190,,6377,False,
13262,Disenchant,Enchanting,False,auto,1,,rule:orange1-candidate,20,60,,,False,
13378,Enchant Shield - Minor Stamina,Enchanting,True,residue,0,,,130,170,,,False,
13380,Enchant 2H Weapon - Lesser Spirit,Enchanting,True,item,0,110,db2:item-req,135,175,,11038,False,
13419,Enchant Cloak - Minor Agility,Enchanting,True,item,0,110,db2:item-req,135,175,,11039,False,
13421,Enchant Cloak - Lesser Protection,Enchanting,True,residue,0,,,140,180,,,False,
13464,Enchant Shield - Lesser Protection,Enchanting,True,item,0,115,db2:item-req,140,180,,11081,False,
13485,Enchant Shield - Lesser Spirit,Enchanting,True,residue,0,,,155,195,,,False,
13501,Enchant Bracer - Lesser Stamina,Enchanting,True,residue,0,,,155,195,,,False,
13503,Enchant Weapon - Lesser Striking,Enchanting,True,residue,0,,,165,205,,,False,
13529,Enchant 2H Weapon - Lesser Impact,Enchanting,True,residue,0,,,170,210,,,False,
13536,Enchant Bracer - Lesser Strength,Enchanting,True,item,0,140,db2:item-req,165,205,,11101,False,
13538,Enchant Chest - Lesser Absorption,Enchanting,True,residue,0,,,165,205,,,False,
13607,Enchant Chest - Mana,Enchanting,True,residue,0,,,170,210,,,False,
13612,Enchant Gloves - Mining,Enchanting,True,item,0,145,db2:item-req,170,210,,11150,False,
13617,Enchant Gloves - Herbalism,Enchanting,True,item,0,145,db2:item-req,170,210,,11151,False,
13620,Enchant Gloves - Fishing,Enchanting,True,item,0,145,db2:item-req,170,210,,11152,False,
13622,Enchant Bracer - Lesser Intellect,Enchanting,True,residue,0,,,175,215,,,False,
13626,Enchant Chest - Minor Stats,Enchanting,True,residue,0,,,175,215,,,False,
13631,Enchant Shield - Lesser Stamina,Enchanting,True,residue,0,,,175,215,,,False,
13635,Enchant Cloak - Defense,Enchanting,True,residue,0,,,175,215,,,False,
13637,Enchant Boots - Lesser Agility,Enchanting,True,residue,0,,,180,220,,,False,
13640,Enchant Chest - Greater Health,Enchanting,True,residue,0,,,180,220,,,False,
13642,Enchant Bracer - Spirit,Enchanting,True,residue,0,,,185,225,,,False,
13644,Enchant Boots - Lesser Stamina,Enchanting,True,residue,0,,,190,230,,,False,
13646,Enchant Bracer - Lesser Dodge,Enchanting,True,item,0,170,db2:item-req,190,230,,11163,False,
13648,Enchant Bracer - Stamina,Enchanting,True,residue,0,,,190,230,,,False,
13653,Enchant Weapon - Lesser Beastslayer,Enchanting,True,item,0,175,db2:item-req,195,235,,11164,False,
13655,Enchant Weapon - Lesser Elemental Slayer,Enchanting,True,item,0,175,db2:item-req,195,235,,11165,False,
13659,Enchant Shield - Spirit,Enchanting,True,residue,0,,,200,240,,,False,
13661,Enchant Bracer - Strength,Enchanting,True,residue,0,,,200,240,,,False,
13663,Enchant Chest - Greater Mana,Enchanting,True,residue,0,,,205,245,,,False,
13687,Enchant Boots - Lesser Spirit,Enchanting,True,item,0,190,db2:item-req,210,250,,11167,False,
13689,Enchant Shield - Lesser Parry,Enchanting,True,item,0,195,db2:item-req,215,255,,11168,False,
13693,Enchant Weapon - Striking,Enchanting,True,residue,0,,,215,255,,,False,
13695,Enchant 2H Weapon - Impact,Enchanting,True,residue,0,,,220,260,,,False,
13698,Enchant Gloves - Skinning,Enchanting,True,item,0,200,db2:item-req,220,260,,11166,False,
13700,Enchant Chest - Lesser Stats,Enchanting,True,residue,0,,,220,260,,,False,
13746,Enchant Cloak - Greater Defense,Enchanting,True,residue,0,,,225,265,,,False,
13815,Enchant Gloves - Agility,Enchanting,True,residue,0,,,230,270,,,False,
13817,Enchant Shield - Stamina,Enchanting,True,item,0,210,db2:item-req,230,270,,11202,False,
13822,Enchant Bracer - Intellect,Enchanting,True,residue,0,,,230,270,,,False,
13836,Enchant Boots - Stamina,Enchanting,True,residue,0,,,235,275,,,False,
13841,Enchant Gloves - Advanced Mining,Enchanting,True,item,0,215,db2:item-req,235,275,,11203,False,
13846,Enchant Bracer - Greater Spirit,Enchanting,True,item,0,220,db2:item-req,240,280,,11204,False,
13858,Enchant Chest - Superior Health,Enchanting,True,residue,0,,,240,280,,,False,
13868,Enchant Gloves - Advanced Herbalism,Enchanting,True,item,0,225,db2:item-req,245,285,,11205,False,
13882,Enchant Cloak - Lesser Agility,Enchanting,True,item,0,225,db2:item-req,245,285,,11206,False,
13887,Enchant Gloves - Strength,Enchanting,True,residue,0,,,245,285,,,False,
13890,Enchant Boots - Minor Speed,Enchanting,True,residue,0,,,245,285,,,False,
13898,Enchant Weapon - Fiery Weapon,Enchanting,True,item,0,265,db2:item-req,285,325,,11207,False,
13905,Enchant Shield - Greater Spirit,Enchanting,True,residue,0,,,250,290,,,False,
13915,Enchant Weapon - Demonslaying,Enchanting,True,item,0,230,db2:item-req,250,290,,11208,False,
13917,Enchant Chest - Superior Mana,Enchanting,True,residue,0,,,250,290,,,False,
13920,Enchanting,Enchanting,False,trainer-rank,0,,,,,,,False,
13931,Enchant Bracer - Dodge,Enchanting,True,item,0,235,db2:item-req,255,295,,11223,False,
13935,Enchant Boots - Agility,Enchanting,True,residue,0,,,255,295,,,False,
13937,Enchant 2H Weapon - Greater Impact,Enchanting,True,residue,0,,,260,300,,,False,
13939,Enchant Bracer - Greater Strength,Enchanting,True,residue,0,,,260,300,,,False,
13941,Enchant Chest - Stats,Enchanting,True,residue,0,,,265,305,,,False,
13943,Enchant Weapon - Greater Striking,Enchanting,True,residue,0,,,265,305,,,False,
13945,Enchant Bracer - Greater Stamina,Enchanting,True,item,0,245,db2:item-req,265,305,,11225,False,
13947,Enchant Gloves - Riding Skill,Enchanting,True,item,0,250,db2:item-req,270,310,,11226,False,
13948,Enchant Gloves - Minor Haste,Enchanting,True,residue,0,,,270,310,,,False,
14293,Lesser Magic Wand,Enchanting,True,residue,0,,,75,115,,,False,
14807,Greater Magic Wand,Enchanting,True,residue,0,,,110,150,,,False,
14809,Lesser Mystic Wand,Enchanting,True,residue,0,,,175,215,,,False,
14810,Greater Mystic Wand,Enchanting,True,residue,0,,,195,235,,,False,
15596,Smoking Heart of the Mountain,Enchanting,True,item,0,265,db2:item-req,285,325,,11813,False,
17180,Enchanted Thorium Bar,Enchanting,True,residue,0,,,250,260,,,False,
17181,Enchanted Leather,Enchanting,True,residue,0,,,250,260,,,False,
20008,Enchant Bracer - Greater Intellect,Enchanting,True,item,0,255,db2:item-req,275,315,,16214,False,
20009,Enchant Bracer - Superior Spirit,Enchanting,True,item,0,270,db2:item-req,290,330,,16218,False,
20010,Enchant Bracer - Superior Strength,Enchanting,True,item,0,295,db2:item-req,310,340,,16246,False,
20011,Enchant Bracer - Superior Stamina,Enchanting,True,item,0,300,db2:item-req,310,340,,16251,False,
20012,Enchant Gloves - Greater Agility,Enchanting,True,item,0,270,db2:item-req,290,330,,16219,False,
20013,Enchant Gloves - Greater Strength,Enchanting,True,item,0,295,db2:item-req,310,340,,16244,False,
20015,Enchant Cloak - Superior Defense,Enchanting,True,item,0,285,db2:item-req,300,335,,16224,False,
20016,Enchant Shield - Vitality,Enchanting,True,item,0,280,db2:item-req,300,340,,16222,False,
20017,Enchant Shield - Greater Stamina,Enchanting,True,item,0,265,db2:item-req,285,325,,16217,False,
20020,Enchant Boots - Greater Stamina,Enchanting,True,item,0,260,db2:item-req,280,320,,16215,False,
20023,Enchant Boots - Greater Agility,Enchanting,True,item,0,295,db2:item-req,310,340,,16245,False,
20024,Enchant Boots - Spirit,Enchanting,True,item,0,275,db2:item-req,295,335,,16220,False,
20025,Enchant Chest - Greater Stats,Enchanting,True,item,0,300,db2:item-req,310,340,,16253,False,
20026,Enchant Chest - Major Health,Enchanting,True,item,0,275,db2:item-req,295,335,,16221,False,
20028,Enchant Chest - Major Mana,Enchanting,True,item,0,290,db2:item-req,305,340,,16242,False,
20029,Enchant Weapon - Icy Chill,Enchanting,True,item,0,285,db2:item-req,300,335,,16223,False,
20030,Enchant 2H Weapon - Superior Impact,Enchanting,True,item,0,295,db2:item-req,310,340,,16247,False,
20031,Enchant Weapon - Superior Striking,Enchanting,True,item,0,300,db2:item-req,310,340,,16250,False,
20032,Enchant Weapon - Lifestealing,Enchanting,True,item,0,300,db2:item-req,310,340,,16254,False,
20033,Enchant Weapon - Unholy Weapon,Enchanting,True,item,0,295,db2:item-req,310,340,,16248,False,
20034,Enchant Weapon - Crusader,Enchanting,True,item,0,300,db2:item-req,310,340,,16252,False,
20035,Enchant 2H Weapon - Major Spirit,Enchanting,True,item,0,300,db2:item-req,310,340,,16255,False,
20036,Enchant 2H Weapon - Major Intellect,Enchanting,True,item,0,300,db2:item-req,310,340,,16249,False,
21931,Enchant Weapon - Winter's Might,Enchanting,True,item,0,190,db2:item-req,210,250,,17725,False,
22749,Enchant Weapon - Spellpower,Enchanting,True,item,0,300,db2:item-req,310,340,,18259,False,
22750,Enchant Weapon - Healing Power,Enchanting,True,item,0,300,db2:item-req,310,340,,18260,False,
23799,Enchant Weapon - Strength,Enchanting,True,item,0,290,db2:item-req,305,340,,19444,False,
23800,Enchant Weapon - Agility,Enchanting,True,item,0,290,db2:item-req,305,340,,19445,False,
23801,Enchant Bracer - Mana Regeneration,Enchanting,True,item,0,290,db2:item-req,305,340,,19446,False,
23802,Enchant Bracer - Healing Power,Enchanting,True,item,0,300,db2:item-req,310,340,,19447,False,
23803,Enchant Weapon - Mighty Spirit,Enchanting,True,item,0,300,db2:item-req,310,340,,19448,False,
23804,Enchant Weapon - Mighty Intellect,Enchanting,True,item,0,300,db2:item-req,310,340,,19449,False,
25072,Enchant Gloves - Threat,Enchanting,True,item,0,300,db2:item-req,310,340,,33153,False,
25073,Enchant Gloves - Shadow Power,Enchanting,True,item,0,300,db2:item-req,310,340,,20727,False,
25074,Enchant Gloves - Frost Power,Enchanting,True,item,0,300,db2:item-req,310,340,,20728,False,
25078,Enchant Gloves - Fire Power,Enchanting,True,item,0,300,db2:item-req,310,340,,20729,False,
25079,Enchant Gloves - Healing Power,Enchanting,True,item,0,300,db2:item-req,310,340,,20730,False,
25080,Enchant Gloves - Superior Agility,Enchanting,True,item,0,300,db2:item-req,310,340,,33152,False,
25083,Enchant Cloak - Stealth,Enchanting,True,item,0,300,db2:item-req,310,340,,33149,False,
25084,Enchant Cloak - Subtlety,Enchanting,True,item,0,300,db2:item-req,310,340,,33150,False,
25086,Enchant Cloak - Dodge,Enchanting,True,item,0,300,db2:item-req,310,340,,33148,False,
25124,Minor Wizard Oil,Enchanting,True,item,0,45,db2:item-req,55,75,,20758,False,
25125,Minor Mana Oil,Enchanting,True,item,0,150,db2:item-req,160,180,,20752,False,
25126,Lesser Wizard Oil,Enchanting,True,item,0,200,db2:item-req,210,230,,20753,False,
25127,Lesser Mana Oil,Enchanting,True,item,0,250,db2:item-req,260,280,,20754,False,
25128,Wizard Oil,Enchanting,True,item,0,275,db2:item-req,285,305,,20755,False,
25129,Brilliant Wizard Oil,Enchanting,True,item,0,300,db2:item-req,310,330,,20756,False,
25130,Brilliant Mana Oil,Enchanting,True,item,0,300,db2:item-req,310,330,,20757,False,
27837,Enchant 2H Weapon - Agility,Enchanting,True,item,0,290,db2:item-req,305,340,,22392,False,
27899,Enchant Bracer - Brawn,Enchanting,True,residue,0,,,315,345,,,False,
27905,Enchant Bracer - Stats,Enchanting,True,residue,0,,,325,355,,,False,
27906,Enchant Bracer - Greater Dodge,Enchanting,True,item,0,320,db2:item-req,330,360,,22530,False,
27911,Enchant Bracer - Superior Healing,Enchanting,True,item,0,325,db2:item-req,335,365,,22531,False,
27913,Enchant Bracer - Restore Mana Prime,Enchanting,True,item,0,335,db2:item-req,345,375,,22532,False,
27914,Enchant Bracer - Fortitude,Enchanting,True,item,0,350,db2:item-req,370,380,,22533,False,
27917,Enchant Bracer - Spellpower,Enchanting,True,item,0,360,db2:item-req,370,400,,22534,False,
27920,Enchant Ring - Striking,Enchanting,True,item,0,360,db2:item-req,370,385,,22535,False,
27924,Enchant Ring - Minor Intellect,Enchanting,True,item,0,360,db2:item-req,370,385,,22536,False,
27927,Enchant Ring - Stats,Enchanting,True,item,0,375,db2:item-req,380,390,,22538,False,
27944,Enchant Shield - Lesser Dodge,Enchanting,True,residue,0,,,320,350,,,False,
27945,Enchant Shield - Intellect,Enchanting,True,item,0,325,db2:item-req,335,365,,22539,False,
27946,Enchant Shield - Parry,Enchanting,True,item,0,340,db2:item-req,350,380,,22540,False,
27948,Enchant Boots - Vitality,Enchanting,True,item,0,305,db2:item-req,315,345,,22542,False,
27950,Enchant Boots - Fortitude,Enchanting,True,item,0,320,db2:item-req,330,360,,22543,False,
27951,Enchant Boots - Dexterity,Enchanting,True,item,0,340,db2:item-req,350,380,,22544,False,
27954,Enchant Boots - Surefooted,Enchanting,True,item,0,370,db2:item-req,380,390,,22545,False,
27957,Enchant Chest - Exceptional Health,Enchanting,True,residue,0,,,325,355,,,False,
27958,Enchant Chest - Exceptional Mana,Enchanting,True,item,0,325,db2:item-req,375,385,,22546,False,
27960,Enchant Chest - Exceptional Stats,Enchanting,True,item,0,345,db2:item-req,355,380,,24003,False,
27961,Enchant Cloak - Major Armor,Enchanting,True,residue,0,,,320,350,,,False,
27967,Enchant Weapon - Major Striking,Enchanting,True,item,0,340,db2:item-req,350,380,,22552,False,
27968,Enchant Weapon - Major Intellect,Enchanting,True,item,0,340,db2:item-req,350,380,,22551,False,
27971,Enchant 2H Weapon - Savagery,Enchanting,True,item,0,350,db2:item-req,370,380,,22554,False,
27972,Enchant Weapon - Potency,Enchanting,True,item,0,350,db2:item-req,370,380,,22553,False,
27975,Enchant Weapon - Major Spellpower,Enchanting,True,item,0,350,db2:item-req,370,380,,22555,False,
27977,Enchant 2H Weapon - Major Agility,Enchanting,True,item,0,360,db2:item-req,370,385,,22556,False,
27981,Enchant Weapon - Sunfire,Enchanting,True,item,0,375,db2:item-req,390,390,,22560,False,
27982,Enchant Weapon - Soulfrost,Enchanting,True,item,0,375,db2:item-req,380,390,,22561,False,
27984,Enchant Weapon - Mongoose,Enchanting,True,item,0,375,db2:item-req,380,390,,22559,False,
28003,Enchant Weapon - Spellsurge,Enchanting,True,item,0,360,db2:item-req,370,385,,22558,False,
28004,Enchant Weapon - Battlemaster,Enchanting,True,item,0,360,db2:item-req,370,385,,22557,False,
28016,Superior Mana Oil,Enchanting,True,item,0,310,db2:item-req,310,330,,22562,False,
28019,Superior Wizard Oil,Enchanting,True,item,0,340,db2:item-req,340,360,,22563,False,
28021,Arcane Dust,Enchanting,True,item,0,325,db2:item-req,335,355,,22564,False,
28022,Large Prismatic Shard,Enchanting,True,item,0,335,db2:item-req,5,10,,22565,False,orange>yellow: orange tier empty (learned late)
28027,Prismatic Sphere,Enchanting,True,residue,0,,,325,335,,,False,
28028,Void Sphere,Enchanting,True,residue,0,,,370,380,,,False,
28029,Enchanting,Enchanting,False,trainer-rank,0,,,,,,,False,
33990,Enchant Chest - Major Spirit,Enchanting,True,residue,0,,,330,360,,,False,
33991,Enchant Chest - Restore Mana Prime,Enchanting,True,residue,0,,,310,340,,,False,
33992,Enchant Chest - Major Resilience,Enchanting,True,item,0,345,db2:item-req,355,380,,28270,False,
33993,Enchant Gloves - Blasting,Enchanting,True,residue,0,,,315,345,,,False,
33994,Enchant Gloves - Precise Strikes,Enchanting,True,item,0,360,db2:item-req,370,385,,28271,False,
33995,Enchant Gloves - Major Strength,Enchanting,True,residue,0,,,350,380,,,False,
33996,Enchant Gloves - Assault,Enchanting,True,residue,0,,,320,350,,,False,
33997,Enchant Gloves - Major Spellpower,Enchanting,True,item,0,360,db2:item-req,370,385,,28272,False,
33999,Enchant Gloves - Major Healing,Enchanting,True,item,0,350,db2:item-req,370,380,,28273,False,
34001,Enchant Bracer - Major Intellect,Enchanting,True,residue,0,,,315,345,,,False,
34002,Enchant Bracer - Lesser Assault,Enchanting,True,residue,0,,,310,340,,,False,
34003,Enchant Cloak - PvP Power,Enchanting,True,item,0,325,db2:item-req,335,365,,28274,False,
34004,Enchant Cloak - Greater Agility,Enchanting,True,residue,0,,,320,350,,,False,
34007,Enchant Boots - Cat's Swiftness,Enchanting,True,item,0,360,db2:item-req,370,385,,28279,False,
34008,Enchant Boots - Boar's Speed,Enchanting,True,item,0,360,db2:item-req,370,385,,28280,False,
34009,Enchant Shield - Major Stamina,Enchanting,True,item,0,325,db2:item-req,335,365,,28282,False,
34010,Enchant Weapon - Major Healing,Enchanting,True,item,0,350,db2:item-req,370,380,,28281,False,
42613,Nexus Transformation,Enchanting,True,residue,0,,,295,305,,,False,
42615,Small Prismatic Shard,Enchanting,True,residue,0,,,315,335,,,False,
42620,Enchant Weapon - Greater Agility,Enchanting,True,item,0,350,db2:item-req,360,375,,33165,False,
42974,Enchant Weapon - Executioner,Enchanting,True,item,0,375,db2:item-req,380,390,,33307,False,
44383,Enchant Shield - Resilience,Enchanting,True,residue,0,,,340,370,,,False,
44484,Enchant Gloves - Expertise,Enchanting,True,residue,0,,,415,435,,,False,
44488,Enchant Gloves - Precision,Enchanting,True,residue,0,,,425,440,,,False,
44489,Enchant Shield - Dodge,Enchanting,True,residue,0,,,430,450,,,False,
44492,Enchant Chest - Mighty Health,Enchanting,True,residue,0,,,405,425,,,False,
44500,Enchant Cloak - Superior Agility,Enchanting,True,item,0,400,db2:item-req,405,425,,37335,False,
44506,Enchant Gloves - Gatherer,Enchanting,True,residue,0,,,390,400,,,False,
44508,Enchant Boots - Greater Spirit,Enchanting,True,residue,0,,,425,440,,,False,
44509,Enchant Chest - Greater Mana Restoration,Enchanting,True,residue,0,,,430,450,,,False,
44510,Enchant Weapon - Exceptional Spirit,Enchanting,True,item,0,400,db2:item-req,425,440,,37329,False,
44513,Enchant Gloves - Greater Assault,Enchanting,True,item,0,420,db2:item-req,405,425,,37345,False,orange>yellow: orange tier empty (learned late)
44524,Enchant Weapon - Icebreaker,Enchanting,True,item,0,425,db2:item-req,435,455,,37344,False,
44528,Enchant Boots - Greater Fortitude,Enchanting,True,residue,0,,,400,410,,,False,
44529,Enchant Gloves - Major Agility,Enchanting,True,residue,0,,,425,445,,,False,
44555,Enchant Bracer - Exceptional Intellect,Enchanting,True,residue,0,,,385,400,,,False,
44575,Enchant Bracer - Greater Assault,Enchanting,True,item,0,430,db2:item-req,440,460,,44484,False,
44576,Enchant Weapon - Lifeward,Enchanting,True,item,0,425,db2:item-req,435,455,,44494,False,
44582,Enchant Cloak - Minor Power,Enchanting,True,residue,0,,,395,410,,,False,
44584,Enchant Boots - Greater Vitality,Enchanting,True,residue,0,,,415,435,,,False,
44588,Enchant Chest - Exceptional Resilience,Enchanting,True,item,0,410,db2:item-req,435,455,,37340,False,
44589,Enchant Boots - Superior Agility,Enchanting,True,item,0,410,db2:item-req,425,445,,37341,False,
44591,Enchant Cloak - Superior Dodge,Enchanting,True,item,0,435,db2:item-req,445,465,,37347,False,
44592,Enchant Gloves - Exceptional Spellpower,Enchanting,True,residue,0,,,375,385,,,False,
44593,Enchant Bracer - Major Spirit,Enchanting,True,item,0,400,db2:item-req,430,450,,37326,False,
44595,Enchant 2H Weapon - Scourgebane,Enchanting,True,item,0,400,db2:item-req,440,460,,37327,False,
44598,Enchant Bracer - Expertise,Enchanting,True,item,0,420,db2:item-req,425,445,,37346,False,
44612,Enchant Gloves - Greater Blasting,Enchanting,True,item,0,410,db2:item-req,405,420,,37342,False,orange>yellow: orange tier empty (learned late)
44616,Enchant Bracer - Greater Stats,Enchanting,True,item,0,400,db2:item-req,410,430,,37337,False,
44621,Enchant Weapon - Giant Slayer,Enchanting,True,item,0,430,db2:item-req,440,460,,37339,False,
44623,Enchant Chest - Super Stats,Enchanting,True,residue,0,,,380,400,,,False,
44625,Enchant Gloves - Armsman,Enchanting,True,item,0,435,db2:item-req,445,465,,44485,False,
44629,Enchant Weapon - Exceptional Spellpower,Enchanting,True,residue,0,,,405,425,,,False,
44630,Enchant 2H Weapon - Greater Savagery,Enchanting,True,item,0,410,db2:item-req,400,420,,37338,False,orange>yellow: orange tier empty (learned late)
44631,Enchant Cloak - Shadow Armor,Enchanting,True,item,0,440,db2:item-req,450,470,,37349,False,
44633,Enchant Weapon - Exceptional Agility,Enchanting,True,item,0,420,db2:item-req,425,440,,37343,False,
44635,Enchant Bracer - Greater Spellpower,Enchanting,True,residue,0,,,405,425,,,False,
44636,Enchant Ring - Lesser Intellect,Enchanting,True,residue,0,,,400,405,,,False,
44645,Enchant Ring - Assault,Enchanting,True,residue,0,,,400,405,,,False,
45765,Void Shatter,Enchanting,True,item,0,375,db2:item-req,360,365,,34872,False,orange>yellow: orange tier empty (learned late)
46578,Enchant Weapon - Deathfrost,Enchanting,True,item,0,350,db2:item-req,350,365,,35498,False,
46594,Enchant Chest - Dodge,Enchanting,True,item,0,360,db2:item-req,370,400,,35500,False,
47051,Enchant Cloak - Greater Dodge,Enchanting,True,item,0,375,db2:item-req,380,390,,35756,False,
47672,Enchant Cloak - Mighty Stamina,Enchanting,True,item,0,430,db2:item-req,440,460,,44471,False,
47766,Enchant Chest - Greater Dodge,Enchanting,True,item,0,400,db2:item-req,410,430,,37336,False,
47898,Enchant Cloak - Greater Speed,Enchanting,True,item,0,425,db2:item-req,440,460,,37348,False,
47899,Enchant Cloak - Wisdom,Enchanting,True,item,0,440,db2:item-req,450,470,,44488,False,
47900,Enchant Chest - Super Health,Enchanting,True,residue,0,,,435,455,,,False,
47901,Enchant Boots - Tuskarr's Vitality,Enchanting,True,item,0,440,db2:item-req,450,470,,44491,False,
51313,Enchanting,Enchanting,False,trainer-rank,0,,,,,,,False,
59619,Enchant Weapon - Accuracy,Enchanting,True,item,0,440,db2:item-req,450,470,,44496,False,
59621,Enchant Weapon - Berserking,Enchanting,True,item,0,440,db2:item-req,450,470,,44492,False,
59625,Enchant Weapon - Black Magic,Enchanting,True,item,0,440,db2:item-req,450,470,,44495,False,
59636,Enchant Ring - Lesser Stamina,Enchanting,True,residue,0,,,400,405,,,False,
60606,Enchant Boots - Assault,Enchanting,True,residue,0,,,385,405,,,False,
60609,Enchant Cloak - Speed,Enchanting,True,residue,0,,,375,385,,,False,
60616,Enchant Bracer - Assault,Enchanting,True,residue,0,,,375,385,,,False,
60621,Enchant Weapon - Greater Potency,Enchanting,True,residue,0,,,390,410,,,False,
60623,Enchant Boots - Icewalker,Enchanting,True,residue,0,,,395,415,,,False,
60653,Enchant Shield - Greater Intellect,Enchanting,True,residue,0,,,405,425,,,False,
60663,Enchant Cloak - Major Agility,Enchanting,True,residue,0,,,430,450,,,False,
60668,Enchant Gloves - Crusher,Enchanting,True,residue,0,,,435,455,,,False,
60691,Enchant 2H Weapon - Massacre,Enchanting,True,item,0,430,db2:item-req,440,460,,44483,False,
60692,Enchant Chest - Powerful Stats,Enchanting,True,item,0,440,db2:item-req,450,470,,44489,False,
60707,Enchant Weapon - Superior Potency,Enchanting,True,item,0,435,db2:item-req,445,465,,44486,False,
60714,Enchant Weapon - Mighty Spellpower,Enchanting,True,item,0,435,db2:item-req,445,465,,44487,False,
60763,Enchant Boots - Greater Assault,Enchanting,True,item,0,440,db2:item-req,450,470,,44490,False,
60767,Enchant Bracer - Superior Spellpower,Enchanting,True,item,0,440,db2:item-req,450,470,,44498,False,
62256,Enchant Bracer - Major Stamina,Enchanting,True,item,0,450,db2:item-req,460,480,,44944,False,
62257,Enchant Weapon - Titanguard,Enchanting,True,item,0,450,db2:item-req,460,480,,44945,False,
62948,Enchant Staff - Greater Spellpower,Enchanting,True,item,0,450,db2:item-req,455,465,,45059,False,
62959,Enchant Staff - Spellpower,Enchanting,True,residue,0,,,395,415,,,False,
63746,Enchant Boots - Lesser Accuracy,Enchanting,True,residue,0,,,245,285,,,False,
64441,Enchant Weapon - Blade Ward,Enchanting,True,item,0,450,db2:item-req,455,465,,46027,False,
64579,Enchant Weapon - Blood Draining,Enchanting,True,item,0,450,db2:item-req,455,465,,46348,False,
69412,Abyssal Shatter,Enchanting,True,residue,0,,,400,410,,,False,
71692,Enchant Gloves - Angler,Enchanting,True,item,0,375,db2:item-req,385,400,,50406,False,
74132,Enchant Gloves - Mastery,Enchanting,True,residue,0,,,440,460,,,False,
74189,Enchant Boots - Earthen Vitality,Enchanting,True,residue,0,,,440,460,,,False,
74191,Enchant Chest - Mighty Stats,Enchanting,True,residue,0,,,440,460,,,False,
74192,Enchant Cloak - Lesser Power,Enchanting,True,residue,0,,,450,470,,,False,
74193,Enchant Bracer - Speed,Enchanting,True,residue,0,,,450,470,,,False,
74195,Enchant Weapon - Mending,Enchanting,True,residue,0,,,460,465,,,False,
74197,Enchant Weapon - Avalanche,Enchanting,True,residue,0,,,460,465,,,False,
74198,Enchant Gloves - Haste,Enchanting,True,residue,0,,,465,485,,,False,
74199,Enchant Boots - Haste,Enchanting,True,residue,0,,,465,485,,,False,
74200,Enchant Chest - Stamina,Enchanting,True,residue,0,,,470,490,,,False,
74201,Enchant Bracer - Critical Strike,Enchanting,True,residue,0,,,470,490,,,False,
74202,Enchant Cloak - Intellect,Enchanting,True,residue,0,,,475,495,,,False,
74207,Enchant Shield - Protection,Enchanting,True,residue,0,,,475,495,,,False,
74211,Enchant Weapon - Elemental Slayer,Enchanting,True,residue,0,,,480,500,,,False,
74212,Enchant Gloves - Exceptional Strength,Enchanting,True,residue,0,,,480,500,,,False,
74213,Enchant Boots - Major Agility,Enchanting,True,residue,0,,,485,505,,,False,
74214,Enchant Chest - Mighty Resilience,Enchanting,True,residue,0,,,485,505,,,False,
74215,Enchant Ring - Strength,Enchanting,True,residue,0,,,455,495,,,False,
74216,Enchant Ring - Agility,Enchanting,True,residue,0,,,455,495,,,False,
74217,Enchant Ring - Intellect,Enchanting,True,residue,0,,,455,495,,,False,
74218,Enchant Ring - Stamina,Enchanting,True,residue,0,,,455,495,,,False,
74220,Enchant Gloves - Greater Expertise,Enchanting,True,residue,0,,,490,510,,,False,
74223,Enchant Weapon - Hurricane,Enchanting,True,residue,0,,,490,510,,,False,
74225,Enchant Weapon - Heartsong,Enchanting,True,residue,0,,,495,515,,,False,
74226,Enchant Shield - Mastery,Enchanting,True,residue,0,,,495,515,,,False,
74229,Enchant Bracer - Superior Dodge,Enchanting,True,residue,0,,,500,520,,,False,
74230,Enchant Cloak - Critical Strike,Enchanting,True,residue,0,,,500,520,,,False,
74231,Enchant Chest - Exceptional Spirit,Enchanting,True,residue,0,,,505,525,,,False,
74232,Enchant Bracer - Precision,Enchanting,True,residue,0,,,505,525,,,False,
74234,Enchant Cloak - Protection,Enchanting,True,residue,0,,,510,530,,,False,
74235,Enchant Off-Hand - Superior Intellect,Enchanting,True,residue,0,,,510,530,,,False,
74236,Enchant Boots - Precision,Enchanting,True,residue,0,,,510,515,,,False,
74237,Enchant Bracer - Exceptional Spirit,Enchanting,True,residue,0,,,515,535,,,False,
74238,Enchant Boots - Mastery,Enchanting,True,residue,0,,,520,540,,,False,
74239,Enchant Bracer - Greater Expertise,Enchanting,True,residue,0,,,520,540,,,False,
74240,Enchant Cloak - Greater Intellect,Enchanting,True,residue,0,,,520,540,,,False,
74242,Enchant Weapon - Power Torrent,Enchanting,True,item,0,525,db2:item-req,525,540,,52733,False,
74244,Enchant Weapon - Windwalk,Enchanting,True,item,0,525,db2:item-req,525,540,,52735,False,
74246,Enchant Weapon - Landslide,Enchanting,True,item,0,525,db2:item-req,525,540,,52736,False,
74247,Enchant Cloak - Greater Critical Strike,Enchanting,True,item,0,525,db2:item-req,525,540,,52737,False,
74248,Enchant Bracer - Greater Critical Strike,Enchanting,True,item,0,525,db2:item-req,525,540,,52738,False,
74250,Enchant Chest - Peerless Stats,Enchanting,True,item,0,525,db2:item-req,525,540,,52739,False,
74251,Enchant Chest - Greater Stamina,Enchanting,True,item,0,525,db2:item-req,525,540,,52740,False,
74252,Enchant Boots - Assassin's Step,Enchanting,True,item,0,525,db2:item-req,525,540,,64411,False,
74253,Enchant Boots - Lavawalker,Enchanting,True,item,0,525,db2:item-req,525,540,,64412,False,
74254,Enchant Gloves - Mighty Strength,Enchanting,True,item,0,525,db2:item-req,525,540,,64415,False,
74255,Enchant Gloves - Greater Mastery,Enchanting,True,item,0,525,db2:item-req,525,540,,64414,False,
74256,Enchant Bracer - Greater Speed,Enchanting,True,item,0,525,db2:item-req,525,540,,64413,False,
74258,Enchanting,Enchanting,False,trainer-rank,0,,,,,,,False,
93841,Enchanted Lantern,Enchanting,True,item,0,525,db2:item-req,525,525,,67308,False,
93843,Magic Lamp,Enchanting,True,item,0,525,db2:item-req,525,525,,67312,False,
95471,Enchant 2H Weapon - Mighty Agility,Enchanting,True,residue,0,,,480,500,,,False,
96261,Enchant Bracer - Major Strength,Enchanting,True,item,0,515,db2:item-req,525,540,,68788,False,
96262,Enchant Bracer - Mighty Intellect,Enchanting,True,item,0,515,db2:item-req,525,540,,68789,False,
96264,Enchant Bracer - Agility,Enchanting,True,item,0,515,db2:item-req,525,540,,68787,False,
103461,Enchant Ring - Greater Agility,Enchanting,True,item,0,550,db2:item-req,555,560,,84575,False,
103462,Enchant Ring - Greater Intellect,Enchanting,True,item,0,550,db2:item-req,555,560,,84576,False,
103463,Enchant Ring - Greater Stamina,Enchanting,True,item,0,550,db2:item-req,555,560,,84577,False,
103465,Enchant Ring - Greater Strength,Enchanting,True,item,0,550,db2:item-req,555,560,,84578,False,
104338,Enchant Bracer - Mastery,Enchanting,True,item,0,500,db2:item-req,525,535,,84560,False,
104385,Enchant Bracer - Major Dodge,Enchanting,True,item,0,525,db2:item-req,550,600,,84558,False,
104389,Enchant Bracer - Super Intellect,Enchanting,True,item,0,600,db2:item-req,615,615,,84559,False,
104390,Enchant Bracer - Exceptional Strength,Enchanting,True,item,0,600,db2:item-req,615,615,,84561,False,
104391,Enchant Bracer - Greater Agility,Enchanting,True,item,0,600,db2:item-req,615,615,,84557,False,
104392,Enchant Chest - Super Resilience,Enchanting,True,item,0,525,db2:item-req,550,600,,84563,False,
104393,Enchant Chest - Mighty Spirit,Enchanting,True,item,0,525,db2:item-req,550,600,,84564,False,
104395,Enchant Chest - Glorious Stats,Enchanting,True,item,0,575,db2:item-req,600,605,,84562,False,
104397,Enchant Chest - Superior Stamina,Enchanting,True,item,0,550,db2:item-req,575,605,,84565,False,
104398,Enchant Cloak - Accuracy,Enchanting,True,item,0,550,db2:item-req,575,605,,84568,False,
104401,Enchant Cloak - Greater Protection,Enchanting,True,item,0,575,db2:item-req,600,605,,84566,False,
104403,Enchant Cloak - Superior Intellect,Enchanting,True,item,0,525,db2:item-req,550,600,,84569,False,
104404,Enchant Cloak - Superior Critical Strike,Enchanting,True,item,0,500,db2:item-req,525,535,,84567,False,
104407,Enchant Boots - Greater Haste,Enchanting,True,item,0,550,db2:item-req,575,605,,84554,False,
104408,Enchant Boots - Greater Precision,Enchanting,True,item,0,525,db2:item-req,550,600,,84555,False,
104409,Enchant Boots - Blurred Speed,Enchanting,True,item,0,550,db2:item-req,575,605,,84553,False,
104414,Enchant Boots - Pandaren's Step,Enchanting,True,item,0,575,db2:item-req,600,605,,84556,False,
104416,Enchant Gloves - Greater Haste,Enchanting,True,item,0,525,db2:item-req,550,600,,84571,False,
104417,Enchant Gloves - Superior Expertise,Enchanting,True,item,0,550,db2:item-req,575,605,,84570,False,
104419,Enchant Gloves - Super Strength,Enchanting,True,item,0,575,db2:item-req,600,605,,84573,False,
104420,Enchant Gloves - Superior Mastery,Enchanting,True,item,0,575,db2:item-req,600,605,,84572,False,
104425,Enchant Weapon - Windsong,Enchanting,True,item,0,550,db2:item-req,575,605,,84582,False,
104427,Enchant Weapon - Jade Spirit,Enchanting,True,item,0,,,615,615,,82396,False,
104430,Enchant Weapon - Elemental Force,Enchanting,True,item,0,525,db2:item-req,550,600,,84581,False,
104434,Enchant Weapon - Dancing Steel,Enchanting,True,item,0,600,db2:item-req,615,615,,84584,False,
104440,Enchant Weapon - Colossus,Enchanting,True,item,0,575,db2:item-req,600,605,,84579,False,
104442,Enchant Weapon - River's Song,Enchanting,True,item,0,600,db2:item-req,615,615,,84580,False,
104445,Enchant Off-Hand - Major Intellect,Enchanting,True,item,0,575,db2:item-req,600,605,,84574,False,
104698,Maelstrom Shatter,Enchanting,True,residue,0,,,465,500,,,False,
110400,Enchanting,Enchanting,False,trainer-rank,0,,,,,,,False,
116497,Mysterious Essence,Enchanting,True,residue,0,,,475,500,,,False,
116498,Ethereal Shard,Enchanting,True,residue,0,,,480,500,,,False,
116499,Sha Crystal,Enchanting,True,residue,0,,,485,505,,,False,
118237,Mysterious Diffusion,Enchanting,True,residue,0,,,475,500,,,False,
118238,Ethereal Shatter,Enchanting,True,residue,0,,,485,500,,,False,
118239,Sha Shatter,Enchanting,True,residue,0,,,480,500,,,False,
130758,Enchant Shield - Greater Parry,Enchanting,True,residue,0,,,600,605,,,False,
1257682,Enchant Weapon - Tyranny,Enchanting,True,item,0,600,db2:item-req,615,615,,254315,False,
3918,Rough Blasting Powder,Engineering,True,auto,1,,rule:orange1-candidate,20,40,,,False,
3919,Rough Dynamite,Engineering,True,auto,1,,rule:orange1-candidate,30,60,,,False,
3922,Handful of Copper Bolts,Engineering,True,residue,0,,,45,60,,,False,
3923,Rough Copper Bomb,Engineering,True,residue,0,,,60,90,,,False,
3925,Rough Boomstick,Engineering,True,residue,0,,,80,110,,,False,
3928,Mechanical Squirrel Box,Engineering,True,item,0,75,db2:item-req,105,135,,4408,False,
3929,Coarse Blasting Powder,Engineering,True,residue,0,,,85,95,,,False,
3931,Coarse Dynamite,Engineering,True,residue,0,,,95,105,,,False,
3932,Target Dummy,Engineering,True,residue,0,,,115,145,,,False,
3933,Small Seaforium Charge,Engineering,True,item,0,100,db2:item-req,130,160,,4409,False,
3934,Flying Tiger Goggles,Engineering,True,residue,0,,,130,160,,,False,
3936,Deadly Blunderbuss,Engineering,True,residue,0,,,130,155,,,False,
3937,Large Copper Bomb,Engineering,True,residue,0,,,125,155,,,False,
3938,Bronze Tube,Engineering,True,residue,0,,,115,155,,,False,
3939,Lovingly Crafted Boomstick,Engineering,True,item,0,120,db2:item-req,145,170,,13309,False,
3940,Shadow Goggles,Engineering,True,item,0,120,db2:item-req,145,170,,4410,False,
3941,Small Bronze Bomb,Engineering,True,residue,0,,,120,170,,,False,
3942,Whirring Bronze Gizmo,Engineering,True,residue,0,,,125,175,,,False,
3944,Flame Deflector,Engineering,True,item,0,125,db2:item-req,125,175,,4411,False,
3945,Heavy Blasting Powder,Engineering,True,residue,0,,,125,145,,,False,
3946,Heavy Dynamite,Engineering,True,residue,0,,,125,145,,,False,
3949,Silver-plated Shotgun,Engineering,True,residue,0,,,155,180,,,False,
3950,Big Bronze Bomb,Engineering,True,residue,0,,,140,190,,,False,
3952,Minor Recombobulator,Engineering,True,item,0,140,db2:item-req,165,190,,14639,False,
3953,Bronze Framework,Engineering,True,residue,0,,,145,195,,,False,
3954,Moonsight Rifle,Engineering,True,item,0,145,db2:item-req,170,195,,4412,False,
3955,Explosive Sheep,Engineering,True,residue,0,,,175,200,,,False,
3956,Green Tinted Goggles,Engineering,True,residue,0,,,175,200,,,False,
3957,Ice Deflector,Engineering,True,item,0,155,db2:item-req,175,195,,13308,False,
3958,Iron Strut,Engineering,True,residue,0,,,160,180,,,False,
3959,Discombobulator Ray,Engineering,True,item,0,160,db2:item-req,180,200,,4413,False,
3960,Portable Bronze Mortar,Engineering,True,item,0,165,db2:item-req,185,205,,4414,False,
3961,Gyrochronatom,Engineering,True,residue,0,,,170,210,,,False,
3962,Iron Grenade,Engineering,True,residue,0,,,175,215,,,False,
3963,Compact Harvest Reaper Kit,Engineering,True,residue,0,,,175,215,,,False,
3965,Advanced Target Dummy,Engineering,True,residue,0,,,185,225,,,False,
3966,Craftsman's Monocle,Engineering,True,item,0,185,db2:item-req,205,225,,4415,False,
3967,Big Iron Bomb,Engineering,True,residue,0,,,190,230,,,False,
3968,Goblin Land Mine,Engineering,True,item,0,195,db2:item-req,215,235,,4416,False,
3969,Mechanical Dragonling,Engineering,True,item,0,200,db2:item-req,220,240,,13311,False,
3971,Gnomish Cloaking Device,Engineering,True,item,0,200,db2:item-req,220,240,,7742,False,
3972,Large Seaforium Charge,Engineering,True,item,0,200,db2:item-req,200,240,,4417,False,
3973,Silver Contact,Engineering,True,residue,0,,,110,140,,,False,
3977,Crude Scope,Engineering,True,residue,0,,,90,120,,,False,
3978,Standard Scope,Engineering,True,residue,0,,,135,160,,,False,
3979,Accurate Scope,Engineering,True,item,0,180,db2:item-req,200,220,,13310,False,
4036,Engineering,Engineering,False,trainer-rank,0,,,,,,,False,
4037,Engineering,Engineering,False,trainer-rank,0,,,,,,,False,
4038,Engineering,Engineering,False,trainer-rank,0,,,,,,,False,
6458,Ornate Spyglass,Engineering,True,residue,0,,,160,185,,,False,
7430,Arclight Spanner,Engineering,True,residue,0,,,70,90,,,False,
8243,Flash Bomb,Engineering,True,item,0,185,db2:item-req,185,225,,6672,False,
8334,Clockwork Box,Engineering,True,residue,0,,,125,125,,,False,
8339,EZ-Thro Dynamite,Engineering,True,item,0,100,db2:item-req,115,130,,6716,False,
8895,Goblin Rocket Boots,Engineering,True,item,0,130,db2:item-req,245,265,,7192,False,
9269,Gnomish Universal Remote,Engineering,True,item,0,125,db2:item-req,150,175,,7560,False,
9271,Aquadynamic Fish Attractor,Engineering,True,residue,0,,,150,170,,,False,
9273,Goblin Jumper Cables,Engineering,True,item,0,165,db2:item-req,160,200,,7561,False,orange>yellow: orange tier empty (learned late)
12584,Gold Power Core,Engineering,True,residue,0,,,150,190,,,False,
12585,Solid Blasting Powder,Engineering,True,residue,0,,,175,195,,,False,
12586,Solid Dynamite,Engineering,True,residue,0,,,175,195,,,False,
12587,Bright-Eye Goggles,Engineering,True,item,0,175,db2:item-req,195,215,,10601,False,
12589,Mithril Tube,Engineering,True,residue,0,,,195,235,,,False,
12590,Gyromatic Micro-Adjustor,Engineering,True,residue,0,,,175,215,,,False,
12591,Unstable Trigger,Engineering,True,residue,0,,,200,240,,,False,
12594,Fire Goggles,Engineering,True,residue,0,,,225,245,,,False,
12595,Mithril Blunderbuss,Engineering,True,residue,0,,,225,245,,,False,
12597,Deadly Scope,Engineering,True,item,0,210,db2:item-req,230,250,,10602,False,
12599,Mithril Casing,Engineering,True,residue,0,,,215,255,,,False,
12603,Mithril Frag Bomb,Engineering,True,residue,0,,,215,255,,,False,
12607,Catseye Ultra Goggles,Engineering,True,item,0,220,db2:item-req,240,260,,10603,False,
12614,Mithril Heavy-bore Rifle,Engineering,True,item,0,220,db2:item-req,240,260,,10604,False,
12615,Spellpower Goggles Xtreme,Engineering,True,item,0,225,db2:item-req,245,265,,10605,False,
12616,Parachute Cloak,Engineering,True,item,0,225,db2:item-req,245,265,,10606,False,
12617,Deepdive Helmet,Engineering,True,item,0,230,db2:item-req,250,270,,10607,False,
12618,Rose Colored Goggles,Engineering,True,residue,0,,,250,270,,,False,
12619,Hi-Explosive Bomb,Engineering,True,residue,0,,,235,275,,,False,
12620,Sniper Scope,Engineering,True,item,0,240,db2:item-req,260,280,,10608,False,
12622,Green Lens,Engineering,True,residue,0,,,265,285,,,False,
12624,Mithril Mechanical Dragonling,Engineering,True,item,0,250,db2:item-req,270,290,,10609,False,
12656,Engineering,Engineering,False,trainer-rank,0,,,,,,,False,
12715,Goblin Rocket Fuel Recipe,Engineering,True,residue,0,,,205,205,,,False,
12716,Goblin Mortar,Engineering,True,special,0,,,225,245,,,False,
12717,Goblin Mining Helmet,Engineering,True,residue,0,,,225,245,,,False,
12718,Goblin Construction Helmet,Engineering,True,residue,0,,,225,245,,,False,
12722,Goblin Radio,Engineering,True,residue,0,,,240,260,,,False,
12754,The Big One,Engineering,True,residue,0,,,235,275,,,False,
12755,Goblin Bomb Dispenser,Engineering,True,residue,0,,,230,270,,,False,
12758,Goblin Rocket Helmet,Engineering,True,residue,0,,,265,285,,,False,
12759,Gnomish Death Ray,Engineering,True,residue,0,,,260,280,,,False,
12760,Goblin Sapper Charge,Engineering,True,residue,0,,,205,245,,,False,
12895,Inlaid Mithril Cylinder Plans,Engineering,True,residue,0,,,195,195,,,False,
12897,Gnomish Goggles,Engineering,True,residue,0,,,230,250,,,False,
12899,Gnomish Shrink Ray,Engineering,True,residue,0,,,225,245,,,False,
12900,Mobile Alarm,Engineering,True,residue,0,,,205,245,,,False,
12902,Gnomish Net-o-Matic Projector,Engineering,True,residue,0,,,230,250,,,False,
12903,Gnomish Harm Prevention Belt,Engineering,True,residue,0,,,235,255,,,False,
12904,Gnomish Ham Radio,Engineering,True,residue,0,,,240,260,,,False,
12905,Gnomish Rocket Boots,Engineering,True,residue,0,,,245,265,,,False,
12906,Gnomish Battle Chicken,Engineering,True,residue,0,,,250,270,,,False,
12907,Gnomish Mind Control Cap,Engineering,True,residue,0,,,255,275,,,False,
12908,Goblin Dragon Gun,Engineering,True,residue,0,,,260,280,,,False,
13240,The Mortar: Reloaded,Engineering,True,special,0,,,,,,,False,
15255,Mechanical Repair Kit,Engineering,True,residue,0,,,200,240,,,False,
15628,Pet Bombling,Engineering,True,item,0,205,db2:item-req,205,205,,11828,False,
15633,Lil' Smoky,Engineering,True,item,0,205,db2:item-req,205,205,,11827,False,
19567,Salt Shaker,Engineering,True,residue,0,,,270,290,,,False,
19788,Dense Blasting Powder,Engineering,True,residue,0,,,250,260,,,False,
19790,Thorium Grenade,Engineering,True,item,0,260,db2:item-req,280,300,,16041,False,
19791,Thorium Widget,Engineering,True,item,0,260,db2:item-req,280,300,,16042,False,
19792,Thorium Rifle,Engineering,True,item,0,260,db2:item-req,280,300,,16043,False,
19793,Lifelike Mechanical Toad,Engineering,True,item,0,265,db2:item-req,285,305,,16044,False,
19794,Spellpower Goggles Xtreme Plus,Engineering,True,item,0,270,db2:item-req,290,310,,16045,False,
19795,Thorium Tube,Engineering,True,item,0,275,db2:item-req,295,315,,16047,False,
19796,Dark Iron Rifle,Engineering,True,item,0,275,db2:item-req,295,315,,16048,False,
19799,Dark Iron Bomb,Engineering,True,item,0,285,db2:item-req,305,325,,16049,False,
19814,Masterwork Target Dummy,Engineering,True,item,0,275,db2:item-req,295,315,,16046,False,
19815,Delicate Arcanite Converter,Engineering,True,item,0,285,db2:item-req,305,325,,16050,False,
19819,Voice Amplification Modulator,Engineering,True,item,0,290,db2:item-req,310,330,,16052,False,
19825,Master Engineer's Goggles,Engineering,True,item,0,290,db2:item-req,310,330,,16053,False,
19830,Arcanite Dragonling,Engineering,True,item,0,300,db2:item-req,320,340,,16054,False,
19831,Arcane Bomb,Engineering,True,item,0,300,db2:item-req,320,340,,16055,False,
19833,Flawless Arcanite Rifle,Engineering,True,item,0,300,db2:item-req,320,340,,16056,False,
20219,Gnomish Engineer,Engineering,False,special,0,,,,,,,False,
20222,Goblin Engineer,Engineering,False,special,0,,,,,,,False,
21940,Snowmaster 9000,Engineering,True,item,0,190,db2:item-req,190,230,,17720,False,
22704,Field Repair Bot 74A,Engineering,True,item,0,300,db2:item-req,320,340,,18235,False,
22793,Biznicks 247x128 Accurascope,Engineering,True,item,0,300,db2:item-req,320,340,,18290,False,
22795,Core Marksman Rifle,Engineering,True,item,0,300,db2:item-req,320,340,,18292,False,
22797,Force Reactive Disk,Engineering,True,item,0,300,db2:item-req,320,340,,18291,False,
23066,Red Firework,Engineering,True,item,0,150,db2:item-req,150,175,,18647,False,
23067,Blue Firework,Engineering,True,item,0,150,db2:item-req,150,175,,18649,False,
23068,Green Firework,Engineering,True,item,0,150,db2:item-req,150,175,,18648,False,
23069,EZ-Thro Dynamite II,Engineering,True,item,0,200,db2:item-req,200,220,,18650,False,
23070,Dense Dynamite,Engineering,True,residue,0,,,250,270,,,False,
23071,Truesilver Transformer,Engineering,True,item,0,260,db2:item-req,270,280,,18651,False,
23077,Gyrofreeze Ice Reflector,Engineering,True,item,0,260,db2:item-req,280,300,,18652,False,
23078,Goblin Jumper Cables XL,Engineering,True,item,0,265,db2:item-req,285,305,,18653,False,
23079,Major Recombobulator,Engineering,True,item,0,275,db2:item-req,285,295,,18655,False,
23080,Powerful Seaforium Charge,Engineering,True,item,0,275,db2:item-req,275,295,,18656,False,
23081,Hyper-Radiant Flame Reflector,Engineering,True,item,0,290,db2:item-req,310,330,,18657,False,
23082,Ultra-Flash Shadow Reflector,Engineering,True,item,0,300,db2:item-req,320,340,,18658,False,
23096,Gnomish Alarm-o-Bot,Engineering,True,item,0,265,db2:item-req,275,285,,18654,False,
23129,World Enlarger,Engineering,True,item,0,260,db2:item-req,260,270,,18661,False,
23486,Dimensional Ripper - Everlook,Engineering,True,special,0,,,285,305,,,False,
23489,Ultrasafe Transporter - Gadgetzan,Engineering,True,special,0,,,285,305,,,False,
23507,Snake Burst Firework,Engineering,True,item,0,250,db2:item-req,250,270,,19027,False,
24356,Bloodvine Goggles,Engineering,True,item,0,300,db2:item-req,320,340,,20000,False,
24357,Bloodvine Lens,Engineering,True,item,0,300,db2:item-req,320,340,,20001,False,
26011,Tranquil Mechanical Yeti,Engineering,True,special,0,,,320,340,,,False,
26416,Small Blue Rocket,Engineering,True,item,0,125,db2:item-req,125,150,,21724,False,
26417,Small Green Rocket,Engineering,True,item,0,125,db2:item-req,125,150,,21725,False,
26418,Small Red Rocket,Engineering,True,item,0,125,db2:item-req,125,150,,21726,False,
26420,Large Blue Rocket,Engineering,True,item,0,175,db2:item-req,175,200,,21727,False,
26421,Large Green Rocket,Engineering,True,item,0,175,db2:item-req,175,200,,21728,False,
26422,Large Red Rocket,Engineering,True,item,0,175,db2:item-req,175,200,,21729,False,
26423,Blue Rocket Cluster,Engineering,True,item,0,225,db2:item-req,225,250,,21730,False,
26424,Green Rocket Cluster,Engineering,True,item,0,225,db2:item-req,225,250,,21731,False,
26425,Red Rocket Cluster,Engineering,True,item,0,225,db2:item-req,225,250,,21732,False,
26426,Large Blue Rocket Cluster,Engineering,True,item,0,275,db2:item-req,275,285,,21733,False,
26427,Large Green Rocket Cluster,Engineering,True,item,0,275,db2:item-req,275,285,,21734,False,
26428,Large Red Rocket Cluster,Engineering,True,item,0,275,db2:item-req,275,285,,21735,False,
26442,Firework Launcher,Engineering,True,item,0,225,db2:item-req,245,265,,21738,False,
26443,Cluster Launcher,Engineering,True,item,0,275,db2:item-req,295,315,,21737,False,
28327,Steam Tonk Controller,Engineering,True,item,0,275,db2:item-req,275,285,,22729,False,
30303,Elemental Blasting Powder,Engineering,True,residue,0,,,300,320,,,False,
30304,Fel Iron Casing,Engineering,True,residue,0,,,300,320,,,False,
30305,Handful of Fel Iron Bolts,Engineering,True,residue,0,,,300,310,,,False,
30306,Adamantite Frame,Engineering,True,residue,0,,,325,335,,,False,
30307,Hardened Adamantite Tube,Engineering,True,residue,0,,,350,370,,,False,
30308,Khorium Power Core,Engineering,True,residue,0,,,350,370,,,False,
30309,Felsteel Stabilizer,Engineering,True,residue,0,,,350,370,,,False,
30310,Fel Iron Bomb,Engineering,True,residue,0,,,320,340,,,False,
30311,Adamantite Grenade,Engineering,True,residue,0,,,335,355,,,False,
30312,Fel Iron Musket,Engineering,True,residue,0,,,330,350,,,False,
30313,Adamantite Rifle,Engineering,True,item,0,350,db2:item-req,360,380,,23799,False,
30314,Felsteel Boomstick,Engineering,True,item,0,360,db2:item-req,370,390,,23800,False,
30315,Ornate Khorium Rifle,Engineering,True,item,0,375,db2:item-req,385,405,,23802,False,
30316,Cogspinner Goggles,Engineering,True,item,0,340,db2:item-req,350,370,,23803,False,
30317,Power Amplification Goggles,Engineering,True,item,0,340,db2:item-req,350,370,,23804,False,
30318,Ultra-Spectropic Detection Goggles,Engineering,True,item,0,350,db2:item-req,360,380,,23805,False,
30325,Hyper-Vision Goggles,Engineering,True,item,0,360,db2:item-req,370,390,,23806,False,
30329,Adamantite Scope,Engineering,True,item,0,335,db2:item-req,345,365,,23807,False,
30332,Khorium Scope,Engineering,True,item,0,360,db2:item-req,370,390,,23808,False,
30334,Stabilized Eternium Scope,Engineering,True,item,0,375,db2:item-req,385,405,,23809,False,
30337,Crashin' Thrashin' Robot,Engineering,True,item,0,325,db2:item-req,335,355,,23810,False,
30341,White Smoke Flare,Engineering,True,item,0,335,db2:item-req,335,355,,23811,False,
30342,Red Smoke Flare,Engineering,True,item,0,335,db2:item-req,335,355,,23812,False,
30343,Blue Smoke Flare,Engineering,True,item,0,335,db2:item-req,335,355,,23813,False,
30344,Green Smoke Flare,Engineering,True,item,0,335,db2:item-req,335,355,,23814,False,
30348,Fel Iron Toolbox,Engineering,True,item,0,325,db2:item-req,325,345,,23816,False,
30349,Titanium Toolbox,Engineering,True,item,0,405,db2:item-req,425,440,,23817,False,
30350,Engineering,Engineering,False,trainer-rank,0,,,,,,,False,
30547,Elemental Seaforium Charge,Engineering,True,item,0,350,db2:item-req,350,360,,23874,False,
30548,Zapthrottle Mote Extractor,Engineering,True,item,0,305,db2:item-req,305,325,,23888,False,
30549,Critter Enlarger,Engineering,True,item,0,325,db2:item-req,325,345,,23882,False,
30551,Healing Potion Injector,Engineering,True,item,0,330,db2:item-req,330,350,,23883,False,
30552,Mana Potion Injector,Engineering,True,item,0,345,db2:item-req,345,365,,23884,False,
30556,Rocket Boots Xtreme,Engineering,True,item,0,355,db2:item-req,365,385,,23887,False,
30558,The Bigger One,Engineering,True,residue,0,,,325,345,,,False,
30560,Super Sapper Charge,Engineering,True,residue,0,,,340,360,,,False,
30561,Goblin Tonk Controller,Engineering,True,residue,0,,,325,335,,,False,
30563,Goblin Rocket Launcher,Engineering,True,residue,0,,,360,380,,,False,
30565,Foreman's Enchanted Helmet,Engineering,True,residue,0,,,375,395,,,False,
30566,Foreman's Reinforced Helmet,Engineering,True,residue,0,,,375,395,,,False,
30568,Gnomish Flame Turret,Engineering,True,residue,0,,,335,355,,,False,
30569,Gnomish Poultryizer,Engineering,True,residue,0,,,360,380,,,False,
30570,Nigh-Invulnerability Belt,Engineering,True,residue,0,,,360,380,,,False,
30573,Gnomish Tonk Controller,Engineering,True,residue,0,,,325,335,,,False,
30574,Gnomish Power Goggles,Engineering,True,residue,0,,,375,395,,,False,
30575,Gnomish Battle Goggles,Engineering,True,residue,0,,,375,395,,,False,
32814,Purple Smoke Flare,Engineering,True,item,0,335,db2:item-req,335,355,,25887,False,
36954,Dimensional Ripper - Area 52,Engineering,True,special,0,,,350,370,,,False,
36955,Ultrasafe Transporter - Toshley's Station,Engineering,True,special,0,,,350,370,,,False,
39895,Fused Wiring,Engineering,True,item,0,275,db2:item-req,275,285,,32381,False,
39971,Icy Blasting Primers,Engineering,True,residue,0,,,335,345,,,False,
39973,Frost Grenade,Engineering,True,residue,0,,,345,365,,,False,
40274,Furious Gizmatic Goggles,Engineering,True,residue,0,,,370,390,,,False,
41307,Gyro-balanced Khorium Destroyer,Engineering,True,residue,0,,,375,410,,,False,
41311,Justicebringer 2000 Specs,Engineering,True,residue,0,,,370,390,,,False,
41312,Tankatronic Goggles,Engineering,True,residue,0,,,370,390,,,False,
41314,Surestrike Goggles v2.0,Engineering,True,residue,0,,,370,390,,,False,
41315,Gadgetstorm Goggles,Engineering,True,residue,0,,,370,390,,,False,
41316,Living Replicator Specs,Engineering,True,residue,0,,,370,390,,,False,
41317,Deathblow X11 Goggles,Engineering,True,residue,0,,,370,390,,,False,
41318,Wonderheal XT40 Shades,Engineering,True,residue,0,,,370,390,,,False,
41319,Magnified Moon Specs,Engineering,True,residue,0,,,370,390,,,False,
41320,Destruction Holo-gogs,Engineering,True,residue,0,,,370,390,,,False,
41321,Powerheal 4000 Lens,Engineering,True,residue,0,,,370,390,,,False,
44155,Flying Machine,Engineering,True,residue,0,,,330,350,,,False,
44157,Turbo-Charged Flying Machine,Engineering,True,residue,0,,,385,395,,,False,
44391,Field Repair Bot 110G,Engineering,True,item,0,360,db2:item-req,370,390,,34114,False,
46106,Wonderheal XT68 Shades,Engineering,True,item,0,375,db2:item-req,390,430,,35191,False,
46107,Justicebringer 3000 Specs,Engineering,True,item,0,375,db2:item-req,390,430,,35187,False,
46108,Powerheal 9000 Lens,Engineering,True,item,0,375,db2:item-req,390,430,,35189,False,
46109,Hyper-Magnified Moon Specs,Engineering,True,item,0,375,db2:item-req,390,430,,35190,False,
46110,Primal-Attuned Goggles,Engineering,True,item,0,375,db2:item-req,390,430,,35192,False,
46111,Annihilator Holo-Gogs,Engineering,True,item,0,375,db2:item-req,390,430,,35186,False,
46112,Lightning Etched Specs,Engineering,True,item,0,375,db2:item-req,390,430,,35193,False,
46113,Surestrike Goggles v3.0,Engineering,True,item,0,375,db2:item-req,390,430,,35194,False,
46114,Mayhem Projection Goggles,Engineering,True,item,0,375,db2:item-req,390,430,,35195,False,
46115,Hard Khorium Goggles,Engineering,True,item,0,375,db2:item-req,390,430,,35196,False,
46116,Quad Deathblow X44 Goggles,Engineering,True,item,0,375,db2:item-req,390,430,,35197,False,
46697,Rocket Boots Xtreme Lite,Engineering,True,item,0,355,db2:item-req,365,385,,35582,False,
49383,Engineering,Engineering,False,auto,1,,rule:orange1-candidate,,,,,False,
51306,Engineering,Engineering,False,trainer-rank,0,,,,,,,False,
53281,Volatile Blasting Trigger,Engineering,True,residue,0,,,366,385,,,False,
54353,"Mark ""S"" Boomstick",Engineering,True,residue,0,,,405,415,,,False,
54736,EMP Generator,Engineering,True,residue,0,,,390,395,,,False,
54793,Frag Belt,Engineering,True,residue,0,,,380,385,,,False,
54998,Hand-Mounted Pyro Rocket,Engineering,True,residue,0,,,400,405,,,False,
54999,Hyperspeed Accelerators,Engineering,True,residue,0,,,400,405,,,False,
55002,Flexweave Underlay,Engineering,True,residue,0,,,380,385,,,False,
55016,Nitro Boosts,Engineering,True,residue,0,,,400,410,,,False,
55252,Scrapbot Construction Kit,Engineering,True,special,0,,,415,420,,,False,
56349,Handful of Cobalt Bolts,Engineering,True,residue,0,,,360,380,,,False,
56459,Hammer Pick,Engineering,True,residue,0,,,380,390,,,False,
56460,Cobalt Frag Bomb,Engineering,True,residue,0,,,375,390,,,False,
56461,Bladed Pickaxe,Engineering,True,residue,0,,,380,390,,,False,
56462,Gnomish Army Knife,Engineering,True,residue,0,,,440,450,,,False,
56463,Explosive Decoy,Engineering,True,residue,0,,,385,395,,,False,
56464,Overcharged Capacitor,Engineering,True,residue,0,,,380,390,,,False,
56465,Mechanized Snow Goggles,Engineering,True,residue,0,,,425,440,,,False,
56466,Sonic Booster,Engineering,True,residue,0,,,435,445,,,False,
56467,Noise Machine,Engineering,True,residue,0,,,435,445,,,False,
56468,Box of Bombs,Engineering,True,residue,0,,,410,420,,,False,
56469,Gnomish Lightning Generator,Engineering,True,residue,0,,,430,440,,,False,
56470,Sun Scope,Engineering,True,residue,0,,,430,435,,,False,
56471,Froststeel Tube,Engineering,True,residue,0,,,395,405,,,False,
56472,MOLL-E,Engineering,True,residue,0,,,430,435,,,False,
56473,Gnomish X-Ray Specs,Engineering,True,residue,0,,,430,440,,,False,
56476,Healing Injector Kit,Engineering,True,residue,0,,,415,425,,,False,
56477,Mana Injector Kit,Engineering,True,residue,0,,,420,430,,,False,
56478,Heartseeker Scope,Engineering,True,residue,0,,,435,455,,,False,
56479,Armor Plated Combat Shotgun,Engineering,True,residue,0,,,455,465,,,False,
56480,Armored Titanium Goggles,Engineering,True,residue,0,,,450,460,,,False,
56481,Weakness Spectralizers,Engineering,True,residue,0,,,450,460,,,False,
56483,Charged Titanium Specs,Engineering,True,residue,0,,,450,460,,,False,
56484,Visage Liquification Goggles,Engineering,True,residue,0,,,450,460,,,False,
56486,Greensight Gogs,Engineering,True,residue,0,,,450,460,,,False,
56487,Electroflux Sight Enhancers,Engineering,True,residue,0,,,450,460,,,False,
56514,Global Thermal Sapper Charge,Engineering,True,residue,0,,,425,435,,,False,
56574,Truesight Ice Blinders,Engineering,True,residue,0,,,450,460,,,False,
60866,Mechano-Hog,Engineering,True,item,0,450,db2:item-req,480,490,,44502,False,
60867,Mekgineer's Chopper,Engineering,True,item,0,450,db2:item-req,480,490,,44503,False,
60874,Nesingwary 4000,Engineering,True,residue,0,,,455,465,,,False,
61471,Diamond-cut Refractor Scope,Engineering,True,residue,0,,,400,415,,,False,
61481,Mechanized Snow Goggles,Engineering,True,residue,0,,,425,440,,,False,
61482,Mechanized Snow Goggles,Engineering,True,residue,0,,,425,440,,,False,
61483,Mechanized Snow Goggles,Engineering,True,residue,0,,,425,440,,,False,
62271,Unbreakable Healing Amplifiers,Engineering,True,residue,0,,,450,460,,,False,
63750,High-powered Flashlight,Engineering,True,residue,0,,,270,290,,,False,
63770,Reticulated Armor Webbing,Engineering,True,residue,0,,,400,405,,,False,
67326,Goblin Beam Welder,Engineering,True,residue,0,,,415,425,,,False,
67839,Mind Amplification Dish,Engineering,True,residue,0,,,410,420,,,False,
67920,Wormhole Generator: Northrend,Engineering,True,residue,0,,,450,460,,,False,
68067,Jeeves,Engineering,True,item,0,450,db2:item-req,480,490,,49050,False,
81714,Reinforced Bio-Optic Killshades,Engineering,True,residue,0,,,525,535,,,True,
81715,Specialized Bio-Optic Killshades,Engineering,True,residue,0,,,525,535,,,True,
81716,Deadly Bio-Optic Killshades,Engineering,True,residue,0,,,525,535,,,True,
81720,Energized Bio-Optic Killshades,Engineering,True,residue,0,,,525,535,,,True,
81722,Agile Bio-Optic Killshades,Engineering,True,residue,0,,,525,535,,,True,
81724,Camouflage Bio-Optic Killshades,Engineering,True,residue,0,,,525,535,,,True,
81725,Lightweight Bio-Optic Killshades,Engineering,True,residue,0,,,525,535,,,True,
82175,Synapse Springs,Engineering,True,residue,0,,,425,450,,,False,
82177,Quickflip Deflection Plates,Engineering,True,residue,0,,,425,450,,,False,
82180,Tazik Shocker,Engineering,True,residue,0,,,425,450,,,False,
82200,Spinal Healing Injector,Engineering,True,residue,0,,,425,450,,,False,
82207,Explosive Bolts,Engineering,False,non-craft,0,,,425,480,,,False,
82774,Engineering,Engineering,False,trainer-rank,0,,,,,,,False,
84403,Handful of Obsidium Bolts,Engineering,True,residue,0,,,435,450,,,True,
84406,Authentic Jr. Engineer Goggles,Engineering,True,residue,0,,,455,460,,,True,
84408,R19 Threatfinder,Engineering,True,residue,0,,,470,475,,,True,
84409,Volatile Seaforium Blastpack,Engineering,True,residue,0,,,460,475,,,True,
84410,Safety Catch Removal Kit,Engineering,True,residue,0,,,470,475,,,True,
84411,High-Powered Bolt Gun,Engineering,True,residue,0,,,480,480,,,True,
84412,Personal World Destroyer,Engineering,True,residue,0,,,495,500,,,True,
84413,De-Weaponized Mechanical Companion,Engineering,True,residue,0,,,495,500,,,True,
84415,Lure Master Tackle Box,Engineering,True,residue,0,,,490,495,,,True,
84416,Elementium Toolbox,Engineering,True,residue,0,,,495,500,,,True,
84417,Volatile Thunderstick,Engineering,True,residue,0,,,515,520,,,True,
84418,Elementium Dragonling,Engineering,True,residue,0,,,505,510,,,True,
84420,Finely-Tuned Throat Needler,Engineering,True,residue,0,,,510,515,,,True,
84421,Loot-a-Rang,Engineering,True,residue,0,,,495,500,,,True,
84424,Invisibility Field,Engineering,True,residue,0,,,425,450,,,True,
84425,Cardboard Assassin,Engineering,True,residue,0,,,425,450,,,True,
84427,Grounded Plasma Shield,Engineering,True,residue,0,,,425,450,,,True,
84428,Gnomish X-Ray Scope,Engineering,True,residue,0,,,525,535,,,True,
84429,Goblin Barbecue,Engineering,True,residue,0,,,490,515,,,True,
84430,Heat-Treated Spinning Lure,Engineering,True,residue,0,,,500,540,,,True,
84431,Overpowered Chicken Splitter,Engineering,True,residue,0,,,525,535,,,True,
84432,Kickback 5000,Engineering,True,residue,0,,,525,525,,,True,
94748,Electrified Ether,Engineering,True,residue,0,,,455,465,,,True,
95703,Electrostatic Condenser,Engineering,True,residue,0,,,450,455,,,True,
95705,Gnomish Gravity Well,Engineering,True,residue,0,,,505,505,,,True,
95707,Big Daddy,Engineering,True,residue,0,,,505,510,,,True,
100587,Flintlocke's Woodchucker,Engineering,True,item,0,515,db2:item-req,525,535,,70177,False,
100687,Extreme-Impact Hole Puncher,Engineering,True,item,0,525,db2:item-req,525,525,,71078,True,
108789,Phase Fingers,Engineering,True,residue,0,,,550,550,,,False,
109077,Incendiary Fireworks Launcher,Engineering,True,residue,0,,,550,550,,,False,
109099,Watergliding Jets,Engineering,True,item,0,525,db2:item-req,550,550,,87748,False,
110403,Engineering,Engineering,False,trainer-rank,0,,,,,,,False,
126392,Goblin Glider,Engineering,True,residue,0,,,550,550,,,False,
126731,Synapse Springs,Engineering,True,residue,0,,,550,550,,,False,
127113,Ghost Iron Bolts,Engineering,True,residue,0,,,525,550,,,True,
127114,High-Explosive Gunpowder,Engineering,True,residue,0,,,525,550,,,True,
127115,Lord Blastington's Scope of Doom,Engineering,True,item,0,525,db2:item-req,600,600,,87738,True,
127116,Mirror Scope,Engineering,True,item,0,525,db2:item-req,575,600,,87739,True,
127117,Lightweight Retinal Armor,Engineering,True,item,0,525,db2:item-req,605,615,,87740,True,
127118,Agile Retinal Armor,Engineering,True,item,0,525,db2:item-req,605,615,,87741,True,
127119,Camouflage Retinal Armor,Engineering,True,item,0,525,db2:item-req,605,615,,87742,True,
127120,Deadly Retinal Armor,Engineering,True,item,0,525,db2:item-req,605,615,,87743,True,
127121,Energized Retinal Armor,Engineering,True,item,0,525,db2:item-req,605,615,,87744,True,
127122,Specialized Retinal Armor,Engineering,True,item,0,525,db2:item-req,605,615,,87745,True,
127123,Reinforced Retinal Armor,Engineering,True,item,0,525,db2:item-req,605,615,,87746,True,
127124,Locksmith's Powderkeg,Engineering,True,item,0,525,db2:item-req,520,530,,87747,True,orange>yellow: orange tier empty (learned late)
127127,G91 Landshark,Engineering,True,item,0,525,db2:item-req,550,575,,87750,True,
127128,"Goblin Dragon Gun, Mark II",Engineering,True,item,0,525,db2:item-req,565,575,,87751,True,
127129,Blingtron 4000,Engineering,True,item,0,600,db2:item-req,605,615,,87752,True,
127130,Mist-Piercing Goggles,Engineering,True,item,0,525,db2:item-req,600,615,,87753,True,
127131,Thermal Anvil,Engineering,True,item,0,525,db2:item-req,575,615,,87754,True,
127132,Wormhole Generator: Pandaria,Engineering,True,item,0,525,db2:item-req,600,600,,87755,True,
127134,Ghost Iron Dragonling,Engineering,True,item,0,525,db2:item-req,575,600,,87757,True,
127135,Mechanical Pandaren Dragonling,Engineering,True,item,0,525,db2:item-req,600,600,,87758,True,
127136,Big Game Hunter,Engineering,True,item,0,525,db2:item-req,565,575,,87759,True,
127137,Long-Range Trillium Sniper,Engineering,True,item,0,525,db2:item-req,605,605,,87760,True,
127138,Depleted-Kyparium Rocket,Engineering,True,item,0,600,db2:item-req,605,615,,87761,True,
127139,Geosynchronous World Spinner,Engineering,True,item,0,600,db2:item-req,605,615,,87762,True,
128260,Celestial Firework,Engineering,True,item,0,500,db2:item-req,525,550,,89994,True,
128261,Grand Celebration Firework,Engineering,True,item,0,500,db2:item-req,525,550,,89993,True,
128262,Serpent's Heart Firework,Engineering,True,item,0,500,db2:item-req,525,550,,89992,True,
131211,Flashing Tinker's Gear,Engineering,True,residue,0,,,535,560,,,True,
131212,Fractured Tinker's Gear,Engineering,True,residue,0,,,535,560,,,True,
131213,Precise Tinker's Gear,Engineering,True,residue,0,,,535,560,,,True,
131214,Quick Tinker's Gear,Engineering,True,residue,0,,,535,560,,,True,
131215,Rigid Tinker's Gear,Engineering,True,residue,0,,,535,560,,,True,
131216,Smooth Tinker's Gear,Engineering,True,residue,0,,,535,560,,,True,
131217,Sparkling Tinker's Gear,Engineering,True,residue,0,,,535,560,,,True,
131218,Subtle Tinker's Gear,Engineering,True,residue,0,,,535,560,,,True,
131256,Autumn Flower Firework,Engineering,True,item,0,500,db2:item-req,525,550,,89996,True,
131258,Jade Blossom Firework,Engineering,True,item,0,500,db2:item-req,525,550,,89997,True,
131353,Pandaria Fireworks,Engineering,True,residue,0,,,525,550,,,False,
131563,Tinker's Kit,Engineering,True,residue,0,,,575,585,,,True,
139176,Jard's Peculiar Energy Source,Engineering,True,item,0,600,db2:item-req,605,615,,97230,False,
139192,Sky Golem,Engineering,True,item,0,600,db2:item-req,605,615,,94880,False,
139196,Pierre,Engineering,True,item,0,600,db2:item-req,605,615,,94893,False,
139197,Advanced Refrigeration Unit,Engineering,True,item,0,600,db2:item-req,600,605,,94894,False,
143714,Rascal-Bot,Engineering,True,item,0,600,db2:item-req,605,615,,100907,False,
3273,First Aid,First Aid,False,trainer-rank,0,,,,,,,False,
3274,First Aid,First Aid,False,trainer-rank,0,,,,,,,False,
3275,Linen Bandage,First Aid,True,auto,1,,rule:orange1-candidate,40,60,,,False,
3276,Heavy Linen Bandage,First Aid,True,auto,0+1,40,db2:minskill,80,100,40,,False,
3277,Wool Bandage,First Aid,True,auto,0+1,80,db2:minskill,115,150,80,,False,
3278,Heavy Wool Bandage,First Aid,True,auto,0+1,115,db2:minskill,150,185,115,,False,
7924,First Aid,First Aid,False,trainer-rank,0,,,,,,,False,
7928,Silk Bandage,First Aid,True,auto,0+1,150,db2:minskill,180,210,150,,False,
7929,Heavy Silk Bandage,First Aid,True,item,0+1,180,db2:item-req,210,240,180,16112,False,
7934,Anti-Venom,First Aid,True,auto,0+1,80,db2:minskill,80,150,80,,False,
7935,Strong Anti-Venom,First Aid,True,item,0,130,db2:item-req,130,200,,6454,False,
10840,Mageweave Bandage,First Aid,True,item,0+1,210,db2:item-req,240,250,210,16113,False,
10841,Heavy Mageweave Bandage,First Aid,True,special,0+1,,,260,275,,,False,
10846,First Aid,First Aid,False,trainer-rank,0+2,,,,,,,False,
18629,Runecloth Bandage,First Aid,True,special,0+1,,,290,320,,,False,
18630,Heavy Runecloth Bandage,First Aid,True,special,0+1,,,300,350,,,False,
23787,Powerful Anti-Venom,First Aid,True,item,0,300,db2:item-req,300,360,,19442,False,
27028,First Aid,First Aid,False,trainer-rank,0,,,,,,,False,
27032,Netherweave Bandage,First Aid,True,item,0,330,db2:item-req,330,365,,21992,False,
27033,Heavy Netherweave Bandage,First Aid,True,item,0,360,db2:item-req,350,375,,21993,False,orange>yellow: orange tier empty (learned late)
45542,First Aid,First Aid,False,trainer-rank,0,,,,,,,False,
45545,Frostweave Bandage,First Aid,True,residue,0,,,390,410,,,False,
45546,Heavy Frostweave Bandage,First Aid,True,item,0,400,db2:item-req,425,470,,39152,False,
74556,Embersilk Bandage,First Aid,True,residue,0,,,475,485,,,False,
74557,Heavy Embersilk Bandage,First Aid,True,residue,0,,,500,535,,,False,
74558,Field Bandage: Dense Embersilk,First Aid,True,residue,0,,,525,535,,,False,
74559,First Aid,First Aid,False,trainer-rank,0,,,,,,,False,
88893,Dense Embersilk Bandage,First Aid,True,residue,0,,,525,535,,,False,
102697,Windwool Bandage,First Aid,True,residue,0,,,550,560,,,False,
102698,Heavy Windwool Bandage,First Aid,True,residue,0,,,600,610,,,False,
102699,Heavy Windwool Bandage,First Aid,True,auto,1,600,db2:minskill,605,615,600,,False,
110406,First Aid,First Aid,False,trainer-rank,0,,,,,,,False,
45357,Inscription,Inscription,False,trainer-rank,0,,,,,,,False,
45358,Inscription,Inscription,False,trainer-rank,0,,,,,,,False,
45359,Inscription,Inscription,False,trainer-rank,0,,,,,,,False,
45360,Inscription,Inscription,False,trainer-rank,0,,,,,,,False,
45361,Inscription,Inscription,False,trainer-rank,0,,,,,,,False,
45363,Inscription,Inscription,False,trainer-rank,0,,,,,,,False,
45382,Scroll of Stamina,Inscription,True,auto,1,,rule:orange1-candidate,35,45,,,False,
48114,Scroll of Intellect,Inscription,True,auto,1,,rule:orange1-candidate,35,45,,,False,
48116,Scroll of Spirit,Inscription,True,auto,1,,rule:orange1-candidate,35,45,,,False,
48121,Glyph of Entangling Roots,Inscription,True,residue,0,,,105,115,,,False,
48247,Mysterious Tarot,Inscription,True,residue,0,,,125,150,,,False,
48248,Scroll of Recall,Inscription,True,residue,0,,,60,75,,,False,
50598,Scroll of Intellect II,Inscription,True,residue,0,,,75,85,,,False,
50599,Scroll of Intellect III,Inscription,True,residue,0,,,170,180,,,False,
50600,Scroll of Intellect IV,Inscription,True,residue,0,,,220,230,,,False,
50601,Scroll of Intellect V,Inscription,True,residue,0,,,265,275,,,False,
50602,Scroll of Intellect VI,Inscription,True,residue,0,,,310,320,,,False,
50603,Scroll of Intellect VII,Inscription,True,residue,0,,,365,375,,,False,
50604,Scroll of Intellect VIII,Inscription,True,residue,0,,,415,425,,,False,
50605,Scroll of Spirit II,Inscription,True,residue,0,,,75,85,,,False,
50606,Scroll of Spirit III,Inscription,True,residue,0,,,165,175,,,False,
50607,Scroll of Spirit IV,Inscription,True,residue,0,,,215,225,,,False,
50608,Scroll of Spirit V,Inscription,True,residue,0,,,260,270,,,False,
50609,Scroll of Spirit VI,Inscription,True,residue,0,,,305,315,,,False,
50610,Scroll of Spirit VII,Inscription,True,residue,0,,,360,370,,,False,
50611,Scroll of Spirit VIII,Inscription,True,residue,0,,,410,420,,,False,
50612,Scroll of Stamina II,Inscription,True,residue,0,,,75,85,,,False,
50614,Scroll of Stamina III,Inscription,True,residue,0,,,160,170,,,False,
50616,Scroll of Stamina IV,Inscription,True,residue,0,,,210,220,,,False,
50617,Scroll of Stamina V,Inscription,True,residue,0,,,255,265,,,False,
50618,Scroll of Stamina VI,Inscription,True,residue,0,,,300,310,,,False,
50619,Scroll of Stamina VII,Inscription,True,residue,0,,,355,365,,,False,
50620,Scroll of Stamina VIII,Inscription,True,residue,0,,,405,415,,,False,
51005,Milling,Inscription,False,auto,1,,rule:orange1-candidate,,,,,False,
52738,Ivory Ink,Inscription,True,auto,1,,rule:orange1-candidate,15,30,,,False,
52739,Enchanting Vellum,Inscription,True,residue,0,,,75,100,,,False,
52843,Moonglow Ink,Inscription,True,residue,0,,,45,75,,,False,
53462,Midnight Ink,Inscription,True,residue,0,,,75,80,,,False,
56943,Glyph of Frenzied Regeneration,Inscription,True,residue,0,,,355,365,,,False,
56944,Glyph of Omens,Inscription,True,residue,0,,,390,405,,,False,
56945,Glyph of Healing Touch,Inscription,True,residue,0,,,120,130,,,False,
56946,Glyph of Hurricane,Inscription,True,residue,0,,,390,405,,,False,
56947,Glyph of Innervate,Inscription,True,residue,0,,,390,405,,,False,
56948,Glyph of the Orca,Inscription,True,residue,0,,,155,165,,,False,
56949,Glyph of Efflorescence,Inscription,True,residue,0,,,390,405,,,False,
56950,Glyph of the Stag,Inscription,True,residue,0,,,390,405,,,False,
56951,Glyph of Savagery,Inscription,True,residue,0,,,135,145,,,False,
56952,Glyph of Pounce,Inscription,True,residue,0,,,315,325,,,False,
56953,Glyph of Rebirth,Inscription,True,residue,0,,,175,185,,,False,
56954,Glyph of Regrowth,Inscription,True,residue,0,,,390,405,,,False,
56955,Glyph of Rejuvenation,Inscription,True,residue,0,,,90,110,,,False,
56956,Glyph of Prowl,Inscription,True,residue,0,,,205,215,,,False,
56957,Glyph of Shred,Inscription,True,residue,0,,,265,275,,,False,
56958,Glyph of Skull Bash,Inscription,True,residue,0,,,390,405,,,False,
56959,Glyph of Guided Stars,Inscription,True,residue,0,,,225,235,,,False,
56960,Glyph of Stampede,Inscription,True,residue,0,,,390,405,,,False,
56961,Glyph of Maul,Inscription,True,residue,0,,,100,120,,,False,
56963,Glyph of Nature's Grasp,Inscription,True,residue,0,,,95,115,,,False,
56965,Glyph of Stars,Inscription,True,residue,0,,,355,365,,,False,
56971,Glyph of Loose Mana,Inscription,True,residue,0,,,120,130,,,False,
56972,Glyph of Arcane Explosion,Inscription,True,residue,0,,,340,350,,,False,
56973,Glyph of Blink,Inscription,True,residue,0,,,135,145,,,False,
56974,Glyph of Evocation,Inscription,True,residue,0,,,160,170,,,False,
56975,Glyph of Combustion,Inscription,True,residue,0,,,390,405,,,False,
56976,Glyph of Frost Nova,Inscription,True,residue,0,,,90,110,,,False,
56978,Glyph of Momentum,Inscription,True,residue,0,,,100,120,,,False,
56979,Glyph of Ice Block,Inscription,True,residue,0,,,230,240,,,False,
56980,Glyph of Splitting Ice,Inscription,True,residue,0,,,380,390,,,False,
56981,Glyph of Cone of Cold,Inscription,True,residue,0,,,180,190,,,False,
56983,Glyph of Rapid Displacement,Inscription,True,residue,0,,,390,405,,,False,
56984,Glyph of Mana Gem,Inscription,True,residue,0,,,330,340,,,False,
56986,Glyph of Crittermorph,Inscription,True,residue,0,,,390,405,,,False,
56987,Glyph of Polymorph,Inscription,True,residue,0,,,390,405,,,False,
56988,Glyph of Icy Veins,Inscription,True,residue,0,,,390,405,,,False,
56989,Glyph of Spellsteal,Inscription,True,residue,0,,,390,405,,,False,
56990,Glyph of Remove Curse,Inscription,True,residue,0,,,355,365,,,False,
56991,Glyph of Arcane Power,Inscription,True,residue,0,,,320,330,,,False,
56994,Glyph of Aspects,Inscription,True,residue,0,,,180,190,,,False,
56995,Glyph of Camouflage,Inscription,True,residue,0,,,105,115,,,False,
56996,Glyph of Liberation,Inscription,True,residue,0,,,390,405,,,False,
56997,Glyph of Mending,Inscription,True,residue,0,,,120,130,,,False,
56998,Glyph of Distracting Shot,Inscription,True,residue,0,,,390,405,,,False,
56999,Glyph of Endless Wrath,Inscription,True,residue,0,,,390,405,,,False,
57000,Glyph of Deterrence,Inscription,True,residue,0,,,205,215,,,False,
57001,Glyph of Disengage,Inscription,True,residue,0,,,230,240,,,False,
57002,Glyph of Freezing Trap,Inscription,True,residue,0,,,265,275,,,False,
57003,Glyph of Ice Trap,Inscription,True,residue,0,,,355,365,,,False,
57004,Glyph of Misdirection,Inscription,True,residue,0,,,90,110,,,False,
57005,Glyph of Explosive Trap,Inscription,True,residue,0,,,135,145,,,False,
57006,Glyph of Animal Bond,Inscription,True,residue,0,,,380,390,,,False,
57007,Glyph of No Escape,Inscription,True,residue,0,,,155,165,,,False,
57008,Glyph of Pathfinding,Inscription,True,residue,0,,,320,330,,,False,
57009,Glyph of Tame Beast,Inscription,True,residue,0,,,100,120,,,False,
57010,Glyph of Snake Trap,Inscription,True,residue,0,,,390,405,,,False,
57011,Glyph of Aimed Shot,Inscription,True,residue,0,,,390,405,,,False,
57012,Glyph of Mend Pet,Inscription,True,residue,0,,,390,405,,,False,
57014,Glyph of Solace,Inscription,True,residue,0,,,390,405,,,False,
57019,Glyph of Focused Shield,Inscription,True,residue,0,,,390,405,,,False,
57020,Glyph of Final Wrath,Inscription,True,residue,0,,,185,195,,,False,
57021,Glyph of the Harsh Word,Inscription,True,residue,0,,,390,405,,,False,
57022,Glyph of Divine Protection,Inscription,True,residue,0,,,90,110,,,False,
57023,Glyph of Consecration,Inscription,True,residue,0,,,210,220,,,False,
57024,Glyph of Avenging Wrath,Inscription,True,residue,0,,,235,245,,,False,
57025,Glyph of Blinding Light,Inscription,True,residue,0,,,270,280,,,False,
57026,Glyph of Word of Glory,Inscription,True,residue,0,,,305,315,,,False,
57027,Glyph of Holy Wrath,Inscription,True,residue,0,,,100,120,,,False,
57028,Glyph of Templar's Verdict,Inscription,True,residue,0,,,390,405,,,False,
57029,Glyph of Illumination,Inscription,True,residue,0,,,110,120,,,False,
57030,Glyph of Double Jeopardy,Inscription,True,residue,0,,,125,135,,,False,
57031,Glyph of Divinity,Inscription,True,residue,0,,,140,150,,,False,
57032,Glyph of the Luminous Charger,Inscription,True,residue,0,,,155,165,,,False,
57033,Glyph of Devotion Aura,Inscription,True,residue,0,,,340,350,,,False,
57034,Glyph of Blessed Life,Inscription,True,residue,0,,,390,405,,,False,
57035,Glyph of Light of Dawn,Inscription,True,residue,0,,,390,405,,,False,
57036,Glyph of Turn Evil,Inscription,True,residue,0,,,380,390,,,False,
57037,Glyph of Focused Wrath,Inscription,True,residue,0,,,595,605,,,False,
57112,Glyph of Shadow Walk,Inscription,True,residue,0,,,390,405,,,False,
57113,Glyph of Ambush,Inscription,True,residue,0,,,345,355,,,False,
57114,Glyph of Decoy,Inscription,True,residue,0,,,90,110,,,False,
57115,Glyph of Blade Flurry,Inscription,True,residue,0,,,390,405,,,False,
57116,Glyph of Sharp Knives,Inscription,True,residue,0,,,390,405,,,False,
57117,Glyph of Recuperate,Inscription,True,residue,0,,,390,405,,,False,
57119,Glyph of Evasion,Inscription,True,residue,0,,,105,125,,,False,
57120,Glyph of Recovery,Inscription,True,residue,0,,,110,120,,,False,
57121,Glyph of Expose Armor,Inscription,True,residue,0,,,125,135,,,False,
57122,Glyph of Feint,Inscription,True,residue,0,,,310,320,,,False,
57123,Glyph of Garrote,Inscription,True,residue,0,,,140,150,,,False,
57124,Glyph of Detection,Inscription,True,residue,0,,,390,405,,,False,
57125,Glyph of Gouge,Inscription,True,residue,0,,,165,175,,,False,
57126,Glyph of Hemorrhage,Inscription,True,residue,0,,,390,405,,,False,
57127,Glyph of Smoke Bomb,Inscription,True,residue,0,,,390,405,,,False,
57128,Glyph of Cheap Shot,Inscription,True,residue,0,,,390,405,,,False,
57129,Glyph of Hemorraghing Veins,Inscription,True,residue,0,,,190,200,,,False,
57130,Glyph of Kick,Inscription,True,residue,0,,,390,405,,,False,
57131,Glyph of Redirect,Inscription,True,residue,0,,,215,225,,,False,
57132,Glyph of Shiv,Inscription,True,residue,0,,,240,250,,,False,
57133,Glyph of Sprint,Inscription,True,residue,0,,,290,300,,,False,
57152,Glyph of Shield Slam,Inscription,True,residue,0,,,390,405,,,False,
57153,Glyph of Bloody Healing,Inscription,True,residue,0,,,355,365,,,False,
57154,Glyph of Hindering Strikes,Inscription,True,residue,0,,,245,255,,,False,
57155,Glyph of Heavy Repercussions,Inscription,True,residue,0,,,390,405,,,False,
57156,Glyph of Bloodthirst,Inscription,True,residue,0,,,290,300,,,False,
57157,Glyph of Rude Interruption,Inscription,True,residue,0,,,130,140,,,False,
57158,Glyph of Gag Order,Inscription,True,residue,0,,,105,125,,,False,
57159,Glyph of Blitz,Inscription,True,residue,0,,,390,405,,,False,
57160,Glyph of Mortal Strike,Inscription,True,residue,0,,,390,405,,,False,
57161,Glyph of Die by the Sword,Inscription,True,residue,0,,,175,185,,,False,
57162,Glyph of Enraged Speed,Inscription,True,residue,0,,,95,115,,,False,
57163,Glyph of Hamstring,Inscription,True,residue,0,,,115,125,,,False,
57164,Glyph of Resonating Power,Inscription,True,residue,0,,,390,405,,,False,
57165,Glyph of Hold the Line,Inscription,True,residue,0,,,195,205,,,False,
57167,Glyph of Hoarse Voice,Inscription,True,residue,0,,,145,155,,,False,
57168,Glyph of Sweeping Strikes,Inscription,True,residue,0,,,325,335,,,False,
57170,Glyph of Victory Rush,Inscription,True,residue,0,,,390,405,,,False,
57172,Glyph of Raging Wind,Inscription,True,residue,0,,,350,360,,,False,
57181,Glyph of Circle of Healing,Inscription,True,residue,0,,,390,405,,,False,
57183,Glyph of Purify,Inscription,True,residue,0,,,235,245,,,False,
57184,Glyph of Fade,Inscription,True,residue,0,,,110,120,,,False,
57185,Glyph of Fear Ward,Inscription,True,residue,0,,,275,285,,,False,
57186,Glyph of Inner Sanctum,Inscription,True,residue,0,,,125,135,,,False,
57187,Glyph of Holy Nova,Inscription,True,residue,0,,,320,330,,,False,
57188,Glyph of Inner Fire,Inscription,True,residue,0,,,140,150,,,False,
57189,Glyph of Lightwell,Inscription,True,residue,0,,,390,405,,,False,
57190,Glyph of Mass Dispel,Inscription,True,residue,0,,,390,405,,,False,
57191,Glyph of Psychic Horror,Inscription,True,residue,0,,,390,405,,,False,
57192,Glyph of Holy Fire,Inscription,True,residue,0,,,355,365,,,False,
57193,Glyph of Weakened Soul,Inscription,True,residue,0,,,390,405,,,False,
57194,Glyph of Power Word: Shield,Inscription,True,residue,0,,,90,110,,,False,
57195,Glyph of Spirit of Redemption,Inscription,True,residue,0,,,390,405,,,False,
57196,Glyph of Psychic Scream,Inscription,True,residue,0,,,105,125,,,False,
57197,Glyph of Renew,Inscription,True,residue,0,,,165,175,,,False,
57198,Glyph of Scourge Imprisonment,Inscription,True,residue,0,,,380,390,,,False,
57199,Glyph of Mind Blast,Inscription,True,residue,0,,,390,405,,,False,
57200,Glyph of Dispel Magic,Inscription,True,residue,0,,,185,195,,,False,
57201,Glyph of Smite,Inscription,True,residue,0,,,215,225,,,False,
57202,Glyph of Prayer of Mending,Inscription,True,residue,0,,,390,405,,,False,
57207,Glyph of Anti-Magic Shell,Inscription,True,residue,0,,,390,405,,,False,
57208,Glyph of Unholy Frenzy,Inscription,True,residue,0,,,390,405,,,False,
57209,Glyph of the Geist,Inscription,True,residue,0,,,295,305,,,False,
57210,Glyph of Icebound Fortitude,Inscription,True,residue,0,,,270,280,,,False,
57211,Glyph of Chains of Ice,Inscription,True,residue,0,,,390,405,,,False,
57213,Glyph of Death Grip,Inscription,True,residue,0,,,290,300,,,False,
57214,Glyph of Death and Decay,Inscription,True,residue,0,,,390,405,,,False,
57215,Glyph of Death's Embrace,Inscription,True,residue,0,,,295,305,,,False,
57216,Glyph of Shifting Presences,Inscription,True,residue,0,,,275,285,,,False,
57217,Glyph of Horn of Winter,Inscription,True,residue,0,,,295,305,,,False,
57219,Glyph of Icy Touch,Inscription,True,residue,0,,,285,295,,,False,
57220,Glyph of Enduring Infection,Inscription,True,residue,0,,,390,405,,,False,
57221,Glyph of Pestilence,Inscription,True,residue,0,,,305,315,,,False,
57222,Glyph of Mind Freeze,Inscription,True,residue,0,,,355,365,,,False,
57223,Glyph of Army of the Dead,Inscription,True,residue,0,,,390,405,,,False,
57224,Glyph of Foul Menagerie,Inscription,True,residue,0,,,335,345,,,False,
57225,Glyph of Strangulate,Inscription,True,residue,0,,,380,390,,,False,
57226,Glyph of Pillar of Frost,Inscription,True,residue,0,,,310,320,,,False,
57227,Glyph of Vampiric Blood,Inscription,True,residue,0,,,350,360,,,False,
57228,Glyph of Death Gate,Inscription,True,residue,0,,,295,305,,,False,
57229,Glyph of Path of Frost,Inscription,True,residue,0,,,295,305,,,False,
57230,Glyph of Resilient Grip,Inscription,True,residue,0,,,295,305,,,False,
57232,Glyph of Unstable Earth,Inscription,True,residue,0,,,390,405,,,False,
57233,Glyph of Chain Lightning,Inscription,True,residue,0,,,390,405,,,False,
57234,Glyph of Spirit Walk,Inscription,True,residue,0,,,390,400,,,False,
57235,Glyph of Capacitor Totem,Inscription,True,residue,0,,,390,405,,,False,
57236,Glyph of Purge,Inscription,True,residue,0,,,305,315,,,False,
57237,Glyph of Fire Elemental Totem,Inscription,True,residue,0,,,390,405,,,False,
57238,Glyph of Fire Nova,Inscription,True,residue,0,,,115,125,,,False,
57239,Glyph of Flame Shock,Inscription,True,residue,0,,,95,115,,,False,
57240,Glyph of Wind Shear,Inscription,True,residue,0,,,130,140,,,False,
57241,Glyph of Frost Shock,Inscription,True,residue,0,,,190,200,,,False,
57242,Glyph of Healing Stream Totem,Inscription,True,residue,0,,,220,230,,,False,
57243,Glyph of Healing Wave,Inscription,True,residue,0,,,390,405,,,False,
57244,Glyph of Totemic Recall,Inscription,True,residue,0,,,240,250,,,False,
57245,Glyph of Telluric Currents,Inscription,True,residue,0,,,145,155,,,False,
57246,Glyph of the Lakestrider,Inscription,True,residue,0,,,105,125,,,False,
57247,Glyph of Grounding Totem,Inscription,True,residue,0,,,390,405,,,False,
57248,Glyph of Spiritwalker's Grace,Inscription,True,residue,0,,,380,390,,,False,
57249,Glyph of Lava Lash,Inscription,True,residue,0,,,170,180,,,False,
57250,Glyph of Chaining,Inscription,True,residue,0,,,390,405,,,False,
57251,Glyph of Water Shield,Inscription,True,residue,0,,,280,290,,,False,
57252,Glyph of Cleansing Waters,Inscription,True,residue,0,,,335,345,,,False,
57253,Glyph of Thunderstorm,Inscription,True,residue,0,,,355,365,,,False,
57257,Glyph of Hand of Gul'dan,Inscription,True,residue,0,,,355,365,,,False,
57258,Glyph of Conflagrate,Inscription,True,residue,0,,,390,405,,,False,
57259,Glyph of Siphon Life,Inscription,True,residue,0,,,95,115,,,False,
57260,Glyph of Verdant Spheres,Inscription,True,residue,0,,,390,405,,,False,
57261,Glyph of Nightmares,Inscription,True,residue,0,,,390,405,,,False,
57262,Glyph of Fear,Inscription,True,residue,0,,,130,140,,,False,
57263,Glyph of Felguard,Inscription,True,residue,0,,,390,405,,,False,
57264,Glyph of Demon Training,Inscription,True,residue,0,,,390,405,,,False,
57265,Glyph of Health Funnel,Inscription,True,residue,0,,,115,125,,,False,
57266,Glyph of Healthstone,Inscription,True,residue,0,,,105,125,,,False,
57267,Glyph of Subtlety,Inscription,True,residue,0,,,390,405,,,False,
57268,Glyph of Curse of the Elements,Inscription,True,residue,0,,,390,405,,,False,
57269,Glyph of Imp Swarm,Inscription,True,residue,0,,,145,155,,,False,
57270,Glyph of Havoc,Inscription,True,residue,0,,,220,230,,,False,
57271,Glyph of Shadow Bolt,Inscription,True,residue,0,,,170,180,,,False,
57274,Glyph of Soulstone,Inscription,True,residue,0,,,245,255,,,False,
57275,Glyph of Carrion Swarm,Inscription,True,residue,0,,,330,340,,,False,
57276,Glyph of Unstable Affliction,Inscription,True,residue,0,,,390,405,,,False,
57277,Glyph of Falling Meteor,Inscription,True,residue,0,,,195,205,,,False,
57703,Hunter's Ink,Inscription,True,residue,0,,,85,95,,,False,
57704,Lion's Ink,Inscription,True,residue,0,,,95,105,,,False,
57706,Dawnstar Ink,Inscription,True,residue,0,,,125,135,,,False,
57707,Jadefire Ink,Inscription,True,residue,0,,,145,155,,,False,
57708,Royal Ink,Inscription,True,residue,0,,,170,180,,,False,
57709,Celestial Ink,Inscription,True,residue,0,,,195,205,,,False,
57710,Fiery Ink,Inscription,True,residue,0,,,220,230,,,False,
57711,Shimmering Ink,Inscription,True,residue,0,,,245,255,,,False,
57712,Ink of the Sky,Inscription,True,residue,0,,,290,300,,,False,
57713,Ethereal Ink,Inscription,True,residue,0,,,295,305,,,False,
57714,Darkflame Ink,Inscription,True,residue,0,,,320,330,,,False,
57715,Ink of the Sea,Inscription,True,residue,0,,,345,355,,,False,
57716,Snowfall Ink,Inscription,True,residue,0,,,370,380,,,False,
58286,Glyph of Aquatic Form,Inscription,True,residue,0,,,105,115,,,False,
58287,Glyph of the Chameleon,Inscription,True,residue,0,,,155,165,,,False,
58288,Glyph of Blooming,Inscription,True,residue,0,,,105,115,,,False,
58289,Glyph of Grace,Inscription,True,residue,0,,,80,90,,,False,
58296,Glyph of Charm Woodland Creature,Inscription,True,residue,0,,,80,90,,,False,
58297,Glyph of Aspect of the Pack,Inscription,True,residue,0,,,205,215,,,False,
58298,Glyph of Stampede,Inscription,True,residue,0,,,80,90,,,False,
58299,Glyph of Revive Pet,Inscription,True,residue,0,,,80,90,,,False,
58301,Glyph of Lesser Proportion,Inscription,True,residue,0,,,80,90,,,False,
58302,Glyph of Fireworks,Inscription,True,residue,0,,,155,165,,,False,
58303,Glyph of the Porcupine,Inscription,True,residue,0,,,80,90,,,False,
58306,Glyph of Conjure Familiar,Inscription,True,residue,0,,,80,90,,,False,
58307,Glyph of the Monkey,Inscription,True,residue,0,,,130,140,,,False,
58308,Glyph of Arcane Language,Inscription,True,residue,0,,,80,90,,,False,
58309,Glyph of the Bear Cub,Inscription,True,residue,0,,,80,85,,,False,
58310,Glyph of the Penguin,Inscription,True,residue,0,,,80,90,,,False,
58311,Glyph of Contemplation,Inscription,True,residue,0,,,105,115,,,False,
58312,Glyph of Winged Vengeance,Inscription,True,residue,0,,,80,90,,,False,
58313,Glyph of Flash of Light,Inscription,True,residue,0,,,80,90,,,False,
58314,Glyph of the Mounted King,Inscription,True,residue,0,,,80,90,,,False,
58315,Glyph of Seal of Blood,Inscription,True,residue,0,,,105,115,,,False,
58316,Glyph of Fire From the Heavens,Inscription,True,residue,0,,,155,165,,,False,
58317,Glyph of Shadow Ravens,Inscription,True,residue,0,,,80,90,,,False,
58318,Glyph of Borrowed Time,Inscription,True,residue,0,,,80,90,,,False,
58319,Glyph of Levitate,Inscription,True,residue,0,,,155,165,,,False,
58320,Glyph of Shackle Undead,Inscription,True,residue,0,,,105,115,,,False,
58321,Glyph of Reflective Shield,Inscription,True,residue,0,,,155,165,,,False,
58322,Glyph of Dark Archangel,Inscription,True,residue,0,,,355,365,,,False,
58323,Glyph of Blurred Speed,Inscription,True,residue,0,,,80,90,,,False,
58324,Glyph of Distract,Inscription,True,residue,0,,,130,140,,,False,
58325,Glyph of Pick Lock,Inscription,True,residue,0,,,105,115,,,False,
58326,Glyph of Pick Pocket,Inscription,True,residue,0,,,80,90,,,False,
58327,Glyph of Safe Fall,Inscription,True,residue,0,,,205,215,,,False,
58328,Glyph of Poisons,Inscription,True,residue,0,,,130,140,,,False,
58329,Glyph of Astral Recall,Inscription,True,residue,0,,,155,165,,,False,
58330,Glyph of Far Sight,Inscription,True,residue,0,,,155,165,,,False,
58331,Glyph of Healing Storm,Inscription,True,residue,0,,,130,140,,,False,
58332,Glyph of the Spectral Wolf,Inscription,True,residue,0,,,105,115,,,False,
58333,Glyph of Totemic Encirclement,Inscription,True,residue,0,,,155,165,,,False,
58336,Glyph of Unending Breath,Inscription,True,residue,0,,,105,115,,,False,
58337,Glyph of Soul Consumption,Inscription,True,residue,0,,,80,90,,,False,
58338,Glyph of Curse of Exhaustion,Inscription,True,residue,0,,,155,165,,,False,
58339,Glyph of Subjugate Demon,Inscription,True,residue,0,,,155,165,,,False,
58340,Glyph of Eye of Kilrogg,Inscription,True,residue,0,,,130,140,,,False,
58341,Glyph of Soulwell,Inscription,True,residue,0,,,355,365,,,False,
58342,Glyph of Mystic Shout,Inscription,True,residue,0,,,80,90,,,False,
58343,Glyph of Bloodcurdling Shout,Inscription,True,residue,0,,,80,90,,,False,
58344,Glyph of Long Charge,Inscription,True,residue,0,,,80,90,,,False,
58345,Glyph of Gushing Wound,Inscription,True,residue,0,,,105,115,,,False,
58346,Glyph of Unending Rage,Inscription,True,residue,0,,,80,90,,,False,
58347,Glyph of Mighty Victory,Inscription,True,residue,0,,,295,305,,,False,
58472,Scroll of Agility,Inscription,True,residue,0,,,35,45,,,False,
58473,Scroll of Agility II,Inscription,True,residue,0,,,85,95,,,False,
58476,Scroll of Agility III,Inscription,True,residue,0,,,180,190,,,False,
58478,Scroll of Agility IV,Inscription,True,residue,0,,,230,240,,,False,
58480,Scroll of Agility V,Inscription,True,residue,0,,,275,285,,,False,
58481,Scroll of Agility VI,Inscription,True,residue,0,,,320,330,,,False,
58482,Scroll of Agility VII,Inscription,True,residue,0,,,375,385,,,False,
58483,Scroll of Agility VIII,Inscription,True,residue,0,,,425,435,,,False,
58484,Scroll of Strength,Inscription,True,residue,0,,,35,45,,,False,
58485,Scroll of Strength II,Inscription,True,residue,0,,,80,90,,,False,
58486,Scroll of Strength III,Inscription,True,residue,0,,,175,185,,,False,
58487,Scroll of Strength IV,Inscription,True,residue,0,,,225,235,,,False,
58488,Scroll of Strength V,Inscription,True,residue,0,,,270,280,,,False,
58489,Scroll of Strength VI,Inscription,True,residue,0,,,315,325,,,False,
58490,Scroll of Strength VII,Inscription,True,residue,0,,,370,380,,,False,
58491,Scroll of Strength VIII,Inscription,True,residue,0,,,420,430,,,False,
58565,Mystic Tome,Inscription,True,residue,0,,,125,150,,,False,
59315,Glyph of Dash,Inscription,True,residue,0,,,155,165,,,False,
59326,Glyph of Ghost Wolf,Inscription,True,residue,0,,,105,115,,,False,
59338,Glyph of Unholy Command,Inscription,True,residue,0,,,315,325,,,False,
59339,Glyph of Outbreak,Inscription,True,residue,0,,,325,335,,,False,
59340,Glyph of Corpse Explosion,Inscription,True,residue,0,,,345,355,,,False,
59387,Certificate of Ownership,Inscription,True,residue,0,,,205,215,,,False,
59475,Tome of the Dawn,Inscription,True,residue,0,,,150,175,,,False,
59478,Book of Survival,Inscription,True,residue,0,,,150,175,,,False,
59480,Strange Tarot,Inscription,True,residue,0,,,150,175,,,False,
59484,Tome of Kings,Inscription,True,residue,0,,,200,210,,,False,
59486,Royal Guide of Escape Routes,Inscription,True,residue,0,,,200,210,,,False,
59487,Arcane Tarot,Inscription,True,residue,0,,,200,210,,,False,
59489,Fire Eater's Guide,Inscription,True,residue,0,,,250,260,,,False,
59490,Book of Stars,Inscription,True,residue,0,,,250,260,,,False,
59491,Shadowy Tarot,Inscription,True,residue,0,,,250,260,,,False,
59493,Stormbound Tome,Inscription,True,residue,0,,,290,300,,,False,
59494,Manual of Clouds,Inscription,True,residue,0,,,290,300,,,False,
59495,Hellfire Tome,Inscription,True,residue,0,,,340,350,,,False,
59496,Book of Clever Tricks,Inscription,True,residue,0,,,340,350,,,False,
59497,Iron-bound Tome,Inscription,True,residue,0,,,425,450,,,False,
59498,Faces of Doom,Inscription,True,residue,0,,,425,450,,,False,
59502,Darkmoon Card,Inscription,True,residue,0,,,290,300,,,False,
59503,Greater Darkmoon Card,Inscription,True,residue,0,,,350,380,,,False,
59504,Darkmoon Card of the North,Inscription,True,residue,0,,,450,475,,,False,
59559,Glyph of Denounce,Inscription,True,residue,0,,,390,405,,,False,
59560,Glyph of Dazing Shield,Inscription,True,residue,0,,,390,405,,,False,
59561,Glyph of Immediate Truth,Inscription,True,residue,0,,,390,405,,,False,
60336,Scroll of Recall II,Inscription,True,residue,0,,,215,225,,,False,
60337,Scroll of Recall III,Inscription,True,residue,0,,,355,365,,,False,
61117,Master's Inscription of the Axe,Inscription,True,residue,0,,,395,405,,,False,
61118,Master's Inscription of the Crag,Inscription,True,residue,0,,,395,405,,,False,
61119,Master's Inscription of the Pinnacle,Inscription,True,residue,0,,,395,405,,,False,
61120,Master's Inscription of the Storm,Inscription,True,residue,0,,,395,405,,,False,
61177,Northrend Inscription Research,Inscription,True,residue,0,,,425,450,,,False,
61288,Minor Inscription Research,Inscription,True,residue,0,,,125,150,,,False,
61677,Glyph of Frostfire Bolt,Inscription,True,residue,0,,,390,405,,,False,
62162,Glyph of the Master Shapeshifter,Inscription,True,residue,0,,,380,390,,,False,
64051,Rituals of the New Moon,Inscription,True,item,0,350,db2:item-req,375,400,,46108,False,
64053,Twilight Tome,Inscription,True,residue,0,,,375,400,,,False,
64246,Glyph of Mirrored Blades,Inscription,True,residue,0,,,430,440,,,False,
64247,Glyph of Totemic Vigor,Inscription,True,residue,0,,,430,440,,,False,
64248,Glyph of Life Tap,Inscription,True,residue,0,,,430,440,,,False,
64249,Glyph of Scatter Shot,Inscription,True,residue,0,,,430,440,,,False,
64250,Glyph of Crimson Banish,Inscription,True,residue,0,,,430,440,,,False,
64251,Glyph of Inquisition,Inscription,True,residue,0,,,430,440,,,False,
64252,Glyph of Shield Wall,Inscription,True,residue,0,,,430,440,,,False,
64253,Glyph of Master's Call,Inscription,True,residue,0,,,430,440,,,False,
64254,Glyph of Holy Shock,Inscription,True,residue,0,,,430,440,,,False,
64255,Glyph of Victorious Throw,Inscription,True,residue,0,,,355,365,,,False,
64256,Glyph of Barkskin,Inscription,True,residue,0,,,430,440,,,False,
64257,Glyph of Deep Freeze,Inscription,True,residue,0,,,430,440,,,False,
64258,Glyph of Cyclone,Inscription,True,residue,0,,,255,270,,,False,
64259,Glyph of Binding Heal,Inscription,True,residue,0,,,255,270,,,False,
64260,Glyph of Disguise,Inscription,True,residue,0,,,255,270,,,False,
64261,Glyph of Deluge,Inscription,True,residue,0,,,255,270,,,False,
64262,Glyph of Shamanistic Rage,Inscription,True,residue,0,,,255,270,,,False,
64266,Glyph of Death Coil,Inscription,True,residue,0,,,280,295,,,False,
64268,Glyph of Survival Instincts,Inscription,True,residue,0,,,430,440,,,False,
64270,Glyph of Wild Growth,Inscription,True,residue,0,,,430,440,,,False,
64271,Glyph of Chimera Shot,Inscription,True,residue,0,,,430,440,,,False,
64273,Glyph of Tranquilizing Shot,Inscription,True,residue,0,,,430,440,,,False,
64274,Glyph of Water Elemental,Inscription,True,residue,0,,,430,440,,,False,
64275,Glyph of Slow,Inscription,True,residue,0,,,430,440,,,False,
64276,Glyph of Illusion,Inscription,True,residue,0,,,430,440,,,False,
64277,Glyph of Beacon of Light,Inscription,True,residue,0,,,430,440,,,False,
64278,Glyph of Hammer of the Righteous,Inscription,True,residue,0,,,430,440,,,False,
64279,Glyph of Divine Storm,Inscription,True,residue,0,,,430,440,,,False,
64280,Glyph of Dispersion,Inscription,True,residue,0,,,430,440,,,False,
64281,Glyph of Leap of Faith,Inscription,True,residue,0,,,430,440,,,False,
64282,Glyph of Penance,Inscription,True,residue,0,,,430,440,,,False,
64283,Glyph of Mind Spike,Inscription,True,residue,0,,,430,440,,,False,
64284,Glyph of Vendetta,Inscription,True,residue,0,,,430,440,,,False,
64285,Glyph of Killing Spree,Inscription,True,residue,0,,,430,440,,,False,
64286,Glyph of Stealth,Inscription,True,residue,0,,,430,440,,,False,
64287,Glyph of Thunder,Inscription,True,residue,0,,,430,440,,,False,
64288,Glyph of Feral Spirit,Inscription,True,residue,0,,,430,440,,,False,
64289,Glyph of Riptide,Inscription,True,residue,0,,,430,440,,,False,
64291,Glyph of Drain Life,Inscription,True,residue,0,,,430,440,,,False,
64294,Glyph of Ember Tap,Inscription,True,residue,0,,,430,440,,,False,
64295,Glyph of Whirlwind,Inscription,True,residue,0,,,430,440,,,False,
64296,Glyph of Death From Above,Inscription,True,residue,0,,,430,440,,,False,
64297,Glyph of Dancing Rune Weapon,Inscription,True,residue,0,,,430,440,,,False,
64298,Glyph of Dark Simulacrum,Inscription,True,residue,0,,,430,440,,,False,
64300,Glyph of Tranquil Grip,Inscription,True,residue,0,,,430,440,,,False,
64302,Glyph of Spell Reflection,Inscription,True,residue,0,,,430,440,,,False,
64303,Glyph of Cloak of Shadows,Inscription,True,residue,0,,,430,440,,,False,
64304,Glyph of Aspect of the Cheetah,Inscription,True,residue,0,,,430,440,,,False,
64305,Glyph of Divine Plea,Inscription,True,residue,0,,,430,440,,,False,
64307,Glyph of Stampeding Roar,Inscription,True,residue,0,,,430,440,,,False,
64308,Glyph of the Alabaster Shield,Inscription,True,residue,0,,,430,440,,,False,
64309,Glyph of Focused Mending,Inscription,True,residue,0,,,430,440,,,False,
64310,Glyph of Tricks of the Trade,Inscription,True,residue,0,,,430,440,,,False,
64311,Glyph of Unending Resolve,Inscription,True,residue,0,,,430,440,,,False,
64312,Glyph of Intimidating Shout,Inscription,True,residue,0,,,355,365,,,False,
64313,Glyph of Might of Ursoc,Inscription,True,residue,0,,,430,440,,,False,
64314,Glyph of Mirror Image,Inscription,True,residue,0,,,430,440,,,False,
64315,Glyph of Deadly Momentum,Inscription,True,residue,0,,,430,440,,,False,
64316,Glyph of Hex,Inscription,True,residue,0,,,430,440,,,False,
64317,Glyph of Demonic Circle,Inscription,True,residue,0,,,430,440,,,False,
64318,Glyph of Demon Hunting,Inscription,True,residue,0,,,430,440,,,False,
67600,Glyph of Ferocious Bite,Inscription,True,residue,0,,,105,115,,,False,
68166,Glyph of Thunder Strike,Inscription,True,residue,0,,,355,365,,,False,
69385,Runescroll of Fortitude,Inscription,True,residue,0,,,425,460,,,False,
71101,Glyph of Counterspell,Inscription,True,item,0,250,db2:item-req,255,260,,50166,False,
71102,Glyph of Eternal Resolve,Inscription,True,item,0,375,db2:item-req,380,385,,50168,False,
85785,Runescroll of Fortitude II,Inscription,True,residue,0,,,505,515,,,False,
86004,Blackfallow Ink,Inscription,True,residue,0,,,440,450,,,False,
86005,Inferno Ink,Inscription,True,residue,0,,,480,485,,,False,
86008,Inscription,Inscription,False,trainer-rank,0,,,,,,,False,
86375,Swiftsteel Inscription,Inscription,True,residue,0,,,490,505,,,False,
86401,Lionsmane Inscription,Inscription,True,residue,0,,,490,505,,,False,
86402,Inscription of the Earth Prince,Inscription,True,residue,0,,,490,505,,,False,
86403,Felfire Inscription,Inscription,True,residue,0,,,490,505,,,False,
86609,Mysterious Fortune Card,Inscription,True,residue,0,,,460,475,,,False,
86615,Darkmoon Card of Destruction,Inscription,True,residue,0,,,525,535,,,False,
86616,Book of Blood,Inscription,True,residue,0,,,485,490,,,False,
86640,Lord Rottington's Pressed Wisp Book,Inscription,True,residue,0,,,485,490,,,False,
86641,Dungeoneering Guide,Inscription,True,residue,0,,,520,530,,,False,
86642,Divine Companion,Inscription,True,residue,0,,,520,530,,,False,
86643,Battle Tome,Inscription,True,residue,0,,,520,530,,,False,
86644,Origami Slime,Inscription,True,item,0,480,db2:item-req,470,490,,65649,False,orange>yellow: orange tier empty (learned late)
86645,Origami Rock,Inscription,True,item,0,490,db2:item-req,480,500,,65650,False,orange>yellow: orange tier empty (learned late)
86646,Origami Beetle,Inscription,True,item,0,500,db2:item-req,490,510,,65651,False,orange>yellow: orange tier empty (learned late)
86648,Key to the Planes,Inscription,True,residue,0,,,500,505,,,False,
86649,Runed Staff,Inscription,True,residue,0,,,515,525,,,False,
86652,Rosethorn Staff,Inscription,True,residue,0,,,525,535,,,False,
86653,Silver Inlaid Staff,Inscription,True,residue,0,,,525,535,,,False,
86654,Forged Documents,Inscription,True,residue,0,,,525,535,,,False,
89244,Forged Documents,Inscription,True,residue,0,,,525,535,,,False,
89368,Scroll of Intellect IX,Inscription,True,residue,0,,,450,460,,,False,
89369,Scroll of Strength IX,Inscription,True,residue,0,,,470,480,,,False,
89370,Scroll of Agility IX,Inscription,True,residue,0,,,475,485,,,False,
89371,Scroll of Spirit IX,Inscription,True,residue,0,,,460,470,,,False,
89372,Scroll of Stamina IX,Inscription,True,residue,0,,,465,475,,,False,
89373,Scroll of Protection IX,Inscription,True,residue,0,,,455,465,,,False,
89815,Glyph of Colossus Smash,Inscription,True,item,0,465,db2:item-req,470,485,,68810,False,
92026,Vanishing Powder,Inscription,True,residue,0,,,90,110,,,False,
92027,Dust of Disappearance,Inscription,True,residue,0,,,475,500,,,False,
92579,Glyph of Blind,Inscription,True,residue,0,,,185,195,,,False,
94000,Glyph of Inferno Blast,Inscription,True,residue,0,,,390,405,,,False,
94401,Glyph of Cat Form,Inscription,True,residue,0,,,125,135,,,False,
94402,Glyph of Fae Silence,Inscription,True,residue,0,,,335,345,,,False,
94403,Glyph of Faerie Fire,Inscription,True,residue,0,,,125,135,,,False,
94404,Glyph of the Predator,Inscription,True,residue,0,,,155,165,,,False,
94405,Glyph of Recklessness,Inscription,True,residue,0,,,155,165,,,False,
94406,Glyph of Bull Rush,Inscription,True,residue,0,,,255,265,,,False,
94711,Glyph of Vanish,Inscription,True,residue,0,,,430,440,,,False,
95215,Glyph of the Treant,Inscription,True,residue,0,,,155,165,,,False,
95710,Glyph of Rapid Teleportation,Inscription,True,residue,0,,,155,165,,,False,
95825,Glyph of Protector of the Innocent,Inscription,True,residue,0,,,390,405,,,False,
96284,Glyph of Dark Succor,Inscription,True,residue,0,,,280,295,,,False,
98398,Glyph of Armors,Inscription,True,residue,0,,,430,440,,,False,
101057,Glyph of Lightning Shield,Inscription,True,residue,0,,,430,440,,,False,
107907,Glyph of Shadow,Inscription,True,residue,0,,,105,115,,,False,
110417,Inscription,Inscription,False,trainer-rank,0,,,,,,,False,
111645,Ink of Dreams,Inscription,True,residue,0,,,535,545,,,False,
111646,Starlight Ink,Inscription,True,residue,0,,,535,545,,,False,
111830,Darkmoon Card of Mists,Inscription,True,residue,0,,,605,610,,,False,
111908,Inscribed Fan,Inscription,True,residue,0,,,570,580,,,False,
111909,Inscribed Jade Fan,Inscription,True,residue,0,,,600,600,,,False,
111910,Inscribed Red Fan,Inscription,True,residue,0,,,600,600,,,False,
111917,Rain Poppy Staff,Inscription,True,residue,0,,,570,580,,,False,
111918,Inscribed Crane Staff,Inscription,True,residue,0,,,600,605,,,False,
111919,Inscribed Serpent Staff,Inscription,True,residue,0,,,600,605,,,False,
111920,Ghost Iron Staff,Inscription,True,residue,0,,,570,580,,,False,
111921,Inscribed Tiger Staff,Inscription,True,residue,0,,,600,605,,,False,
112045,Runescroll of Fortitude III,Inscription,True,residue,0,,,600,605,,,False,
112264,Glyph of the Falling Avenger,Inscription,True,residue,0,,,595,605,,,False,
112265,Glyph of Righteous Retreat,Inscription,True,residue,0,,,595,605,,,False,
112266,Glyph of Bladed Judgment,Inscription,True,residue,0,,,595,605,,,False,
112429,Glyph of Crow Feast,Inscription,True,residue,0,,,595,605,,,False,
112430,Glyph of Burning Anger,Inscription,True,residue,0,,,595,605,,,False,
112437,Glyph of Nimble Brew,Inscription,True,residue,0,,,225,235,,,False,
112440,Glyph of Paralysis,Inscription,True,residue,0,,,360,370,,,False,
112442,Glyph of Life Cocoon,Inscription,True,residue,0,,,325,335,,,False,
112444,Glyph of Touch of Karma,Inscription,True,residue,0,,,375,385,,,False,
112450,Glyph of Leer of the Ox,Inscription,True,residue,0,,,300,310,,,False,
112451,Glyph of Afterlife,Inscription,True,residue,0,,,160,170,,,False,
112452,Glyph of Sparring,Inscription,True,residue,0,,,365,375,,,False,
112454,Glyph of Detox,Inscription,True,residue,0,,,370,380,,,False,
112457,Glyph of Fortifying Brew,Inscription,True,residue,0,,,260,270,,,False,
112458,Glyph of Targeted Expulsion,Inscription,True,residue,0,,,385,395,,,False,
112460,Glyph of Zen Flight,Inscription,True,residue,0,,,595,605,,,False,
112461,Glyph of Water Roll,Inscription,True,residue,0,,,595,605,,,False,
112462,Glyph of Crackling Tiger Lightning,Inscription,True,residue,0,,,490,500,,,False,
112463,Glyph of Flying Serpent Kick,Inscription,True,residue,0,,,500,510,,,False,
112464,Glyph of Honor,Inscription,True,residue,0,,,595,605,,,False,
112465,Glyph of Jab,Inscription,True,residue,0,,,595,605,,,False,
112466,Glyph of Rising Tiger Kick,Inscription,True,residue,0,,,595,605,,,False,
112468,Glyph of Spirit Roll,Inscription,True,residue,0,,,595,605,,,False,
112469,Glyph of Fighting Pose,Inscription,True,residue,0,,,495,505,,,False,
112883,Tome of the Clear Mind,Inscription,True,residue,0,,,540,540,,,False,
112996,Scroll of Wisdom,Inscription,True,residue,0,,,605,610,,,False,
119481,Glyph of the Battle Healer,Inscription,True,residue,0,,,595,605,,,False,
122015,Glyph of Incite,Inscription,True,residue,0,,,595,605,,,False,
122030,Glyph of Mass Exorcism,Inscription,True,residue,0,,,595,605,,,False,
123781,Glyph of the Blazing Trail,Inscription,True,residue,0,,,595,605,,,False,
124442,Glyph of Aspect of the Beast,Inscription,True,residue,0,,,455,465,,,False,
124443,Glyph of Black Ice,Inscription,True,residue,0,,,595,605,,,False,
124444,Glyph of Breath of Fire,Inscription,True,residue,0,,,595,605,,,False,
124445,Glyph of Fists of Fury,Inscription,True,residue,0,,,465,475,,,False,
124446,Glyph of Clash,Inscription,True,residue,0,,,595,605,,,False,
124447,Glyph of Enduring Healing Sphere,Inscription,True,residue,0,,,595,605,,,False,
124448,Glyph of Rapid Rolling,Inscription,True,residue,0,,,595,605,,,False,
124449,Glyph of Guard,Inscription,True,residue,0,,,595,605,,,False,
124450,Glyph of Mana Tea,Inscription,True,residue,0,,,595,605,,,False,
124451,Glyph of Zen Meditation,Inscription,True,residue,0,,,385,395,,,False,
124452,Glyph of Renewing Mists,Inscription,True,residue,0,,,445,455,,,False,
124453,Glyph of Spinning Crane Kick,Inscription,True,residue,0,,,450,460,,,False,
124454,Glyph of Spinning Fire Blossom,Inscription,True,residue,0,,,595,605,,,False,
124455,Glyph of Surging Mist,Inscription,True,residue,0,,,470,480,,,False,
124456,Glyph of Touch of Death,Inscription,True,residue,0,,,475,485,,,False,
124457,Glyph of Transcendence,Inscription,True,residue,0,,,595,605,,,False,
124459,Glyph of Mind Flay,Inscription,True,residue,0,,,460,470,,,False,
124460,Glyph of Vampiric Embrace,Inscription,True,residue,0,,,595,605,,,False,
124461,Glyph of Shadow Word: Death,Inscription,True,residue,0,,,595,605,,,False,
124463,Glyph of Fortuitous Spheres,Inscription,True,residue,0,,,385,395,,,False,
124466,Glyph of the Heavens,Inscription,True,residue,0,,,595,605,,,False,
126153,Glyph of Confession,Inscription,True,residue,0,,,595,605,,,False,
126687,Glyph of Holy Resurrection,Inscription,True,residue,0,,,595,605,,,False,
126696,Glyph of the Val'kyr,Inscription,True,residue,0,,,595,605,,,False,
126701,Glyph of Direction,Inscription,True,residue,0,,,595,605,,,False,
126704,Glyph of Marking,Inscription,True,residue,0,,,595,605,,,False,
126800,Glyph of Shadowy Friends,Inscription,True,residue,0,,,595,605,,,False,
126801,Glyph of Fetch,Inscription,True,residue,0,,,445,455,,,False,
126988,Origami Crane,Inscription,True,residue,0,,,605,610,,,False,
126989,Origami Frog,Inscription,True,residue,0,,,605,610,,,False,
126994,Greater Ox Horn Inscription,Inscription,True,residue,0,,,600,605,,,False,
126995,Greater Crane Wing Inscription,Inscription,True,residue,0,,,600,605,,,False,
126996,Greater Tiger Claw Inscription,Inscription,True,residue,0,,,600,605,,,False,
126997,Greater Tiger Fang Inscription,Inscription,True,residue,0,,,600,605,,,False,
127007,Yu'lon Kite,Inscription,True,residue,0,,,605,610,,,False,
127009,Chi-ji Kite,Inscription,True,residue,0,,,605,610,,,False,
127016,Tiger Fang Inscription,Inscription,True,residue,0,,,550,550,,,False,
127017,Tiger Claw Inscription,Inscription,True,residue,0,,,550,550,,,False,
127018,Crane Wing Inscription,Inscription,True,residue,0,,,550,550,,,False,
127019,Ox Horn Inscription,Inscription,True,residue,0,,,550,550,,,False,
127020,Secret Tiger Fang Inscription,Inscription,True,residue,0,,,600,605,,,False,
127021,Secret Tiger Claw Inscription,Inscription,True,residue,0,,,600,605,,,False,
127023,Secret Crane Wing Inscription,Inscription,True,residue,0,,,600,605,,,False,
127024,Secret Ox Horn Inscription,Inscription,True,residue,0,,,600,605,,,False,
127378,Commissioned Painting,Inscription,True,special,0,,,600,605,,,False,
127391,Engraved Jade Disk,Inscription,True,special,0,,,600,605,,,False,
127475,Incarnadine Ink,Inscription,True,item,0,600,db2:item-req,600,605,,87829,False,
127481,Inscribed Monument,Inscription,True,special,0,,,600,605,,,False,
127625,Glyph of Lightspring,Inscription,True,residue,0,,,260,270,,,False,
128922,Portrait of Madam Goya,Inscription,True,special,0,,,600,605,,,False,
130407,Mystery of the Mists,Inscription,True,residue,0,,,605,610,,,False,
131152,Glyph of the Cheetah,Inscription,True,residue,0,,,595,605,,,False,
132167,Glyph of Blackout Kick,Inscription,True,residue,0,,,595,605,,,False,
135535,Glyph of Supernova,Inscription,True,residue,0,,,595,605,,,False,
135561,Glyph of Gateway Attunement,Inscription,True,residue,0,,,595,605,,,False,
146638,Crafted Malevolent Gladiator's Medallion of Tenacity,Inscription,True,item,0,600,db2:item-req,595,605,,102534,False,orange>yellow: orange tier empty (learned late)
148255,Glyph of Swift Death,Inscription,True,item,0,500,db2:item-req,595,605,,104197,False,
148256,Glyph of Loud Horn,Inscription,True,item,0,500,db2:item-req,595,605,,104209,False,
148257,Glyph of Regenerative Magic,Inscription,True,item,0,500,db2:item-req,595,605,,104210,False,
148258,Glyph of Festering Blood,Inscription,True,item,0,500,db2:item-req,595,605,,104211,False,
148259,Glyph of Divine Shield,Inscription,True,item,0,500,db2:item-req,595,605,,104212,False,
148260,Glyph of Hand of Sacrifice,Inscription,True,item,0,500,db2:item-req,595,605,,104213,False,
148261,Glyph of Purging,Inscription,True,item,0,500,db2:item-req,595,605,,104214,False,
148262,Glyph of Eternal Earth,Inscription,True,item,0,500,db2:item-req,595,605,,104215,False,
148264,Glyph of Impaling Throws,Inscription,True,item,0,500,db2:item-req,595,605,,104217,False,
148265,Glyph of the Executor,Inscription,True,item,0,500,db2:item-req,595,605,,104218,False,
148266,Glyph of the Skeleton,Inscription,True,item,0,500,db2:item-req,595,605,,104219,False,
148267,Glyph of the Long Winter,Inscription,True,item,0,500,db2:item-req,595,605,,104220,False,
148268,Glyph of the Sprouting Mushroom,Inscription,True,item,0,500,db2:item-req,595,605,,104221,False,
148269,Glyph of One with Nature,Inscription,True,item,0,500,db2:item-req,595,605,,104222,False,
148270,Glyph of the Unbound Elemental,Inscription,True,item,0,500,db2:item-req,595,605,,104223,False,
148271,Glyph of Evaporation,Inscription,True,item,0,500,db2:item-req,595,605,,104224,False,
148272,Glyph of Condensation,Inscription,True,item,0,500,db2:item-req,595,605,,104225,False,
148273,Glyph of the Exorcist,Inscription,True,item,0,500,db2:item-req,595,605,,104226,False,
148274,Glyph of Pillar of Light,Inscription,True,item,0,500,db2:item-req,595,605,,104227,False,
148275,Glyph of Angels,Inscription,True,item,0,500,db2:item-req,595,605,,104228,False,
148276,Glyph of the Sha,Inscription,True,item,0,500,db2:item-req,595,605,,104229,False,
148277,Glyph of Shifted Appearances,Inscription,True,item,0,500,db2:item-req,595,605,,104230,False,
148278,Glyph of Inspired Hymns,Inscription,True,item,0,500,db2:item-req,595,605,,104231,False,
148279,Glyph of Headhunting,Inscription,True,item,0,500,db2:item-req,595,605,,104232,False,
148280,Glyph of Improved Distraction,Inscription,True,item,0,500,db2:item-req,595,605,,104233,False,
148281,Glyph of Spirit Raptors,Inscription,True,item,0,500,db2:item-req,595,605,,104234,False,
148282,Glyph of Lingering Ancestors,Inscription,True,item,0,500,db2:item-req,595,605,,104235,False,
148283,Glyph of Spirit Wolf,Inscription,True,item,0,500,db2:item-req,595,605,,104236,False,
148284,Glyph of Flaming Serpent,Inscription,True,item,0,500,db2:item-req,595,605,,104237,False,
148285,Glyph of the Compy,Inscription,True,item,0,500,db2:item-req,595,605,,104238,False,
148286,Glyph of Elemental Familiars,Inscription,True,item,0,500,db2:item-req,595,605,,104239,False,
148287,Glyph of Astral Fixation,Inscription,True,item,0,500,db2:item-req,595,605,,104240,False,
148288,Glyph of Rain of Frogs,Inscription,True,item,0,500,db2:item-req,595,605,,104241,False,
148289,Glyph of the Raging Whirlwind,Inscription,True,item,0,500,db2:item-req,595,605,,104242,False,
148290,Glyph of the Subtle Defender,Inscription,True,item,0,500,db2:item-req,595,605,,104243,False,
148291,Glyph of the Watchful Eye,Inscription,True,item,0,500,db2:item-req,595,605,,104244,False,
148292,Glyph of the Weaponmaster,Inscription,True,item,0,500,db2:item-req,595,605,,104245,False,
148487,Glyph of the Lean Pack,Inscription,True,item,0,500,db2:item-req,595,605,,104279,False,
148488,Glyph of Focused Fire,Inscription,True,item,0,500,db2:item-req,595,605,,104280,False,
148489,Glyph of Enduring Deceit,Inscription,True,item,0,500,db2:item-req,595,605,,104281,False,
148490,Glyph of Chameleon,Inscription,True,item,0,500,db2:item-req,595,605,,104282,False,
405005,?,Inscription,False,non-craft,0,,,390,405,,,False,
413897,?,Inscription,False,non-craft,0,,,390,405,,,False,
414814,?,Inscription,False,non-craft,0,,,390,405,,,False,
1216290,Bloodthirsty Eyeball of Dominance,Inscription,True,residue,0,,,520,530,,,False,
1216316,Bloodthirsty Charm of Triumph,Inscription,True,residue,0,,,520,530,,,False,
1216317,Bloodthirsty Jawbone of Conquest,Inscription,True,residue,0,,,520,530,,,False,
25229,Jewelcrafting,Jewelcrafting,False,trainer-rank,0,,,,,,,False,
25230,Jewelcrafting,Jewelcrafting,False,trainer-rank,0,,,,,,,False,
25255,Delicate Copper Wire,Jewelcrafting,True,auto,1,,rule:orange1-candidate,20,50,,,False,
25278,Bronze Setting,Jewelcrafting,True,residue,0,,,70,90,,,False,
25280,Elegant Silver Ring,Jewelcrafting,True,residue,0,,,80,110,,,False,
25283,Inlaid Malachite Ring,Jewelcrafting,True,residue,0,,,60,90,,,False,
25284,Simple Pearl Ring,Jewelcrafting,True,residue,0,,,90,120,,,False,
25287,Gloom Band,Jewelcrafting,True,residue,0,,,100,130,,,False,
25305,Heavy Silver Ring,Jewelcrafting,True,residue,0,,,120,150,,,False,
25317,Ring of Silver Might,Jewelcrafting,True,residue,0,,,110,140,,,False,
25318,Ring of Twilight Shadows,Jewelcrafting,True,residue,0,,,130,160,,,False,
25320,Heavy Golden Necklace of Battle,Jewelcrafting,True,item,0,150,db2:item-req,180,210,,20856,False,
25321,Moonsoul Crown,Jewelcrafting,True,residue,0,,,150,180,,,False,
25323,Wicked Moonstone Ring,Jewelcrafting,True,item,0,125,db2:item-req,155,185,,20855,False,
25339,Amulet of the Moon,Jewelcrafting,True,item,0,110,db2:item-req,140,170,,20854,False,
25490,Solid Bronze Ring,Jewelcrafting,True,residue,0,,,80,110,,,False,
25493,Braided Copper Ring,Jewelcrafting,True,auto,1,,rule:orange1-candidate,30,60,,,False,
25498,Barbaric Iron Collar,Jewelcrafting,True,residue,0,,,140,170,,,False,
25610,Pendant of the Agate Shield,Jewelcrafting,True,item,0,120,db2:item-req,150,180,,20970,False,
25612,Heavy Iron Knuckles,Jewelcrafting,True,item,0,125,db2:item-req,155,185,,20971,False,
25613,Golden Dragon Ring,Jewelcrafting,True,residue,0,,,165,195,,,False,
25614,Silver Rose Pendant,Jewelcrafting,True,item,0,145,db2:item-req,175,205,,20972,False,
25615,Mithril Filigree,Jewelcrafting,True,residue,0,,,170,190,,,False,
25617,Blazing Citrine Ring,Jewelcrafting,True,item,0,150,db2:item-req,180,210,,20973,False,
25618,Jade Pendant of Blasting,Jewelcrafting,True,item,0,160,db2:item-req,190,220,,20974,False,
25619,The Jade Eye,Jewelcrafting,True,item,0,170,db2:item-req,200,230,,20975,False,
25620,Engraved Truesilver Ring,Jewelcrafting,True,residue,0,,,200,230,,,False,
25621,Citrine Ring of Rapid Healing,Jewelcrafting,True,residue,0,,,210,240,,,False,
25622,Citrine Pendant of Golden Healing,Jewelcrafting,True,item,0,190,db2:item-req,220,250,,20976,False,
26872,Figurine - Jade Owl,Jewelcrafting,True,residue,0,,,225,255,,,False,
26873,Figurine - Golden Hare,Jewelcrafting,True,item,0,200,db2:item-req,225,255,,21940,False,
26874,Aquamarine Signet,Jewelcrafting,True,residue,0,,,235,265,,,False,
26875,Figurine - Black Pearl Panther,Jewelcrafting,True,item,0,215,db2:item-req,240,270,,21941,False,
26876,Aquamarine Pendant of the Warrior,Jewelcrafting,True,residue,0,,,245,275,,,False,
26878,Ruby Crown of Restoration,Jewelcrafting,True,item,0,225,db2:item-req,250,280,,21942,False,
26880,Thorium Setting,Jewelcrafting,True,residue,0,,,235,255,,,False,
26881,Figurine - Truesilver Crab,Jewelcrafting,True,item,0,225,db2:item-req,250,280,,21943,False,
26882,Figurine - Truesilver Boar,Jewelcrafting,True,item,0,235,db2:item-req,260,290,,21944,False,
26883,Ruby Pendant of Fire,Jewelcrafting,True,residue,0,,,260,290,,,False,
26885,Truesilver Healing Ring,Jewelcrafting,True,residue,0,,,265,295,,,False,
26887,The Aquamarine Ward,Jewelcrafting,True,item,0,245,db2:item-req,270,300,,21945,False,
26896,Gem Studded Band,Jewelcrafting,True,item,0,250,db2:item-req,275,305,,21947,False,
26897,Opal Necklace of Impact,Jewelcrafting,True,item,0,250,db2:item-req,275,305,,21948,False,
26900,Figurine - Ruby Serpent,Jewelcrafting,True,item,0,260,db2:item-req,280,300,,21949,False,
26902,Simple Opal Ring,Jewelcrafting,True,residue,0,,,280,300,,,False,
26903,Sapphire Signet,Jewelcrafting,True,residue,0,,,285,305,,,False,
26906,Emerald Crown of Destruction,Jewelcrafting,True,item,0,275,db2:item-req,285,305,,21952,False,
26907,Onslaught Ring,Jewelcrafting,True,residue,0,,,290,310,,,False,
26908,Sapphire Pendant of Winter Night,Jewelcrafting,True,residue,0,,,290,310,,,False,
26909,Figurine - Emerald Owl,Jewelcrafting,True,item,0,285,db2:item-req,295,315,,21953,False,
26910,Ring of Bitter Shadows,Jewelcrafting,True,item,0,285,db2:item-req,295,315,,21954,False,
26911,Living Emerald Pendant,Jewelcrafting,True,residue,0,,,300,320,,,False,
26912,Figurine - Black Diamond Crab,Jewelcrafting,True,item,0,300,db2:item-req,310,330,,21955,False,
26914,Figurine - Dark Iron Scorpid,Jewelcrafting,True,item,0,300,db2:item-req,310,330,,21956,False,
26915,Necklace of the Diamond Tower,Jewelcrafting,True,item,0,305,db2:item-req,315,335,,21957,False,
26916,Band of Natural Fire,Jewelcrafting,True,residue,0,,,320,340,,,False,
26918,Arcanite Sword Pendant,Jewelcrafting,True,item,0,315,db2:item-req,325,345,,21958,False,
26920,Blood Crown,Jewelcrafting,True,item,0,325,db2:item-req,335,355,,21959,False,
26925,Woven Copper Ring,Jewelcrafting,True,auto,1,,rule:orange1-candidate,30,60,,,False,
26926,Heavy Copper Ring,Jewelcrafting,True,residue,0,,,35,65,,,False,
26927,Thick Bronze Necklace,Jewelcrafting,True,residue,0,,,80,110,,,False,
26928,Ornate Tigerseye Necklace,Jewelcrafting,True,residue,0,,,60,90,,,False,
28894,Jewelcrafting,Jewelcrafting,False,trainer-rank,0,,,,,,,False,
28895,Jewelcrafting,Jewelcrafting,False,trainer-rank,0,,,,,,,False,
28897,Jewelcrafting,Jewelcrafting,False,trainer-rank,0,,,,,,,False,
28903,Brilliant Blood Garnet,Jewelcrafting,True,item,0,300,db2:item-req,300,340,,23130,False,
28905,Bold Blood Garnet,Jewelcrafting,True,item,0,305,db2:item-req,305,345,,23131,False,
28910,Inscribed Flame Spessarite,Jewelcrafting,True,item,0,300,db2:item-req,300,340,,23135,False,
28912,Reckless Flame Spessarite,Jewelcrafting,True,item,0,305,db2:item-req,305,345,,23136,False,
28914,Glinting Shadow Draenite,Jewelcrafting,True,item,0,315,db2:item-req,315,355,,23137,False,
28915,Potent Flame Spessarite,Jewelcrafting,True,item,0,325,db2:item-req,325,355,,23138,False,
28916,Radiant Deep Peridot,Jewelcrafting,True,item,0,300,db2:item-req,300,340,,23140,False,
28917,Jagged Deep Peridot,Jewelcrafting,True,item,0,305,db2:item-req,305,345,,23141,False,
28918,Regal Deep Peridot,Jewelcrafting,True,item,0,315,db2:item-req,315,355,,23142,False,
28925,Timeless Shadow Draenite,Jewelcrafting,True,item,0,300,db2:item-req,300,340,,23144,False,
28927,Purified Shadow Draenite,Jewelcrafting,True,item,0,325,db2:item-req,305,345,,23143,False,orange>yellow: orange tier empty (learned late)
28933,Shifting Shadow Draenite,Jewelcrafting,True,item,0,315,db2:item-req,315,355,,23146,False,
28936,Sovereign Shadow Draenite,Jewelcrafting,True,item,0,325,db2:item-req,325,355,,23147,False,
28944,Smooth Golden Draenite,Jewelcrafting,True,item,0,305,db2:item-req,305,345,,23149,False,
28947,Subtle Golden Draenite,Jewelcrafting,True,item,0,315,db2:item-req,315,355,,23150,False,
28948,Rigid Azure Moonstone,Jewelcrafting,True,item,0,325,db2:item-req,325,355,,23151,False,
28950,Solid Azure Moonstone,Jewelcrafting,True,item,0,300,db2:item-req,300,340,,23152,False,
28953,Sparkling Azure Moonstone,Jewelcrafting,True,item,0,305,db2:item-req,305,345,,23153,False,
28955,Stormy Azure Moonstone,Jewelcrafting,True,item,0,315,db2:item-req,315,355,,23154,False,
31048,Fel Iron Blood Ring,Jewelcrafting,True,residue,0,,,320,340,,,False,
31049,Golden Draenite Ring,Jewelcrafting,True,residue,0,,,320,350,,,False,
31050,Azure Moonstone Ring,Jewelcrafting,True,residue,0,,,330,350,,,False,
31051,Thick Adamantite Necklace,Jewelcrafting,True,residue,0,,,345,365,,,False,
31052,Heavy Adamantite Ring,Jewelcrafting,True,residue,0,,,345,365,,,False,
31053,Khorium Band of Shadows,Jewelcrafting,True,item,0,350,db2:item-req,360,380,,24158,False,
31054,Khorium Band of Frost,Jewelcrafting,True,item,0,355,db2:item-req,365,380,,24159,False,
31055,Khorium Inferno Band,Jewelcrafting,True,item,0,355,db2:item-req,365,380,,24160,False,
31056,Khorium Band of Leaves,Jewelcrafting,True,item,0,360,db2:item-req,370,380,,24161,False,
31057,Arcane Khorium Band,Jewelcrafting,True,item,0,365,db2:item-req,370,380,,24162,False,
31058,Heavy Felsteel Ring,Jewelcrafting,True,item,0,345,db2:item-req,355,375,,24163,False,
31060,Delicate Eternium Ring,Jewelcrafting,True,item,0,355,db2:item-req,365,385,,24164,False,
31061,Blazing Eternium Band,Jewelcrafting,True,item,0,365,db2:item-req,375,380,,24165,False,
31062,Pendant of Frozen Flame,Jewelcrafting,True,item,0,360,db2:item-req,370,380,,24174,False,
31063,Pendant of Thawing,Jewelcrafting,True,item,0,360,db2:item-req,370,380,,24175,False,
31064,Pendant of Withering,Jewelcrafting,True,item,0,360,db2:item-req,370,380,,24176,False,
31065,Pendant of Shadow's End,Jewelcrafting,True,item,0,360,db2:item-req,370,380,,24177,False,
31066,Pendant of the Null Rune,Jewelcrafting,True,item,0,360,db2:item-req,370,380,,24178,False,
31067,Thick Felsteel Necklace,Jewelcrafting,True,item,0,355,db2:item-req,365,385,,24166,False,
31068,Living Ruby Pendant,Jewelcrafting,True,item,0,355,db2:item-req,365,385,,24167,False,
31070,Braided Eternium Chain,Jewelcrafting,True,item,0,360,db2:item-req,370,385,,24168,False,
31071,Eye of the Night,Jewelcrafting,True,item,0,360,db2:item-req,370,380,,24169,False,
31072,Embrace of the Dawn,Jewelcrafting,True,item,0,365,db2:item-req,375,385,,24170,False,
31076,Chain of the Twilight Owl,Jewelcrafting,True,item,0,365,db2:item-req,375,385,,24171,False,
31077,Coronet of Verdant Flame,Jewelcrafting,True,item,0,370,db2:item-req,375,385,,24172,False,
31078,Circlet of Arcane Might,Jewelcrafting,True,item,0,370,db2:item-req,375,385,,24173,False,
31079,Figurine - Felsteel Boar,Jewelcrafting,True,item,0,370,db2:item-req,375,385,,24179,False,
31080,Figurine - Dawnstone Crab,Jewelcrafting,True,item,0,370,db2:item-req,375,385,,24180,False,
31081,Figurine - Living Ruby Serpent,Jewelcrafting,True,item,0,370,db2:item-req,375,385,,24181,False,
31082,Figurine - Talasite Owl,Jewelcrafting,True,item,0,370,db2:item-req,375,385,,24182,False,
31083,Figurine - Nightseye Panther,Jewelcrafting,True,item,0,370,db2:item-req,375,385,,24183,False,
31084,Bold Living Ruby,Jewelcrafting,True,item,0,350,db2:item-req,350,380,,24193,False,
31085,Delicate Living Ruby,Jewelcrafting,True,item,0,350,db2:item-req,350,380,,24192,False,
31088,Brilliant Living Ruby,Jewelcrafting,True,item,0,350,db2:item-req,350,380,,24195,False,
31090,Subtle Dawnstone,Jewelcrafting,True,item,0,350,db2:item-req,350,380,,24197,False,
31091,Flashing Living Ruby,Jewelcrafting,True,item,0,350,db2:item-req,350,380,,24198,False,
31092,Solid Star of Elune,Jewelcrafting,True,item,0,350,db2:item-req,350,380,,24199,False,
31095,Stormy Star of Elune,Jewelcrafting,True,item,0,350,db2:item-req,350,380,,24202,False,
31097,Smooth Dawnstone,Jewelcrafting,True,item,0,350,db2:item-req,350,380,,24204,False,
31098,Rigid Star of Elune,Jewelcrafting,True,item,0,350,db2:item-req,350,380,,24205,False,
31101,Mystic Dawnstone,Jewelcrafting,True,item,0,350,db2:item-req,350,380,,24208,False,
31102,Sovereign Nightseye,Jewelcrafting,True,item,0,350,db2:item-req,350,380,,24209,False,
31103,Shifting Nightseye,Jewelcrafting,True,item,0,350,db2:item-req,350,380,,24210,False,
31104,Timeless Nightseye,Jewelcrafting,True,item,0,350,db2:item-req,350,380,,24211,False,
31106,Inscribed Noble Topaz,Jewelcrafting,True,item,0,350,db2:item-req,350,380,,24213,False,
31107,Potent Noble Topaz,Jewelcrafting,True,item,0,350,db2:item-req,350,380,,24214,False,
31108,Reckless Noble Topaz,Jewelcrafting,True,item,0,350,db2:item-req,350,380,,24215,False,
31109,Glinting Nightseye,Jewelcrafting,True,item,0,350,db2:item-req,350,380,,24216,False,
31111,Radiant Talasite,Jewelcrafting,True,item,0,350,db2:item-req,350,380,,24218,False,
31112,Purified Nightseye,Jewelcrafting,True,item,0,350,db2:item-req,350,380,,24212,False,
31113,Jagged Talasite,Jewelcrafting,True,item,0,350,db2:item-req,350,380,,24220,False,
31149,Sparkling Star of Elune,Jewelcrafting,True,item,0,350,db2:item-req,350,380,,24200,False,
31252,Prospecting,Jewelcrafting,False,non-craft,0,,,,,,,False,
32178,Malachite Pendant,Jewelcrafting,True,residue,0,,,50,80,,,False,
32179,Tigerseye Band,Jewelcrafting,True,residue,0,,,50,80,,,False,
32259,Rough Stone Statue,Jewelcrafting,True,auto,1,,rule:orange1-candidate,30,50,,,False,
32801,Coarse Stone Statue,Jewelcrafting,True,residue,0,,,70,90,,,False,
32807,Heavy Stone Statue,Jewelcrafting,True,residue,0,,,120,140,,,False,
32808,Solid Stone Statue,Jewelcrafting,True,residue,0,,,175,195,,,False,
32809,Dense Stone Statue,Jewelcrafting,True,residue,0,,,225,245,,,False,
32810,Primal Stone Statue,Jewelcrafting,True,item,0,300,db2:item-req,300,320,,25888,False,
32866,Powerful Earthstorm Diamond,Jewelcrafting,True,item,0,365,db2:item-req,375,380,,25902,False,
32867,Bracing Earthstorm Diamond,Jewelcrafting,True,item,0,365,db2:item-req,375,380,,25903,False,
32868,Tenacious Earthstorm Diamond,Jewelcrafting,True,item,0,365,db2:item-req,375,380,,25905,False,
32869,Brutal Earthstorm Diamond,Jewelcrafting,True,item,0,365,db2:item-req,375,380,,25906,False,
32870,Insightful Earthstorm Diamond,Jewelcrafting,True,item,0,365,db2:item-req,375,380,,25904,False,
32871,Destructive Skyfire Diamond,Jewelcrafting,True,item,0,365,db2:item-req,375,380,,25907,False,
32872,Mystical Skyfire Diamond,Jewelcrafting,True,item,0,365,db2:item-req,375,380,,25909,False,
32873,Swift Skyfire Diamond,Jewelcrafting,True,item,0,365,db2:item-req,375,380,,25908,False,
32874,Enigmatic Skyfire Diamond,Jewelcrafting,True,item,0,365,db2:item-req,375,380,,25910,False,
34590,Delicate Blood Garnet,Jewelcrafting,True,item,0,305,db2:item-req,305,345,,23134,False,
34955,Golden Ring of Power,Jewelcrafting,True,residue,0,,,190,210,,,False,
34959,Truesilver Commander's Ring,Jewelcrafting,True,residue,0,,,210,230,,,False,
34960,Glowing Thorium Band,Jewelcrafting,True,residue,0,,,290,310,,,False,
34961,Emerald Lion Ring,Jewelcrafting,True,residue,0,,,300,320,,,False,
36523,Brilliant Necklace,Jewelcrafting,True,residue,0,,,105,135,,,False,
36524,Heavy Jade Ring,Jewelcrafting,True,residue,0,,,135,165,,,False,
36525,Red Ring of Destruction,Jewelcrafting,True,residue,0,,,255,285,,,False,
36526,Diamond Focus Ring,Jewelcrafting,True,residue,0,,,285,305,,,False,
37818,Bronze Band of Force,Jewelcrafting,True,residue,0,,,95,125,,,False,
37855,Ring of Arcane Shielding,Jewelcrafting,True,item,0,360,db2:item-req,370,380,,30826,False,
38068,Mercurial Adamantite,Jewelcrafting,True,residue,0,,,325,345,,,False,
38175,Bronze Torc,Jewelcrafting,True,residue,0,,,110,140,,,False,
38503,The Frozen Eye,Jewelcrafting,True,item,0,375,db2:item-req,375,385,,31401,False,
38504,The Natural Ward,Jewelcrafting,True,item,0,375,db2:item-req,375,385,,31402,False,
39466,Veiled Shadow Draenite,Jewelcrafting,True,item,0,325,db2:item-req,325,355,,31873,False,
39467,Deadly Flame Spessarite,Jewelcrafting,True,item,0,325,db2:item-req,325,355,,31874,False,
39470,Veiled Nightseye,Jewelcrafting,True,item,0,350,db2:item-req,350,380,,31878,False,
39471,Deadly Noble Topaz,Jewelcrafting,True,item,0,350,db2:item-req,350,380,,31879,False,
39705,Bold Crimson Spinel,Jewelcrafting,True,item,0,375,db2:item-req,375,385,,32274,False,
39706,Delicate Crimson Spinel,Jewelcrafting,True,item,0,375,db2:item-req,375,385,,32277,False,
39711,Brilliant Crimson Spinel,Jewelcrafting,True,item,0,375,db2:item-req,375,385,,32281,False,
39713,Subtle Lionseye,Jewelcrafting,True,item,0,375,db2:item-req,375,385,,32284,False,
39714,Flashing Crimson Spinel,Jewelcrafting,True,item,0,375,db2:item-req,375,385,,32285,False,
39715,Solid Empyrean Sapphire,Jewelcrafting,True,item,0,375,db2:item-req,375,385,,32286,False,
39716,Sparkling Empyrean Sapphire,Jewelcrafting,True,item,0,375,db2:item-req,375,385,,32287,False,
39718,Stormy Empyrean Sapphire,Jewelcrafting,True,item,0,375,db2:item-req,375,385,,32289,False,
39720,Smooth Lionseye,Jewelcrafting,True,item,0,375,db2:item-req,375,385,,32291,False,
39721,Rigid Empyrean Sapphire,Jewelcrafting,True,item,0,375,db2:item-req,375,385,,32292,False,
39724,Mystic Lionseye,Jewelcrafting,True,item,0,375,db2:item-req,375,385,,32295,False,
39727,Sovereign Shadowsong Amethyst,Jewelcrafting,True,item,0,375,db2:item-req,375,385,,32297,False,
39728,Shifting Shadowsong Amethyst,Jewelcrafting,True,item,0,375,db2:item-req,375,385,,32298,False,
39731,Timeless Shadowsong Amethyst,Jewelcrafting,True,item,0,375,db2:item-req,375,385,,32301,False,
39733,Inscribed Pyrestone,Jewelcrafting,True,item,0,375,db2:item-req,375,385,,32303,False,
39734,Potent Pyrestone,Jewelcrafting,True,item,0,375,db2:item-req,375,385,,32304,False,
39736,Glinting Shadowsong Amethyst,Jewelcrafting,True,item,0,375,db2:item-req,375,385,,32306,False,
39737,Veiled Shadowsong Amethyst,Jewelcrafting,True,item,0,375,db2:item-req,375,385,,32307,False,
39738,Deadly Pyrestone,Jewelcrafting,True,item,0,375,db2:item-req,375,385,,32308,False,
39739,Regal Seaspray Emerald,Jewelcrafting,True,item,0,375,db2:item-req,375,385,,32309,False,
39740,Radiant Seaspray Emerald,Jewelcrafting,True,item,0,375,db2:item-req,375,385,,32310,False,
39741,Purified Shadowsong Amethyst,Jewelcrafting,True,item,0,375,db2:item-req,375,385,,32311,False,
39742,Jagged Seaspray Emerald,Jewelcrafting,True,item,0,375,db2:item-req,375,385,,32312,False,
39961,Relentless Earthstorm Diamond,Jewelcrafting,True,item,0,365,db2:item-req,375,380,,32412,False,
39963,Thundering Skyfire Diamond,Jewelcrafting,True,item,0,365,db2:item-req,375,380,,32411,False,
40514,Necklace of the Deep,Jewelcrafting,True,residue,0,,,340,370,,,False,
41414,Brilliant Pearl Band,Jewelcrafting,True,residue,0,,,335,355,,,False,
41415,The Black Pearl,Jewelcrafting,True,residue,0,,,340,360,,,False,
41418,Crown of the Sea Witch,Jewelcrafting,True,special,0,,,375,385,,,False,
41420,Purified Jaggal Pearl,Jewelcrafting,True,residue,0,,,325,340,,,False,
41429,Purified Shadow Pearl,Jewelcrafting,True,residue,0,,,350,380,,,False,
42558,Don Julio's Heart,Jewelcrafting,True,item,0,360,db2:item-req,365,375,,33305,False,
42588,Kailee's Rose,Jewelcrafting,True,item,0,360,db2:item-req,365,375,,33155,False,
42589,Crimson Sun,Jewelcrafting,True,item,0,360,db2:item-req,365,375,,33156,False,
42590,Falling Star,Jewelcrafting,True,item,0,360,db2:item-req,365,375,,33157,False,
42591,Stone of Blades,Jewelcrafting,True,item,0,360,db2:item-req,365,375,,33158,False,
42592,Blood of Amber,Jewelcrafting,True,item,0,360,db2:item-req,365,375,,33159,False,
42593,Facet of Eternity,Jewelcrafting,True,item,0,360,db2:item-req,365,375,,33160,False,
43493,Steady Talasite,Jewelcrafting,True,item,0,350,db2:item-req,350,380,,33783,False,
44794,Chaotic Skyfire Diamond,Jewelcrafting,True,item,0,365,db2:item-req,375,380,,34221,False,
46122,Loop of Forged Power,Jewelcrafting,True,item,0,365,db2:item-req,375,385,,35198,False,
46123,Ring of Flowing Life,Jewelcrafting,True,item,0,365,db2:item-req,375,385,,35199,False,
46124,Hard Khorium Band,Jewelcrafting,True,item,0,365,db2:item-req,375,385,,35200,False,
46125,Pendant of Sunfire,Jewelcrafting,True,item,0,365,db2:item-req,375,385,,35201,False,
46126,Amulet of Flowing Life,Jewelcrafting,True,item,0,365,db2:item-req,375,385,,35202,False,
46127,Hard Khorium Choker,Jewelcrafting,True,item,0,365,db2:item-req,375,385,,35203,False,
46403,Quick Dawnstone,Jewelcrafting,True,item,0,350,db2:item-req,350,380,,35322,False,
46405,Forceful Talasite,Jewelcrafting,True,item,0,350,db2:item-req,350,380,,35325,False,
46597,Eternal Earthstorm Diamond,Jewelcrafting,True,item,0,370,db2:item-req,375,380,,35502,False,
46601,Ember Skyfire Diamond,Jewelcrafting,True,item,0,370,db2:item-req,375,380,,35505,False,
46775,Figurine - Empyrean Tortoise,Jewelcrafting,True,item,0,375,db2:item-req,375,385,,35695,False,
46776,Figurine - Khorium Boar,Jewelcrafting,True,item,0,375,db2:item-req,375,385,,35696,False,
46777,Figurine - Crimson Serpent,Jewelcrafting,True,item,0,375,db2:item-req,375,385,,35697,False,
46778,Figurine - Shadowsong Panther,Jewelcrafting,True,item,0,375,db2:item-req,375,385,,35698,False,
46779,Figurine - Seaspray Albatross,Jewelcrafting,True,item,0,375,db2:item-req,375,385,,35699,False,
46803,Regal Talasite,Jewelcrafting,True,item,0,350,db2:item-req,350,380,,24217,False,
47053,Forceful Seaspray Emerald,Jewelcrafting,True,item,0,375,db2:item-req,375,385,,35765,False,
47054,Steady Seaspray Emerald,Jewelcrafting,True,item,0,375,db2:item-req,375,385,,35764,False,
47055,Reckless Pyrestone,Jewelcrafting,True,item,0,375,db2:item-req,375,385,,32305,False,
47056,Quick Lionseye,Jewelcrafting,True,item,0,375,db2:item-req,375,385,,35763,False,
47280,Brilliant Glass,Jewelcrafting,True,residue,0,,,350,380,,,False,
51311,Jewelcrafting,Jewelcrafting,False,trainer-rank,0,,,,,,,False,
53830,Bold Scarlet Ruby,Jewelcrafting,True,item,0,390,db2:item-req,410,440,,41576,False,
53831,Bold Bloodstone,Jewelcrafting,True,residue,0,,,375,415,,,False,
53832,Delicate Bloodstone,Jewelcrafting,True,residue,0,,,375,415,,,False,
53843,Subtle Sun Crystal,Jewelcrafting,True,residue,0,,,375,415,,,False,
53844,Flashing Bloodstone,Jewelcrafting,True,residue,0,,,375,415,,,False,
53845,Smooth Sun Crystal,Jewelcrafting,True,residue,0,,,375,415,,,False,
53852,Brilliant Bloodstone,Jewelcrafting,True,residue,0,,,375,415,,,False,
53854,Rigid Chalcedony,Jewelcrafting,True,residue,0,,,375,415,,,False,
53856,Quick Sun Crystal,Jewelcrafting,True,residue,0,,,375,415,,,False,
53857,Mystic Sun Crystal,Jewelcrafting,True,item,0,350,db2:item-req,375,415,,41559,False,
53859,Sovereign Shadow Crystal,Jewelcrafting,True,residue,0,,,375,415,,,False,
53860,Shifting Shadow Crystal,Jewelcrafting,True,residue,0,,,375,415,,,False,
53861,Glinting Shadow Crystal,Jewelcrafting,True,residue,0,,,375,415,,,False,
53865,Mysterious Shadow Crystal,Jewelcrafting,True,item,0,350,db2:item-req,375,415,,41575,False,
53869,Defender's Shadow Crystal,Jewelcrafting,True,item,0,350,db2:item-req,375,415,,41574,False,
53870,Jagged Dark Jade,Jewelcrafting,True,residue,0,,,375,415,,,False,
53871,Guardian's Shadow Crystal,Jewelcrafting,True,residue,0,,,375,415,,,False,
53872,Inscribed Huge Citrine,Jewelcrafting,True,residue,0,,,375,415,,,False,
53873,Etched Shadow Crystal,Jewelcrafting,True,residue,0,,,375,415,,,False,
53874,Champion's Huge Citrine,Jewelcrafting,True,residue,0,,,375,415,,,False,
53875,Resplendent Huge Citrine,Jewelcrafting,True,item,0,350,db2:item-req,375,415,,41566,False,
53876,Fierce Huge Citrine,Jewelcrafting,True,residue,0,,,375,415,,,False,
53877,Deadly Huge Citrine,Jewelcrafting,True,item,0,350,db2:item-req,375,415,,41562,False,
53879,Lucent Huge Citrine,Jewelcrafting,True,item,0,350,db2:item-req,375,415,,41564,False,
53880,Deft Huge Citrine,Jewelcrafting,True,residue,0,,,375,415,,,False,
53882,Potent Huge Citrine,Jewelcrafting,True,residue,0,,,375,415,,,False,
53883,Veiled Shadow Crystal,Jewelcrafting,True,residue,0,,,375,415,,,False,
53884,Willful Huge Citrine,Jewelcrafting,True,item,0,350,db2:item-req,375,415,,41563,False,
53885,Reckless Huge Citrine,Jewelcrafting,True,item,0,350,db2:item-req,375,415,,41561,False,
53891,Stalwart Huge Citrine,Jewelcrafting,True,residue,0,,,375,415,,,False,
53892,Accurate Shadow Crystal,Jewelcrafting,True,residue,0,,,375,415,,,False,
53893,Resolute Huge Citrine,Jewelcrafting,True,residue,0,,,375,415,,,False,
53894,Timeless Shadow Crystal,Jewelcrafting,True,residue,0,,,375,415,,,False,
53917,Nimble Dark Jade,Jewelcrafting,True,item,0,350,db2:item-req,375,415,,41567,False,
53918,Regal Dark Jade,Jewelcrafting,True,residue,0,,,375,415,,,False,
53919,Steady Dark Jade,Jewelcrafting,True,item,0,350,db2:item-req,375,415,,41572,False,
53920,Forceful Dark Jade,Jewelcrafting,True,residue,0,,,375,415,,,False,
53921,Purified Shadow Crystal,Jewelcrafting,True,item,0,350,db2:item-req,375,415,,41568,False,
53922,Misty Dark Jade,Jewelcrafting,True,residue,0,,,375,415,,,False,
53923,Lightning Dark Jade,Jewelcrafting,True,residue,0,,,375,415,,,False,
53924,Turbid Dark Jade,Jewelcrafting,True,item,0,350,db2:item-req,375,415,,41571,False,
53925,Energized Dark Jade,Jewelcrafting,True,residue,0,,,375,415,,,False,
53932,Radiant Dark Jade,Jewelcrafting,True,item,0,350,db2:item-req,375,415,,41570,False,
53933,Shattered Dark Jade,Jewelcrafting,True,item,0,350,db2:item-req,375,415,,41569,False,
53934,Solid Chalcedony,Jewelcrafting,True,residue,0,,,375,415,,,False,
53941,Sparkling Chalcedony,Jewelcrafting,True,residue,0,,,375,415,,,False,
53943,Stormy Chalcedony,Jewelcrafting,True,item,0,350,db2:item-req,375,415,,41560,False,
53945,Delicate Scarlet Ruby,Jewelcrafting,True,item,0,390,db2:item-req,410,440,,41577,False,
53946,Brilliant Scarlet Ruby,Jewelcrafting,True,item,0,390,db2:item-req,410,440,,41718,False,
53948,Subtle Autumn's Glow,Jewelcrafting,True,item,0,390,db2:item-req,410,440,,41719,False,
53949,Flashing Scarlet Ruby,Jewelcrafting,True,item,0,390,db2:item-req,410,440,,41578,False,
53951,Precise Scarlet Ruby,Jewelcrafting,True,item,0,390,db2:item-req,410,440,,41790,False,
53952,Solid Sky Sapphire,Jewelcrafting,True,item,0,390,db2:item-req,410,440,,42138,False,
53954,Sparkling Sky Sapphire,Jewelcrafting,True,item,0,390,db2:item-req,410,440,,41581,False,
53955,Stormy Sky Sapphire,Jewelcrafting,True,item,0,390,db2:item-req,410,440,,41728,False,
53957,Smooth Autumn's Glow,Jewelcrafting,True,item,0,390,db2:item-req,410,440,,41720,False,
53958,Rigid Sky Sapphire,Jewelcrafting,True,item,0,390,db2:item-req,410,440,,41580,False,
53960,Mystic Autumn's Glow,Jewelcrafting,True,item,0,390,db2:item-req,410,440,,41727,False,
53961,Quick Autumn's Glow,Jewelcrafting,True,item,0,390,db2:item-req,410,440,,41579,False,
53962,Sovereign Twilight Opal,Jewelcrafting,True,item,0,390,db2:item-req,410,440,,41784,False,
53963,Shifting Twilight Opal,Jewelcrafting,True,item,0,390,db2:item-req,410,440,,41747,False,
53965,Timeless Twilight Opal,Jewelcrafting,True,item,0,390,db2:item-req,410,440,,41795,False,
53966,Purified Twilight Opal,Jewelcrafting,True,item,0,390,db2:item-req,410,440,,41699,False,
53968,Mysterious Twilight Opal,Jewelcrafting,True,item,0,390,db2:item-req,410,440,,41740,False,
53972,Defender's Twilight Opal,Jewelcrafting,True,item,0,390,db2:item-req,410,440,,41820,False,
53974,Guardian's Twilight Opal,Jewelcrafting,True,item,0,390,db2:item-req,410,440,,41726,False,
53975,Inscribed Monarch Topaz,Jewelcrafting,True,item,0,390,db2:item-req,410,440,,41789,False,
53976,Etched Twilight Opal,Jewelcrafting,True,item,0,390,db2:item-req,410,440,,41777,False,
53977,Champion's Monarch Topaz,Jewelcrafting,True,item,0,390,db2:item-req,410,440,,41780,False,
53978,Resplendent Monarch Topaz,Jewelcrafting,True,item,0,390,db2:item-req,410,440,,41734,False,
53980,Glinting Twilight Opal,Jewelcrafting,True,item,0,390,db2:item-req,410,440,,41785,False,
53981,Lucent Monarch Topaz,Jewelcrafting,True,item,0,390,db2:item-req,410,440,,41732,False,
53984,Potent Monarch Topaz,Jewelcrafting,True,item,0,390,db2:item-req,410,440,,41686,False,
53985,Veiled Twilight Opal,Jewelcrafting,True,item,0,390,db2:item-req,410,440,,41688,False,
53986,Willful Monarch Topaz,Jewelcrafting,True,item,0,390,db2:item-req,410,440,,41730,False,
53987,Reckless Monarch Topaz,Jewelcrafting,True,item,0,390,db2:item-req,410,440,,41690,False,
53988,Deadly Monarch Topaz,Jewelcrafting,True,item,0,390,db2:item-req,410,440,,41794,False,
53991,Deft Monarch Topaz,Jewelcrafting,True,item,0,390,db2:item-req,410,440,,41792,False,
53993,Stalwart Monarch Topaz,Jewelcrafting,True,item,0,390,db2:item-req,410,440,,41779,False,
53994,Accurate Twilight Opal,Jewelcrafting,True,item,0,390,db2:item-req,410,440,,41818,False,
53996,Jagged Forest Emerald,Jewelcrafting,True,item,0,390,db2:item-req,410,440,,41702,False,
53997,Nimble Forest Emerald,Jewelcrafting,True,item,0,390,db2:item-req,410,440,,41698,False,
53998,Regal Forest Emerald,Jewelcrafting,True,item,0,390,db2:item-req,410,440,,41697,False,
54000,Steady Forest Emerald,Jewelcrafting,True,item,0,390,db2:item-req,410,440,,41738,False,
54001,Forceful Forest Emerald,Jewelcrafting,True,item,0,390,db2:item-req,410,440,,41693,False,
54003,Misty Forest Emerald,Jewelcrafting,True,item,0,390,db2:item-req,410,440,,41781,False,
54005,Turbid Forest Emerald,Jewelcrafting,True,item,0,390,db2:item-req,410,440,,41737,False,
54009,Lightning Forest Emerald,Jewelcrafting,True,item,0,390,db2:item-req,410,440,,41696,False,
54011,Energized Forest Emerald,Jewelcrafting,True,item,0,390,db2:item-req,410,440,,41692,False,
54012,Radiant Forest Emerald,Jewelcrafting,True,item,0,390,db2:item-req,410,440,,41736,False,
54014,Shattered Forest Emerald,Jewelcrafting,True,item,0,390,db2:item-req,410,440,,41735,False,
54017,Precise Bloodstone,Jewelcrafting,True,residue,0,,,375,415,,,False,
54019,Fierce Monarch Topaz,Jewelcrafting,True,item,0,390,db2:item-req,410,440,,41793,False,
54023,Resolute Monarch Topaz,Jewelcrafting,True,item,0,390,db2:item-req,410,440,,41778,False,
55384,Shielded Skyflare Diamond,Jewelcrafting,True,item,0,420,db2:item-req,440,460,,41705,False,
55386,Tireless Skyflare Diamond,Jewelcrafting,True,item,0,440,db2:item-req,440,460,,41415,False,
55387,Forlorn Skyflare Diamond,Jewelcrafting,True,item,0,440,db2:item-req,440,460,,41416,False,
55388,Impassive Skyflare Diamond,Jewelcrafting,True,item,0,440,db2:item-req,440,460,,41417,False,
55389,Chaotic Skyflare Diamond,Jewelcrafting,True,item,0,420,db2:item-req,440,460,,41704,False,
55390,Destructive Skyflare Diamond,Jewelcrafting,True,item,0,420,db2:item-req,440,460,,41786,False,
55392,Ember Skyflare Diamond,Jewelcrafting,True,item,0,420,db2:item-req,440,460,,41706,False,
55393,Enigmatic Skyflare Diamond,Jewelcrafting,True,item,0,440,db2:item-req,440,460,,41421,False,
55394,Swift Skyflare Diamond,Jewelcrafting,True,item,0,440,db2:item-req,440,460,,41422,False,
55395,Thundering Skyflare Diamond,Jewelcrafting,True,item,0,420,db2:item-req,440,460,,41787,False,
55396,Insightful Earthsiege Diamond,Jewelcrafting,True,item,0,420,db2:item-req,440,460,,41708,False,
55397,Bracing Earthsiege Diamond,Jewelcrafting,True,item,0,440,db2:item-req,440,460,,41404,False,
55398,Eternal Earthsiege Diamond,Jewelcrafting,True,item,0,440,db2:item-req,440,460,,41405,False,
55399,Powerful Earthsiege Diamond,Jewelcrafting,True,item,0,440,db2:item-req,440,460,,41406,False,
55400,Relentless Earthsiege Diamond,Jewelcrafting,True,item,0,420,db2:item-req,440,460,,41710,False,
55401,Austere Earthsiege Diamond,Jewelcrafting,True,item,0,440,db2:item-req,440,460,,41408,False,
55402,Persistent Earthsiege Diamond,Jewelcrafting,True,item,0,440,db2:item-req,440,460,,41409,False,
55403,Trenchant Earthsiege Diamond,Jewelcrafting,True,item,0,420,db2:item-req,440,460,,41711,False,
55404,Invigorating Earthsiege Diamond,Jewelcrafting,True,item,0,420,db2:item-req,440,460,,41709,False,
55405,Beaming Earthsiege Diamond,Jewelcrafting,True,item,0,420,db2:item-req,440,460,,41788,False,
55407,Revitalizing Skyflare Diamond,Jewelcrafting,True,item,0,420,db2:item-req,440,460,,41707,False,
56049,Bold Dragon's Eye,Jewelcrafting,True,item,0,370,db2:item-req,390,440,,42298,False,
56052,Delicate Dragon's Eye,Jewelcrafting,True,item,0,370,db2:item-req,390,440,,42299,False,
56053,Brilliant Dragon's Eye,Jewelcrafting,True,item,0,370,db2:item-req,390,440,,42300,False,
56055,Subtle Dragon's Eye,Jewelcrafting,True,item,0,370,db2:item-req,390,440,,42314,False,
56056,Flashing Dragon's Eye,Jewelcrafting,True,item,0,370,db2:item-req,390,440,,42302,False,
56079,Mystic Dragon's Eye,Jewelcrafting,True,item,0,370,db2:item-req,390,440,,42305,False,
56081,Precise Dragon's Eye,Jewelcrafting,True,item,0,370,db2:item-req,390,440,,42306,False,
56083,Quick Dragon's Eye,Jewelcrafting,True,item,0,370,db2:item-req,390,440,,42307,False,
56084,Rigid Dragon's Eye,Jewelcrafting,True,item,0,370,db2:item-req,390,440,,42308,False,
56085,Smooth Dragon's Eye,Jewelcrafting,True,item,0,370,db2:item-req,390,440,,42303,False,
56086,Solid Dragon's Eye,Jewelcrafting,True,item,0,370,db2:item-req,390,440,,42311,False,
56087,Sparkling Dragon's Eye,Jewelcrafting,True,item,0,370,db2:item-req,390,440,,42304,False,
56088,Stormy Dragon's Eye,Jewelcrafting,True,item,0,370,db2:item-req,390,440,,42313,False,
56193,Bloodstone Band,Jewelcrafting,True,residue,0,,,380,420,,,False,
56194,Sun Rock Ring,Jewelcrafting,True,residue,0,,,380,420,,,False,
56195,Jade Dagger Pendant,Jewelcrafting,True,residue,0,,,400,420,,,False,
56196,Blood Sun Necklace,Jewelcrafting,True,residue,0,,,400,420,,,False,
56197,Dream Signet,Jewelcrafting,True,residue,0,,,440,460,,,False,
56199,Figurine - Ruby Hare,Jewelcrafting,True,residue,0,,,430,450,,,False,
56201,Figurine - Twilight Serpent,Jewelcrafting,True,residue,0,,,430,450,,,False,
56202,Figurine - Sapphire Owl,Jewelcrafting,True,residue,0,,,430,450,,,False,
56203,Figurine - Emerald Boar,Jewelcrafting,True,residue,0,,,430,450,,,False,
56205,Dark Jade Focusing Lens,Jewelcrafting,True,residue,0,,,360,380,,,False,
56206,Shadow Crystal Focusing Lens,Jewelcrafting,True,residue,0,,,370,390,,,False,
56208,Shadow Jade Focusing Lens,Jewelcrafting,True,residue,0,,,380,400,,,False,
56496,Titanium Impact Band,Jewelcrafting,True,item,0,430,db2:item-req,450,460,,42648,False,
56497,Titanium Earthguard Ring,Jewelcrafting,True,item,0,430,db2:item-req,450,460,,42649,False,
56498,Titanium Spellshock Ring,Jewelcrafting,True,item,0,430,db2:item-req,450,460,,42650,False,
56499,Titanium Impact Choker,Jewelcrafting,True,item,0,440,db2:item-req,450,460,,42651,False,
56500,Titanium Earthguard Chain,Jewelcrafting,True,item,0,440,db2:item-req,450,460,,42652,False,
56501,Titanium Spellshock Necklace,Jewelcrafting,True,item,0,440,db2:item-req,450,460,,42653,False,
56530,Enchanted Pearl,Jewelcrafting,True,residue,0,,,380,420,,,False,
56531,Enchanted Tear,Jewelcrafting,True,residue,0,,,410,440,,,False,
58141,Crystal Citrine Necklace,Jewelcrafting,True,residue,0,,,380,420,,,False,
58142,Crystal Chalcedony Amulet,Jewelcrafting,True,residue,0,,,380,420,,,False,
58143,Earthshadow Ring,Jewelcrafting,True,residue,0,,,390,420,,,False,
58144,Jade Ring of Slaying,Jewelcrafting,True,residue,0,,,390,420,,,False,
58145,Stoneguard Band,Jewelcrafting,True,residue,0,,,410,430,,,False,
58146,Shadowmight Ring,Jewelcrafting,True,residue,0,,,410,430,,,False,
58147,Ring of Earthen Might,Jewelcrafting,True,item,0,420,db2:item-req,440,460,,43317,False,
58148,Ring of Scarlet Shadows,Jewelcrafting,True,item,0,420,db2:item-req,440,460,,43318,False,
58149,Windfire Band,Jewelcrafting,True,item,0,420,db2:item-req,440,460,,43319,False,
58150,Ring of Northern Tears,Jewelcrafting,True,item,0,420,db2:item-req,440,460,,43320,False,
58492,Savage Titanium Ring,Jewelcrafting,True,item,0,420,db2:item-req,440,460,,43485,False,
58507,Savage Titanium Band,Jewelcrafting,True,item,0,420,db2:item-req,440,460,,43497,False,
58954,Titanium Frostguard Ring,Jewelcrafting,True,item,0,420,db2:item-req,440,460,,43597,False,
59759,Figurine - Monarch Crab,Jewelcrafting,True,residue,0,,,430,450,,,False,
62242,Icy Prism,Jewelcrafting,True,residue,0,,,445,470,,,False,
62941,Prismatic Black Diamond,Jewelcrafting,True,residue,0,,,310,320,,,False,
63743,Amulet of Truesight,Jewelcrafting,True,residue,0,,,210,230,,,False,
64725,Emerald Choker,Jewelcrafting,True,residue,0,,,440,460,,,False,
64726,Sky Sapphire Amulet,Jewelcrafting,True,residue,0,,,440,460,,,False,
64727,Runed Mana Band,Jewelcrafting,True,residue,0,,,440,460,,,False,
64728,Scarlet Signet,Jewelcrafting,True,residue,0,,,440,460,,,False,
66338,Regal Eye of Zul,Jewelcrafting,True,item,0,450,db2:item-req,440,465,,46940,False,orange>yellow: orange tier empty (learned late)
66428,Steady Eye of Zul,Jewelcrafting,True,item,0,450,db2:item-req,440,465,,46898,False,orange>yellow: orange tier empty (learned late)
66429,Nimble Eye of Zul,Jewelcrafting,True,item,0,450,db2:item-req,440,465,,46899,False,orange>yellow: orange tier empty (learned late)
66431,Jagged Eye of Zul,Jewelcrafting,True,item,0,450,db2:item-req,440,465,,46944,False,orange>yellow: orange tier empty (learned late)
66432,Timeless Dreadstone,Jewelcrafting,True,item,0,450,db2:item-req,440,465,,46936,False,orange>yellow: orange tier empty (learned late)
66434,Forceful Eye of Zul,Jewelcrafting,True,item,0,450,db2:item-req,440,465,,46904,False,orange>yellow: orange tier empty (learned late)
66435,Misty Eye of Zul,Jewelcrafting,True,item,0,450,db2:item-req,440,465,,46905,False,orange>yellow: orange tier empty (learned late)
66439,Lightning Eye of Zul,Jewelcrafting,True,item,0,450,db2:item-req,440,465,,46907,False,orange>yellow: orange tier empty (learned late)
66441,Radiant Eye of Zul,Jewelcrafting,True,item,0,450,db2:item-req,440,465,,46908,False,orange>yellow: orange tier empty (learned late)
66442,Energized Eye of Zul,Jewelcrafting,True,item,0,450,db2:item-req,440,465,,46910,False,orange>yellow: orange tier empty (learned late)
66443,Shattered Eye of Zul,Jewelcrafting,True,item,0,450,db2:item-req,440,465,,46913,False,orange>yellow: orange tier empty (learned late)
66445,Turbid Eye of Zul,Jewelcrafting,True,item,0,450,db2:item-req,440,465,,46914,False,orange>yellow: orange tier empty (learned late)
66446,Brilliant Cardinal Ruby,Jewelcrafting,True,item,0,450,db2:item-req,440,465,,46930,False,orange>yellow: orange tier empty (learned late)
66447,Bold Cardinal Ruby,Jewelcrafting,True,item,0,450,db2:item-req,440,465,,46917,False,orange>yellow: orange tier empty (learned late)
66448,Delicate Cardinal Ruby,Jewelcrafting,True,item,0,450,db2:item-req,440,465,,46918,False,orange>yellow: orange tier empty (learned late)
66450,Precise Cardinal Ruby,Jewelcrafting,True,item,0,450,db2:item-req,440,465,,46920,False,orange>yellow: orange tier empty (learned late)
66452,Subtle King's Amber,Jewelcrafting,True,item,0,450,db2:item-req,440,465,,46931,False,orange>yellow: orange tier empty (learned late)
66453,Flashing Cardinal Ruby,Jewelcrafting,True,item,0,450,db2:item-req,440,465,,46923,False,orange>yellow: orange tier empty (learned late)
66497,Solid Majestic Zircon,Jewelcrafting,True,item,0,450,db2:item-req,440,465,,46924,False,orange>yellow: orange tier empty (learned late)
66498,Sparkling Majestic Zircon,Jewelcrafting,True,item,0,450,db2:item-req,440,465,,46925,False,orange>yellow: orange tier empty (learned late)
66499,Stormy Majestic Zircon,Jewelcrafting,True,item,0,450,db2:item-req,440,465,,46926,False,orange>yellow: orange tier empty (learned late)
66501,Rigid Majestic Zircon,Jewelcrafting,True,item,0,450,db2:item-req,440,465,,46928,False,orange>yellow: orange tier empty (learned late)
66502,Smooth King's Amber,Jewelcrafting,True,item,0,450,db2:item-req,440,465,,46929,False,orange>yellow: orange tier empty (learned late)
66505,Mystic King's Amber,Jewelcrafting,True,item,0,450,db2:item-req,440,465,,46932,False,orange>yellow: orange tier empty (learned late)
66506,Quick King's Amber,Jewelcrafting,True,item,0,450,db2:item-req,440,465,,46933,False,orange>yellow: orange tier empty (learned late)
66554,Sovereign Dreadstone,Jewelcrafting,True,item,0,450,db2:item-req,440,465,,46935,False,orange>yellow: orange tier empty (learned late)
66556,Purified Dreadstone,Jewelcrafting,True,item,0,450,db2:item-req,440,465,,46937,False,orange>yellow: orange tier empty (learned late)
66557,Shifting Dreadstone,Jewelcrafting,True,item,0,450,db2:item-req,440,465,,46934,False,orange>yellow: orange tier empty (learned late)
66560,Defender's Dreadstone,Jewelcrafting,True,item,0,450,db2:item-req,440,465,,46941,False,orange>yellow: orange tier empty (learned late)
66561,Guardian's Dreadstone,Jewelcrafting,True,item,0,450,db2:item-req,440,465,,46942,False,orange>yellow: orange tier empty (learned late)
66562,Mysterious Dreadstone,Jewelcrafting,True,item,0,450,db2:item-req,440,465,,46943,False,orange>yellow: orange tier empty (learned late)
66567,Inscribed Ametrine,Jewelcrafting,True,item,0,450,db2:item-req,440,465,,46948,False,orange>yellow: orange tier empty (learned late)
66568,Deadly Ametrine,Jewelcrafting,True,item,0,450,db2:item-req,440,465,,46949,False,orange>yellow: orange tier empty (learned late)
66569,Potent Ametrine,Jewelcrafting,True,item,0,450,db2:item-req,440,465,,46950,False,orange>yellow: orange tier empty (learned late)
66570,Veiled Dreadstone,Jewelcrafting,True,item,0,450,db2:item-req,440,465,,46951,False,orange>yellow: orange tier empty (learned late)
66571,Willful Ametrine,Jewelcrafting,True,item,0,450,db2:item-req,440,465,,46952,False,orange>yellow: orange tier empty (learned late)
66572,Etched Dreadstone,Jewelcrafting,True,item,0,450,db2:item-req,440,465,,46953,False,orange>yellow: orange tier empty (learned late)
66573,Glinting Dreadstone,Jewelcrafting,True,item,0,450,db2:item-req,440,465,,47008,False,orange>yellow: orange tier empty (learned late)
66574,Reckless Ametrine,Jewelcrafting,True,item,0,450,db2:item-req,440,465,,47007,False,orange>yellow: orange tier empty (learned late)
66576,Accurate Dreadstone,Jewelcrafting,True,item,0,450,db2:item-req,440,465,,47010,False,orange>yellow: orange tier empty (learned late)
66579,Champion's Ametrine,Jewelcrafting,True,item,0,450,db2:item-req,440,465,,47015,False,orange>yellow: orange tier empty (learned late)
66581,Stalwart Ametrine,Jewelcrafting,True,item,0,450,db2:item-req,440,465,,47012,False,orange>yellow: orange tier empty (learned late)
66582,Resplendent Ametrine,Jewelcrafting,True,item,0,450,db2:item-req,440,465,,47018,False,orange>yellow: orange tier empty (learned late)
66583,Fierce Ametrine,Jewelcrafting,True,item,0,450,db2:item-req,440,465,,47019,False,orange>yellow: orange tier empty (learned late)
66584,Deft Ametrine,Jewelcrafting,True,item,0,450,db2:item-req,440,465,,47020,False,orange>yellow: orange tier empty (learned late)
66585,Lucent Ametrine,Jewelcrafting,True,item,0,450,db2:item-req,440,465,,47016,False,orange>yellow: orange tier empty (learned late)
66586,Resolute Ametrine,Jewelcrafting,True,item,0,450,db2:item-req,440,465,,47022,False,orange>yellow: orange tier empty (learned late)
66587,?,Jewelcrafting,False,non-craft,0,,,440,465,,,False,
68253,Nightmare Tear,Jewelcrafting,True,item,0,450,db2:item-req,440,465,,49112,False,orange>yellow: orange tier empty (learned late)
73222,Bold Carnelian,Jewelcrafting,True,residue,0,,,450,485,,,False,
73223,Delicate Carnelian,Jewelcrafting,True,residue,0,,,450,485,,,False,
73224,Flashing Carnelian,Jewelcrafting,True,item,0,425,db2:item-req,450,485,,52363,False,
73225,Brilliant Carnelian,Jewelcrafting,True,residue,0,,,450,485,,,False,
73226,Precise Carnelian,Jewelcrafting,True,residue,0,,,450,485,,,False,
73227,Solid Zephyrite,Jewelcrafting,True,residue,0,,,450,485,,,False,
73228,Sparkling Zephyrite,Jewelcrafting,True,residue,0,,,450,485,,,False,
73229,Stormy Zephyrite,Jewelcrafting,True,item,0,425,db2:item-req,450,485,,52364,False,
73230,Rigid Zephyrite,Jewelcrafting,True,residue,0,,,450,485,,,False,
73231,Subtle Alicite,Jewelcrafting,True,item,0,425,db2:item-req,450,485,,52365,False,
73232,Smooth Alicite,Jewelcrafting,True,residue,0,,,450,485,,,False,
73233,Mystic Alicite,Jewelcrafting,True,residue,0,,,450,485,,,False,
73234,Quick Alicite,Jewelcrafting,True,residue,0,,,450,485,,,False,
73239,Fractured Alicite,Jewelcrafting,True,residue,0,,,450,485,,,False,
73240,Sovereign Nightstone,Jewelcrafting,True,residue,0,,,450,485,,,False,
73241,Shifting Nightstone,Jewelcrafting,True,residue,0,,,450,485,,,False,
73242,Defender's Nightstone,Jewelcrafting,True,item,0,425,db2:item-req,450,485,,52366,False,
73243,Timeless Nightstone,Jewelcrafting,True,residue,0,,,450,485,,,False,
73244,Guardian's Nightstone,Jewelcrafting,True,item,0,425,db2:item-req,450,485,,52367,False,
73245,Purified Nightstone,Jewelcrafting,True,item,0,425,db2:item-req,450,485,,52368,False,
73246,Etched Nightstone,Jewelcrafting,True,residue,0,,,450,485,,,False,
73247,Glinting Nightstone,Jewelcrafting,True,residue,0,,,450,485,,,False,
73248,Retaliating Nightstone,Jewelcrafting,True,item,0,425,db2:item-req,450,485,,52369,False,
73249,Veiled Nightstone,Jewelcrafting,True,residue,0,,,450,485,,,False,
73250,Accurate Nightstone,Jewelcrafting,True,residue,0,,,450,485,,,False,
73258,Polished Hessonite,Jewelcrafting,True,item,0,425,db2:item-req,450,485,,52370,False,
73259,Resolute Hessonite,Jewelcrafting,True,residue,0,,,450,485,,,False,
73260,Inscribed Hessonite,Jewelcrafting,True,item,0,425,db2:item-req,450,485,,52371,False,
73262,Deadly Hessonite,Jewelcrafting,True,item,0,425,db2:item-req,450,485,,52372,False,
73263,Potent Hessonite,Jewelcrafting,True,item,0,425,db2:item-req,450,485,,52373,False,
73264,Fierce Hessonite,Jewelcrafting,True,item,0,425,db2:item-req,450,485,,52374,False,
73265,Deft Hessonite,Jewelcrafting,True,item,0,425,db2:item-req,450,485,,52375,False,
73266,Reckless Hessonite,Jewelcrafting,True,item,0,425,db2:item-req,450,485,,69820,False,
73267,Skillful Hessonite,Jewelcrafting,True,residue,0,,,450,485,,,False,
73268,Adept Hessonite,Jewelcrafting,True,residue,0,,,450,485,,,False,
73269,Fine Hessonite,Jewelcrafting,True,item,0,425,db2:item-req,450,485,,52376,False,
73270,Artful Hessonite,Jewelcrafting,True,residue,0,,,450,485,,,False,
73271,Keen Hessonite,Jewelcrafting,True,item,0,425,db2:item-req,450,485,,52377,False,
73272,Regal Jasper,Jewelcrafting,True,item,0,425,db2:item-req,450,485,,52378,False,
73273,Nimble Jasper,Jewelcrafting,True,item,0,425,db2:item-req,450,485,,52379,False,
73274,Jagged Jasper,Jewelcrafting,True,residue,0,,,450,485,,,False,
73275,Piercing Jasper,Jewelcrafting,True,item,0,425,db2:item-req,450,485,,52382,False,
73276,Steady Jasper,Jewelcrafting,True,item,0,425,db2:item-req,450,485,,52383,False,
73277,Forceful Jasper,Jewelcrafting,True,item,0,425,db2:item-req,450,485,,52385,False,
73278,Lightning Jasper,Jewelcrafting,True,item,0,425,db2:item-req,450,485,,52386,False,
73279,Puissant Jasper,Jewelcrafting,True,residue,0,,,450,485,,,False,
73280,Zen Jasper,Jewelcrafting,True,item,0,425,db2:item-req,450,485,,52388,False,
73281,Sensei's Jasper,Jewelcrafting,True,residue,0,,,450,485,,,False,
73318,Jewelcrafting,Jewelcrafting,False,trainer-rank,0,,,,,,,False,
73335,Bold Inferno Ruby,Jewelcrafting,True,item,0,465,db2:item-req,500,515,,52362,False,
73336,Delicate Inferno Ruby,Jewelcrafting,True,item,0,465,db2:item-req,500,515,,52380,False,
73337,Flashing Inferno Ruby,Jewelcrafting,True,item,0,465,db2:item-req,500,515,,52384,False,
73338,Brilliant Inferno Ruby,Jewelcrafting,True,item,0,465,db2:item-req,500,515,,52387,False,
73339,Precise Inferno Ruby,Jewelcrafting,True,item,0,465,db2:item-req,500,515,,52389,False,
73340,Solid Ocean Sapphire,Jewelcrafting,True,item,0,465,db2:item-req,500,515,,52390,False,
73341,Sparkling Ocean Sapphire,Jewelcrafting,True,item,0,465,db2:item-req,500,515,,52391,False,
73343,Stormy Ocean Sapphire,Jewelcrafting,True,item,0,465,db2:item-req,500,515,,52392,False,
73344,Rigid Ocean Sapphire,Jewelcrafting,True,item,0,465,db2:item-req,500,515,,52393,False,
73345,Subtle Amberjewel,Jewelcrafting,True,item,0,465,db2:item-req,500,515,,52394,False,
73346,Smooth Amberjewel,Jewelcrafting,True,item,0,465,db2:item-req,500,515,,52395,False,
73347,Mystic Amberjewel,Jewelcrafting,True,item,0,465,db2:item-req,500,515,,52396,False,
73348,Quick Amberjewel,Jewelcrafting,True,item,0,465,db2:item-req,500,515,,52397,False,
73349,Fractured Amberjewel,Jewelcrafting,True,item,0,465,db2:item-req,500,515,,52398,False,
73350,Sovereign Demonseye,Jewelcrafting,True,item,0,465,db2:item-req,500,515,,52399,False,
73351,Shifting Demonseye,Jewelcrafting,True,item,0,465,db2:item-req,500,515,,52400,False,
73352,Defender's Demonseye,Jewelcrafting,True,item,0,465,db2:item-req,500,515,,52401,False,
73353,Timeless Demonseye,Jewelcrafting,True,item,0,465,db2:item-req,500,515,,52402,False,
73354,Guardian's Demonseye,Jewelcrafting,True,item,0,465,db2:item-req,500,515,,52403,False,
73355,Purified Demonseye,Jewelcrafting,True,item,0,465,db2:item-req,500,515,,52404,False,
73356,Etched Demonseye,Jewelcrafting,True,item,0,465,db2:item-req,500,515,,52405,False,
73357,Glinting Demonseye,Jewelcrafting,True,item,0,465,db2:item-req,500,515,,52406,False,
73358,Retaliating Demonseye,Jewelcrafting,True,item,0,465,db2:item-req,500,515,,52407,False,
73359,Veiled Demonseye,Jewelcrafting,True,item,0,465,db2:item-req,500,515,,52408,False,
73360,Accurate Demonseye,Jewelcrafting,True,item,0,465,db2:item-req,500,515,,52409,False,
73361,Polished Ember Topaz,Jewelcrafting,True,item,0,465,db2:item-req,500,515,,52410,False,
73362,Resolute Ember Topaz,Jewelcrafting,True,item,0,465,db2:item-req,500,515,,52411,False,
73364,Inscribed Ember Topaz,Jewelcrafting,True,item,0,465,db2:item-req,500,515,,52412,False,
73365,Deadly Ember Topaz,Jewelcrafting,True,item,0,465,db2:item-req,500,515,,52413,False,
73366,Potent Ember Topaz,Jewelcrafting,True,item,0,465,db2:item-req,500,515,,52414,False,
73367,Fierce Ember Topaz,Jewelcrafting,True,item,0,465,db2:item-req,500,515,,52415,False,
73368,Deft Ember Topaz,Jewelcrafting,True,item,0,465,db2:item-req,500,515,,52416,False,
73369,Reckless Ember Topaz,Jewelcrafting,True,item,0,465,db2:item-req,500,515,,52417,False,
73370,Skillful Ember Topaz,Jewelcrafting,True,item,0,465,db2:item-req,500,515,,52418,False,
73371,Adept Ember Topaz,Jewelcrafting,True,item,0,465,db2:item-req,500,515,,52419,False,
73372,Fine Ember Topaz,Jewelcrafting,True,item,0,465,db2:item-req,500,515,,52420,False,
73373,Artful Ember Topaz,Jewelcrafting,True,item,0,465,db2:item-req,500,515,,52421,False,
73374,Keen Ember Topaz,Jewelcrafting,True,item,0,465,db2:item-req,500,515,,52422,False,
73375,Regal Dream Emerald,Jewelcrafting,True,item,0,465,db2:item-req,500,515,,52423,False,
73376,Nimble Dream Emerald,Jewelcrafting,True,item,0,465,db2:item-req,500,515,,52424,False,
73377,Jagged Dream Emerald,Jewelcrafting,True,item,0,465,db2:item-req,500,515,,52425,False,
73378,Piercing Dream Emerald,Jewelcrafting,True,item,0,465,db2:item-req,500,515,,52426,False,
73379,Steady Dream Emerald,Jewelcrafting,True,item,0,465,db2:item-req,500,515,,52427,False,
73380,Forceful Dream Emerald,Jewelcrafting,True,item,0,465,db2:item-req,500,515,,52428,False,
73381,Lightning Dream Emerald,Jewelcrafting,True,item,0,465,db2:item-req,500,515,,52429,False,
73382,Puissant Dream Emerald,Jewelcrafting,True,item,0,465,db2:item-req,500,515,,52430,False,
73383,Zen Dream Emerald,Jewelcrafting,True,item,0,465,db2:item-req,500,515,,52431,False,
73384,Sensei's Dream Emerald,Jewelcrafting,True,item,0,465,db2:item-req,500,515,,52432,False,
73396,Bold Chimera's Eye,Jewelcrafting,True,item,0,500,db2:item-req,505,510,,52381,False,
73397,Delicate Chimera's Eye,Jewelcrafting,True,item,0,500,db2:item-req,505,510,,52447,False,
73398,Flashing Chimera's Eye,Jewelcrafting,True,item,0,500,db2:item-req,505,510,,52448,False,
73399,Brilliant Chimera's Eye,Jewelcrafting,True,item,0,500,db2:item-req,505,510,,52449,False,
73400,Precise Chimera's Eye,Jewelcrafting,True,item,0,500,db2:item-req,505,510,,52450,False,
73401,Solid Chimera's Eye,Jewelcrafting,True,item,0,500,db2:item-req,505,510,,52451,False,
73402,Sparkling Chimera's Eye,Jewelcrafting,True,item,0,500,db2:item-req,505,510,,52452,False,
73403,Stormy Chimera's Eye,Jewelcrafting,True,item,0,500,db2:item-req,505,510,,52453,False,
73404,Rigid Chimera's Eye,Jewelcrafting,True,item,0,500,db2:item-req,505,510,,52454,False,
73405,Subtle Chimera's Eye,Jewelcrafting,True,item,0,500,db2:item-req,505,510,,52455,False,
73406,Smooth Chimera's Eye,Jewelcrafting,True,item,0,500,db2:item-req,505,510,,52456,False,
73407,Mystic Chimera's Eye,Jewelcrafting,True,item,0,500,db2:item-req,505,510,,52457,False,
73408,Quick Chimera's Eye,Jewelcrafting,True,item,0,500,db2:item-req,505,510,,52458,False,
73409,Fractured Chimera's Eye,Jewelcrafting,True,item,0,500,db2:item-req,505,510,,52459,False,
73464,Fleet Shadowspirit Diamond,Jewelcrafting,True,item,0,490,db2:item-req,515,525,,52433,False,
73465,Chaotic Shadowspirit Diamond,Jewelcrafting,True,item,0,490,db2:item-req,515,525,,52434,False,
73466,Bracing Shadowspirit Diamond,Jewelcrafting,True,item,0,490,db2:item-req,515,525,,52435,False,
73467,Eternal Shadowspirit Diamond,Jewelcrafting,True,item,0,490,db2:item-req,515,525,,52436,False,
73468,Austere Shadowspirit Diamond,Jewelcrafting,True,item,0,490,db2:item-req,515,525,,52437,False,
73469,Effulgent Shadowspirit Diamond,Jewelcrafting,True,item,0,490,db2:item-req,515,525,,52438,False,
73470,Ember Shadowspirit Diamond,Jewelcrafting,True,item,0,490,db2:item-req,515,525,,52439,False,
73471,Revitalizing Shadowspirit Diamond,Jewelcrafting,True,item,0,490,db2:item-req,515,525,,52440,False,
73472,Destructive Shadowspirit Diamond,Jewelcrafting,True,item,0,490,db2:item-req,515,525,,52441,False,
73473,Powerful Shadowspirit Diamond,Jewelcrafting,True,item,0,490,db2:item-req,515,525,,52442,False,
73474,Enigmatic Shadowspirit Diamond,Jewelcrafting,True,item,0,490,db2:item-req,515,525,,52443,False,
73475,Impassive Shadowspirit Diamond,Jewelcrafting,True,item,0,490,db2:item-req,515,525,,52444,False,
73476,Forlorn Shadowspirit Diamond,Jewelcrafting,True,item,0,490,db2:item-req,515,525,,52445,False,
73478,Fire Prism,Jewelcrafting,True,residue,0,,,525,525,,,False,
73494,Jasper Ring,Jewelcrafting,True,residue,0,,,450,485,,,False,
73495,Hessonite Band,Jewelcrafting,True,residue,0,,,485,505,,,False,
73496,Alicite Pendant,Jewelcrafting,True,residue,0,,,450,485,,,False,
73497,Nightstone Choker,Jewelcrafting,True,residue,0,,,495,515,,,False,
73498,Band of Blades,Jewelcrafting,True,item,0,525,db2:item-req,525,525,,52461,False,
73502,Ring of Warring Elements,Jewelcrafting,True,item,0,525,db2:item-req,525,525,,52462,False,
73503,Elementium Moebius Band,Jewelcrafting,True,item,0,525,db2:item-req,525,525,,52463,False,
73504,Entwined Elementium Choker,Jewelcrafting,True,item,0,525,db2:item-req,525,525,,52465,False,
73505,Eye of Many Deaths,Jewelcrafting,True,item,0,525,db2:item-req,525,525,,52466,False,
73506,Elementium Guardian,Jewelcrafting,True,item,0,525,db2:item-req,525,525,,52467,False,
73520,Elementium Destroyer's Ring,Jewelcrafting,True,item,0,525,db2:item-req,525,525,,52460,False,
73521,Brazen Elementium Medallion,Jewelcrafting,True,item,0,525,db2:item-req,525,525,,52464,False,
73620,Carnelian Spikes,Jewelcrafting,True,residue,0,,,470,480,,,False,
73621,The Perforator,Jewelcrafting,True,residue,0,,,500,510,,,False,
73622,Stardust,Jewelcrafting,True,residue,0,,,450,465,,,False,
73623,Rhinestone Sunglasses,Jewelcrafting,True,item,0,525,db2:item-req,525,535,,71965,False,
73625,Jeweler's Ruby Monocle,Jewelcrafting,True,item,0,450,db2:item-req,480,500,,52494,False,
73626,Jeweler's Sapphire Monocle,Jewelcrafting,True,item,0,455,db2:item-req,485,505,,52495,False,
73627,Jeweler's Amber Monocle,Jewelcrafting,True,item,0,460,db2:item-req,490,510,,52496,False,
95754,Willful Ember Topaz,Jewelcrafting,True,item,0,465,db2:item-req,500,515,,68359,False,
95755,Lucent Ember Topaz,Jewelcrafting,True,item,0,465,db2:item-req,500,515,,68360,False,
95756,Resplendent Ember Topaz,Jewelcrafting,True,item,0,465,db2:item-req,500,515,,68361,False,
96226,Vivid Dream Emerald,Jewelcrafting,True,item,0,465,db2:item-req,500,515,,68742,False,
96255,Agile Shadowspirit Diamond,Jewelcrafting,True,item,0,490,db2:item-req,515,525,,68781,False,
96256,Reverberating Shadowspirit Diamond,Jewelcrafting,True,item,0,490,db2:item-req,515,525,,68782,False,
96257,Burning Shadowspirit Diamond,Jewelcrafting,True,item,0,490,db2:item-req,515,525,,68783,False,
98921,Punisher's Band,Jewelcrafting,True,item,0,525,db2:item-req,525,525,,69853,False,
99539,Vicious Sapphire Ring,Jewelcrafting,True,residue,0,,,515,525,,,False,
99540,Vicious Amberjewel Band,Jewelcrafting,True,residue,0,,,515,525,,,False,
99541,Vicious Ruby Signet,Jewelcrafting,True,residue,0,,,515,525,,,False,
99542,Vicious Sapphire Necklace,Jewelcrafting,True,residue,0,,,525,535,,,False,
99543,Vicious Amberjewel Pendant,Jewelcrafting,True,residue,0,,,525,535,,,False,
99544,Vicious Ruby Choker,Jewelcrafting,True,residue,0,,,525,535,,,False,
101735,Rigid Deepholm Iolite,Jewelcrafting,True,item,0,525,db2:item-req,525,535,,71821,False,
101740,Stormy Deepholm Iolite,Jewelcrafting,True,item,0,525,db2:item-req,525,535,,71884,False,
101741,Sparkling Deepholm Iolite,Jewelcrafting,True,item,0,525,db2:item-req,525,535,,71885,False,
101742,Solid Deepholm Iolite,Jewelcrafting,True,item,0,525,db2:item-req,525,535,,71886,False,
101743,Misty Elven Peridot,Jewelcrafting,True,item,0,525,db2:item-req,525,535,,71887,False,
101744,Piercing Elven Peridot,Jewelcrafting,True,item,0,525,db2:item-req,525,535,,71888,False,
101745,Lightning Elven Peridot,Jewelcrafting,True,item,0,525,db2:item-req,525,535,,71889,False,
101746,Sensei's Elven Peridot,Jewelcrafting,True,item,0,525,db2:item-req,525,535,,71890,False,
101747,Infused Elven Peridot,Jewelcrafting,True,item,0,525,db2:item-req,525,535,,71891,False,
101748,Zen Elven Peridot,Jewelcrafting,True,item,0,525,db2:item-req,525,535,,71892,False,
101749,Balanced Elven Peridot,Jewelcrafting,True,item,0,525,db2:item-req,525,535,,71893,False,
101750,Vivid Elven Peridot,Jewelcrafting,True,item,0,525,db2:item-req,525,535,,71894,False,
101751,Turbid Elven Peridot,Jewelcrafting,True,item,0,525,db2:item-req,525,535,,71895,False,
101752,Radiant Elven Peridot,Jewelcrafting,True,item,0,525,db2:item-req,525,535,,71896,False,
101753,Shattered Elven Peridot,Jewelcrafting,True,item,0,525,db2:item-req,525,535,,71897,False,
101754,Energized Elven Peridot,Jewelcrafting,True,item,0,525,db2:item-req,525,535,,71898,False,
101755,Jagged Elven Peridot,Jewelcrafting,True,item,0,525,db2:item-req,525,535,,71899,False,
101756,Regal Elven Peridot,Jewelcrafting,True,item,0,525,db2:item-req,525,535,,71900,False,
101757,Forceful Elven Peridot,Jewelcrafting,True,item,0,525,db2:item-req,525,535,,71901,False,
101758,Nimble Elven Peridot,Jewelcrafting,True,item,0,525,db2:item-req,525,535,,71902,False,
101759,Puissant Elven Peridot,Jewelcrafting,True,item,0,525,db2:item-req,525,535,,71903,False,
101760,Steady Elven Peridot,Jewelcrafting,True,item,0,525,db2:item-req,525,535,,71904,False,
101761,Deadly Lava Coral,Jewelcrafting,True,item,0,525,db2:item-req,525,535,,71905,False,
101762,Crafty Lava Coral,Jewelcrafting,True,item,0,525,db2:item-req,525,535,,71906,False,
101763,Potent Lava Coral,Jewelcrafting,True,item,0,525,db2:item-req,525,535,,71907,False,
101764,Inscribed Lava Coral,Jewelcrafting,True,item,0,525,db2:item-req,525,535,,71908,False,
101765,Polished Lava Coral,Jewelcrafting,True,item,0,525,db2:item-req,525,535,,71909,False,
101766,Resolute Lava Coral,Jewelcrafting,True,item,0,525,db2:item-req,525,535,,71910,False,
101767,Stalwart Lava Coral,Jewelcrafting,True,item,0,525,db2:item-req,525,535,,71911,False,
101768,Champion's Lava Coral,Jewelcrafting,True,item,0,525,db2:item-req,525,535,,71912,False,
101769,Deft Lava Coral,Jewelcrafting,True,item,0,525,db2:item-req,525,535,,71913,False,
101770,Wicked Lava Coral,Jewelcrafting,True,item,0,525,db2:item-req,525,535,,71914,False,
101771,Reckless Lava Coral,Jewelcrafting,True,item,0,525,db2:item-req,525,535,,71915,False,
101772,Fierce Lava Coral,Jewelcrafting,True,item,0,525,db2:item-req,525,535,,71916,False,
101773,Adept Lava Coral,Jewelcrafting,True,item,0,525,db2:item-req,525,535,,71917,False,
101774,Keen Lava Coral,Jewelcrafting,True,item,0,525,db2:item-req,525,535,,71918,False,
101775,Artful Lava Coral,Jewelcrafting,True,item,0,525,db2:item-req,525,535,,71919,False,
101776,Fine Lava Coral,Jewelcrafting,True,item,0,525,db2:item-req,525,535,,71920,False,
101777,Skillful Lava Coral,Jewelcrafting,True,item,0,525,db2:item-req,525,535,,71921,False,
101778,Lucent Lava Coral,Jewelcrafting,True,item,0,525,db2:item-req,525,535,,71922,False,
101779,Tenuous Lava Coral,Jewelcrafting,True,item,0,525,db2:item-req,525,535,,71923,False,
101780,Willful Lava Coral,Jewelcrafting,True,item,0,525,db2:item-req,525,535,,71924,False,
101781,Splendid Lava Coral,Jewelcrafting,True,item,0,525,db2:item-req,525,535,,71925,False,
101782,Resplendent Lava Coral,Jewelcrafting,True,item,0,525,db2:item-req,525,535,,71926,False,
101783,Glinting Shadow Spinel,Jewelcrafting,True,item,0,525,db2:item-req,525,535,,71927,False,
101784,Accurate Shadow Spinel,Jewelcrafting,True,item,0,525,db2:item-req,525,535,,71928,False,
101785,Veiled Shadow Spinel,Jewelcrafting,True,item,0,525,db2:item-req,525,535,,71929,False,
101786,Retaliating Shadow Spinel,Jewelcrafting,True,item,0,525,db2:item-req,525,535,,71930,False,
101787,Etched Shadow Spinel,Jewelcrafting,True,item,0,525,db2:item-req,525,535,,71931,False,
101788,Mysterious Shadow Spinel,Jewelcrafting,True,item,0,525,db2:item-req,525,535,,71932,False,
101789,Purified Shadow Spinel,Jewelcrafting,True,item,0,525,db2:item-req,525,535,,71933,False,
101790,Shifting Shadow Spinel,Jewelcrafting,True,item,0,525,db2:item-req,525,535,,71934,False,
101791,Guardian's Shadow Spinel,Jewelcrafting,True,item,0,525,db2:item-req,525,535,,71935,False,
101792,Timeless Shadow Spinel,Jewelcrafting,True,item,0,525,db2:item-req,525,535,,71936,False,
101793,Defender's Shadow Spinel,Jewelcrafting,True,item,0,525,db2:item-req,525,535,,71937,False,
101794,Sovereign Shadow Spinel,Jewelcrafting,True,item,0,525,db2:item-req,525,535,,71938,False,
101795,Delicate Queen's Garnet,Jewelcrafting,True,item,0,525,db2:item-req,525,535,,71939,False,
101796,Precise Queen's Garnet,Jewelcrafting,True,item,0,525,db2:item-req,525,535,,71940,False,
101797,Brilliant Queen's Garnet,Jewelcrafting,True,item,0,525,db2:item-req,525,535,,71941,False,
101798,Flashing Queen's Garnet,Jewelcrafting,True,item,0,525,db2:item-req,525,535,,71942,False,
101799,Bold Queen's Garnet,Jewelcrafting,True,item,0,525,db2:item-req,525,535,,71943,False,
101800,Smooth Lightstone,Jewelcrafting,True,item,0,525,db2:item-req,525,535,,71944,False,
101801,Subtle Lightstone,Jewelcrafting,True,item,0,525,db2:item-req,525,535,,71945,False,
101802,Quick Lightstone,Jewelcrafting,True,item,0,525,db2:item-req,525,535,,71946,False,
101803,Fractured Lightstone,Jewelcrafting,True,item,0,525,db2:item-req,525,535,,71947,False,
101804,Mystic Lightstone,Jewelcrafting,True,item,0,525,db2:item-req,525,535,,71948,False,
106947,Rigid River's Heart,Jewelcrafting,True,item,0,550,db2:item-req,600,605,,83928,False,
106948,Stormy River's Heart,Jewelcrafting,True,item,0,550,db2:item-req,600,605,,83961,False,
106949,Sparkling River's Heart,Jewelcrafting,True,item,0,550,db2:item-req,600,605,,83952,False,
106950,Solid River's Heart,Jewelcrafting,True,item,0,550,db2:item-req,600,605,,83947,False,
106953,Misty Wild Jade,Jewelcrafting,True,item,0,550,db2:item-req,600,605,,83888,False,
106954,Piercing Wild Jade,Jewelcrafting,True,item,0,550,db2:item-req,600,605,,83896,False,
106955,Lightning Wild Jade,Jewelcrafting,True,item,0,550,db2:item-req,600,605,,83882,False,
106956,Sensei's Wild Jade,Jewelcrafting,True,item,0,550,db2:item-req,600,605,,83935,False,
106957,Effulgent Wild Jade,Jewelcrafting,True,item,0,550,db2:item-req,600,605,,83843,False,
106958,Zen Wild Jade,Jewelcrafting,True,item,0,550,db2:item-req,600,605,,83982,False,
106960,Balanced Wild Jade,Jewelcrafting,True,item,0,550,db2:item-req,600,605,,83817,False,
106961,Vivid Wild Jade,Jewelcrafting,True,item,0,550,db2:item-req,600,605,,83975,False,
106962,Turbid Wild Jade,Jewelcrafting,True,item,0,550,db2:item-req,600,605,,83971,False,
107598,Balanced Alexandrite,Jewelcrafting,True,item,0,525,db2:item-req,575,585,,83816,False,
107599,Effulgent Alexandrite,Jewelcrafting,True,item,0,525,db2:item-req,575,585,,83841,False,
107600,Energized Alexandrite,Jewelcrafting,True,item,0,525,db2:item-req,575,585,,83846,False,
107601,Forceful Alexandrite,Jewelcrafting,True,item,0,525,db2:item-req,575,585,,83860,False,
107602,Jagged Alexandrite,Jewelcrafting,True,item,0,525,db2:item-req,575,585,,83875,False,
107604,Lightning Alexandrite,Jewelcrafting,True,item,0,525,db2:item-req,575,585,,83881,False,
107605,Misty Alexandrite,Jewelcrafting,True,item,0,525,db2:item-req,575,585,,83887,False,
107606,Nimble Alexandrite,Jewelcrafting,True,item,0,525,db2:item-req,575,585,,83893,False,
107607,Piercing Alexandrite,Jewelcrafting,True,item,0,525,db2:item-req,575,585,,83895,False,
107608,Puissant Alexandrite,Jewelcrafting,True,item,0,525,db2:item-req,575,585,,83905,False,
107609,Radiant Alexandrite,Jewelcrafting,True,item,0,525,db2:item-req,575,585,,83912,False,
107610,Regal Alexandrite,Jewelcrafting,True,item,0,525,db2:item-req,575,585,,83917,False,
107611,Sensei's Alexandrite,Jewelcrafting,True,item,0,525,db2:item-req,575,585,,83934,False,
107612,Shattered Alexandrite,Jewelcrafting,True,item,0,525,db2:item-req,575,585,,83936,False,
107613,Steady Alexandrite,Jewelcrafting,True,item,0,525,db2:item-req,575,585,,83958,False,
107614,Turbid Alexandrite,Jewelcrafting,True,item,0,525,db2:item-req,575,585,,83970,False,
107615,Vivid Alexandrite,Jewelcrafting,True,item,0,525,db2:item-req,575,585,,83974,False,
107616,Zen Alexandrite,Jewelcrafting,True,item,0,525,db2:item-req,575,585,,83981,False,
107617,Rigid Lapis Lazuli,Jewelcrafting,True,item,0,525,db2:item-req,575,585,,83927,False,
107619,Solid Lapis Lazuli,Jewelcrafting,True,item,0,525,db2:item-req,575,585,,83946,False,
107620,Sparkling Lapis Lazuli,Jewelcrafting,True,item,0,525,db2:item-req,575,585,,83951,False,
107621,Stormy Lapis Lazuli,Jewelcrafting,True,item,0,525,db2:item-req,575,585,,83960,False,
107622,Bold Pandarian Garnet,Jewelcrafting,True,item,0,525,db2:item-req,575,585,,83819,False,
107623,Brilliant Pandarian Garnet,Jewelcrafting,True,item,0,525,db2:item-req,575,585,,83822,False,
107624,Delicate Pandarian Garnet,Jewelcrafting,True,item,0,525,db2:item-req,575,585,,83837,False,
107625,Flashing Pandarian Garnet,Jewelcrafting,True,item,0,525,db2:item-req,575,585,,83856,False,
107626,Precise Pandarian Garnet,Jewelcrafting,True,item,0,525,db2:item-req,575,585,,83902,False,
107627,Accurate Roguestone,Jewelcrafting,True,item,0,525,db2:item-req,575,585,,83808,False,
107628,Defender's Roguestone,Jewelcrafting,True,item,0,525,db2:item-req,575,585,,83834,False,
107630,Etched Roguestone,Jewelcrafting,True,item,0,525,db2:item-req,575,585,,83850,False,
107631,Glinting Roguestone,Jewelcrafting,True,item,0,525,db2:item-req,575,585,,83867,False,
107632,Guardian's Roguestone,Jewelcrafting,True,item,0,525,db2:item-req,575,585,,83870,False,
107633,Mysterious Roguestone,Jewelcrafting,True,item,0,525,db2:item-req,575,585,,83890,False,
107634,Purified Roguestone,Jewelcrafting,True,item,0,525,db2:item-req,575,585,,83908,False,
107635,Retaliating Roguestone,Jewelcrafting,True,item,0,525,db2:item-req,575,585,,83924,False,
107636,Shifting Roguestone,Jewelcrafting,True,item,0,525,db2:item-req,575,585,,83939,False,
107637,Sovereign Roguestone,Jewelcrafting,True,item,0,525,db2:item-req,575,585,,83950,False,
107638,Timeless Roguestone,Jewelcrafting,True,item,0,525,db2:item-req,575,585,,83969,False,
107639,Veiled Roguestone,Jewelcrafting,True,item,0,525,db2:item-req,575,585,,83973,False,
107640,Fractured Sunstone,Jewelcrafting,True,item,0,525,db2:item-req,575,585,,83865,False,
107641,Mystic Sunstone,Jewelcrafting,True,item,0,525,db2:item-req,575,585,,83892,False,
107642,Quick Sunstone,Jewelcrafting,True,item,0,525,db2:item-req,575,585,,83911,False,
107643,Smooth Sunstone,Jewelcrafting,True,item,0,525,db2:item-req,575,585,,83945,False,
107644,Subtle Sunstone,Jewelcrafting,True,item,0,525,db2:item-req,575,585,,83964,False,
107645,Adept Tiger Opal,Jewelcrafting,True,item,0,525,db2:item-req,575,585,,83809,False,
107646,Artful Tiger Opal,Jewelcrafting,True,item,0,525,db2:item-req,575,585,,83813,False,
107647,Champion's Tiger Opal,Jewelcrafting,True,item,0,525,db2:item-req,575,585,,83826,False,
107648,Crafty Tiger Opal,Jewelcrafting,True,item,0,525,db2:item-req,575,585,,83828,False,
107649,Deadly Tiger Opal,Jewelcrafting,True,item,0,525,db2:item-req,575,585,,83831,False,
107650,Deft Tiger Opal,Jewelcrafting,True,item,0,525,db2:item-req,575,585,,83835,False,
107651,Fierce Tiger Opal,Jewelcrafting,True,item,0,525,db2:item-req,575,585,,83852,False,
107652,Fine Tiger Opal,Jewelcrafting,True,item,0,525,db2:item-req,575,585,,83854,False,
107653,Inscribed Tiger Opal,Jewelcrafting,True,item,0,525,db2:item-req,575,585,,83873,False,
107654,Keen Tiger Opal,Jewelcrafting,True,item,0,525,db2:item-req,575,585,,83878,False,
107655,Lucent Tiger Opal,Jewelcrafting,True,item,0,525,db2:item-req,575,585,,83885,False,
107656,Polished Tiger Opal,Jewelcrafting,True,item,0,525,db2:item-req,575,585,,83897,False,
107657,Potent Tiger Opal,Jewelcrafting,True,item,0,525,db2:item-req,575,585,,83899,False,
107658,Reckless Tiger Opal,Jewelcrafting,True,item,0,525,db2:item-req,575,585,,83914,False,
107659,Resolute Tiger Opal,Jewelcrafting,True,item,0,525,db2:item-req,575,585,,83919,False,
107660,Resplendent Tiger Opal,Jewelcrafting,True,item,0,525,db2:item-req,575,585,,83921,False,
107661,Skillful Tiger Opal,Jewelcrafting,True,item,0,525,db2:item-req,575,585,,83940,False,
107662,Splendid Tiger Opal,Jewelcrafting,True,item,0,525,db2:item-req,575,585,,83954,False,
107663,Stalwart Tiger Opal,Jewelcrafting,True,item,0,525,db2:item-req,575,585,,83956,False,
107665,Tenuous Tiger Opal,Jewelcrafting,True,item,0,525,db2:item-req,575,585,,83965,False,
107666,Wicked Tiger Opal,Jewelcrafting,True,item,0,525,db2:item-req,575,585,,83976,False,
107667,Willful Tiger Opal,Jewelcrafting,True,item,0,525,db2:item-req,575,585,,83979,False,
107693,Accurate Imperial Amethyst,Jewelcrafting,True,item,0,550,db2:item-req,600,605,,83807,False,
107694,Defender's Imperial Amethyst,Jewelcrafting,True,item,0,550,db2:item-req,600,605,,83833,False,
107695,Etched Imperial Amethyst,Jewelcrafting,True,item,0,550,db2:item-req,600,605,,83849,False,
107696,Glinting Imperial Amethyst,Jewelcrafting,True,item,0,550,db2:item-req,600,605,,83866,False,
107697,Guardian's Imperial Amethyst,Jewelcrafting,True,item,0,550,db2:item-req,600,605,,83869,False,
107698,Mysterious Imperial Amethyst,Jewelcrafting,True,item,0,550,db2:item-req,600,605,,83889,False,
107699,Purified Imperial Amethyst,Jewelcrafting,True,item,0,550,db2:item-req,600,605,,83907,False,
107700,Retaliating Imperial Amethyst,Jewelcrafting,True,item,0,550,db2:item-req,600,605,,83923,False,
107701,Shifting Imperial Amethyst,Jewelcrafting,True,item,0,550,db2:item-req,600,605,,83938,False,
107702,Sovereign Imperial Amethyst,Jewelcrafting,True,item,0,550,db2:item-req,600,605,,83949,False,
107703,Timeless Imperial Amethyst,Jewelcrafting,True,item,0,550,db2:item-req,600,605,,83968,False,
107704,Veiled Imperial Amethyst,Jewelcrafting,True,item,0,550,db2:item-req,600,605,,83972,False,
107705,Bold Primordial Ruby,Jewelcrafting,True,item,0,550,db2:item-req,600,605,,83820,False,
107706,Brilliant Primordial Ruby,Jewelcrafting,True,item,0,550,db2:item-req,600,605,,83823,False,
107707,Delicate Primordial Ruby,Jewelcrafting,True,item,0,550,db2:item-req,600,605,,83838,False,
107708,Flashing Primordial Ruby,Jewelcrafting,True,item,0,550,db2:item-req,600,605,,83857,False,
107709,Precise Primordial Ruby,Jewelcrafting,True,item,0,550,db2:item-req,600,605,,83903,False,
107710,Fractured Sun's Radiance,Jewelcrafting,True,item,0,550,db2:item-req,600,605,,83864,False,
107711,Mystic Sun's Radiance,Jewelcrafting,True,item,0,550,db2:item-req,600,605,,83891,False,
107712,Quick Sun's Radiance,Jewelcrafting,True,item,0,550,db2:item-req,600,605,,83910,False,
107713,Smooth Sun's Radiance,Jewelcrafting,True,item,0,550,db2:item-req,600,605,,83944,False,
107714,Subtle Sun's Radiance,Jewelcrafting,True,item,0,550,db2:item-req,600,605,,83963,False,
107715,Adept Vermilion Onyx,Jewelcrafting,True,item,0,550,db2:item-req,600,605,,83810,False,
107716,Artful Vermilion Onyx,Jewelcrafting,True,item,0,550,db2:item-req,600,605,,83814,False,
107717,Champion's Vermilion Onyx,Jewelcrafting,True,item,0,550,db2:item-req,600,605,,83827,False,
107718,Crafty Vermilion Onyx,Jewelcrafting,True,item,0,550,db2:item-req,600,605,,83829,False,
107719,Deadly Vermilion Onyx,Jewelcrafting,True,item,0,550,db2:item-req,600,605,,83832,False,
107720,Deft Vermilion Onyx,Jewelcrafting,True,item,0,550,db2:item-req,600,605,,83836,False,
107721,Fierce Vermilion Onyx,Jewelcrafting,True,item,0,550,db2:item-req,600,605,,83853,False,
107722,Fine Vermilion Onyx,Jewelcrafting,True,item,0,550,db2:item-req,600,605,,83855,False,
107723,Inscribed Vermilion Onyx,Jewelcrafting,True,item,0,550,db2:item-req,600,605,,83874,False,
107724,Keen Vermilion Onyx,Jewelcrafting,True,item,0,550,db2:item-req,600,605,,83879,False,
107725,Lucent Vermilion Onyx,Jewelcrafting,True,item,0,550,db2:item-req,600,605,,83886,False,
107726,Polished Vermilion Onyx,Jewelcrafting,True,item,0,550,db2:item-req,600,605,,83898,False,
107727,Potent Vermilion Onyx,Jewelcrafting,True,item,0,550,db2:item-req,600,605,,83900,False,
107728,Reckless Vermilion Onyx,Jewelcrafting,True,item,0,550,db2:item-req,600,605,,83915,False,
107729,Resolute Vermilion Onyx,Jewelcrafting,True,item,0,550,db2:item-req,600,605,,83920,False,
107730,Resplendent Vermilion Onyx,Jewelcrafting,True,item,0,550,db2:item-req,600,605,,83922,False,
107731,Skillful Vermilion Onyx,Jewelcrafting,True,item,0,550,db2:item-req,600,605,,83941,False,
107732,Splendid Vermilion Onyx,Jewelcrafting,True,item,0,550,db2:item-req,600,605,,83955,False,
107733,Stalwart Vermilion Onyx,Jewelcrafting,True,item,0,550,db2:item-req,600,605,,83957,False,
107734,Tenuous Vermilion Onyx,Jewelcrafting,True,item,0,550,db2:item-req,600,605,,83966,False,
107735,Wicked Vermilion Onyx,Jewelcrafting,True,item,0,550,db2:item-req,600,605,,83977,False,
107736,Willful Vermilion Onyx,Jewelcrafting,True,item,0,550,db2:item-req,600,605,,83980,False,
107737,Energized Wild Jade,Jewelcrafting,True,item,0,550,db2:item-req,600,605,,83847,False,
107738,Forceful Wild Jade,Jewelcrafting,True,item,0,550,db2:item-req,600,605,,83861,False,
107739,Jagged Wild Jade,Jewelcrafting,True,item,0,550,db2:item-req,600,605,,83876,False,
107740,Nimble Wild Jade,Jewelcrafting,True,item,0,550,db2:item-req,600,605,,83894,False,
107742,Puissant Wild Jade,Jewelcrafting,True,item,0,550,db2:item-req,600,605,,83906,False,
107743,Radiant Wild Jade,Jewelcrafting,True,item,0,550,db2:item-req,600,605,,83913,False,
107744,Regal Wild Jade,Jewelcrafting,True,item,0,550,db2:item-req,600,605,,83918,False,
107745,Shattered Wild Jade,Jewelcrafting,True,item,0,550,db2:item-req,600,605,,83937,False,
107746,Steady Wild Jade,Jewelcrafting,True,item,0,550,db2:item-req,600,605,,83959,False,
107753,Agile Primal Diamond,Jewelcrafting,True,item,0,575,db2:item-req,600,605,,83811,False,
107754,Austere Primal Diamond,Jewelcrafting,True,item,0,575,db2:item-req,600,605,,83815,False,
107756,Burning Primal Diamond,Jewelcrafting,True,item,0,575,db2:item-req,600,605,,83825,False,
107757,Destructive Primal Diamond,Jewelcrafting,True,item,0,575,db2:item-req,600,605,,83840,False,
107758,Effulgent Primal Diamond,Jewelcrafting,True,item,0,575,db2:item-req,600,605,,83842,False,
107759,Ember Primal Diamond,Jewelcrafting,True,item,0,575,db2:item-req,600,605,,83844,False,
107760,Enigmatic Primal Diamond,Jewelcrafting,True,item,0,575,db2:item-req,600,605,,83848,False,
107762,Eternal Primal Diamond,Jewelcrafting,True,item,0,575,db2:item-req,600,605,,83851,False,
107763,Fleet Primal Diamond,Jewelcrafting,True,item,0,575,db2:item-req,600,605,,83859,False,
107764,Forlorn Primal Diamond,Jewelcrafting,True,item,0,575,db2:item-req,600,605,,83862,False,
107765,Impassive Primal Diamond,Jewelcrafting,True,item,0,575,db2:item-req,600,605,,83872,False,
107766,Powerful Primal Diamond,Jewelcrafting,True,item,0,575,db2:item-req,600,605,,83901,False,
107767,Reverberating Primal Diamond,Jewelcrafting,True,item,0,575,db2:item-req,600,605,,83925,False,
107768,Revitalizing Primal Diamond,Jewelcrafting,True,item,0,575,db2:item-req,600,605,,83926,False,
110420,Jewelcrafting,Jewelcrafting,False,trainer-rank,0,,,,,,,False,
120045,Jeweled Onyx Panther,Jewelcrafting,True,item,0,600,db2:item-req,615,615,,83877,False,
121841,Ruby Panther,Jewelcrafting,True,item,0,600,db2:item-req,615,615,,83931,False,
121842,Sapphire Panther,Jewelcrafting,True,item,0,600,db2:item-req,615,615,,83932,False,
121843,Sunstone Panther,Jewelcrafting,True,item,0,600,db2:item-req,615,615,,83830,False,
121844,Jade Panther,Jewelcrafting,True,item,0,600,db2:item-req,615,615,,83845,False,
122661,Ornate Band,Jewelcrafting,True,item,0,525,db2:item-req,575,585,,83880,False,
122662,Shadowfire Necklace,Jewelcrafting,True,item,0,525,db2:item-req,575,585,,83812,False,
122663,Scrying Roguestone,Jewelcrafting,True,item,0,525,db2:item-req,575,585,,83933,False,
122664,Heart of the Earth,Jewelcrafting,True,item,0,575,db2:item-req,600,610,,83871,False,
122665,Roguestone Shadowband,Jewelcrafting,True,item,0,575,db2:item-req,600,610,,83930,False,
122666,Lord's Signet,Jewelcrafting,True,item,0,575,db2:item-req,600,610,,83884,False,
122667,Lionsfall Ring,Jewelcrafting,True,item,0,575,db2:item-req,600,610,,83883,False,
122668,Band of Blood,Jewelcrafting,True,item,0,575,db2:item-req,600,610,,83818,False,
122669,Reflection of the Sea,Jewelcrafting,True,item,0,575,db2:item-req,600,610,,83916,False,
122670,Golembreaker Amulet,Jewelcrafting,True,item,0,575,db2:item-req,600,610,,83868,False,
122671,Widow Chain,Jewelcrafting,True,item,0,575,db2:item-req,600,610,,83978,False,
122672,Skymage Circle,Jewelcrafting,True,item,0,575,db2:item-req,600,610,,83942,False,
122673,Tiger Opal Pendant,Jewelcrafting,True,item,0,575,db2:item-req,600,610,,83967,False,
122674,Delicate Serpent's Eye,Jewelcrafting,True,item,0,550,db2:item-req,575,585,,83839,False,
122675,Bold Serpent's Eye,Jewelcrafting,True,item,0,550,db2:item-req,575,585,,83821,False,
122676,Brilliant Serpent's Eye,Jewelcrafting,True,item,0,550,db2:item-req,575,585,,83824,False,
122677,Sparkling Serpent's Eye,Jewelcrafting,True,item,0,550,db2:item-req,575,585,,83953,False,
122678,Solid Serpent's Eye,Jewelcrafting,True,item,0,550,db2:item-req,575,585,,83948,False,
122679,Subtle Serpent's Eye,Jewelcrafting,True,item,0,550,db2:item-req,575,585,,83962,False,
122680,Smooth Serpent's Eye,Jewelcrafting,True,item,0,550,db2:item-req,575,585,,83943,False,
122681,Rigid Serpent's Eye,Jewelcrafting,True,item,0,550,db2:item-req,575,585,,83929,False,
122682,Quick Serpent's Eye,Jewelcrafting,True,item,0,550,db2:item-req,575,585,,83909,False,
122683,Precise Serpent's Eye,Jewelcrafting,True,item,0,550,db2:item-req,575,585,,83904,False,
122684,Fractured Serpent's Eye,Jewelcrafting,True,item,0,550,db2:item-req,575,585,,83863,False,
122685,Flashing Serpent's Eye,Jewelcrafting,True,item,0,550,db2:item-req,575,585,,83858,False,
130655,Tense Roguestone,Jewelcrafting,True,residue,0,,,575,585,,,False,
130656,Assassin's Roguestone,Jewelcrafting,True,residue,0,,,575,585,,,False,
130657,Assassin's Imperial Amethyst,Jewelcrafting,True,residue,0,,,600,605,,,False,
130658,Tense Imperial Amethyst,Jewelcrafting,True,residue,0,,,600,605,,,False,
131593,River's Heart,Jewelcrafting,True,residue,0,,,600,600,,,False,
131686,Primordial Ruby,Jewelcrafting,True,residue,0,,,600,600,,,False,
131688,Wild Jade,Jewelcrafting,True,residue,0,,,600,600,,,False,
131690,Vermilion Onyx,Jewelcrafting,True,residue,0,,,600,600,,,False,
131691,Imperial Amethyst,Jewelcrafting,True,residue,0,,,600,600,,,False,
131695,Sun's Radiance,Jewelcrafting,True,residue,0,,,600,600,,,False,
131759,Secrets of the Stone,Jewelcrafting,True,residue,0,,,605,610,,,False,
131897,Jade Owl,Jewelcrafting,True,item,0,600,db2:item-req,600,605,,90470,False,
131898,Sapphire Cub,Jewelcrafting,True,item,0,600,db2:item-req,600,605,,90471,False,
136269,Resplendent Serpent's Eye,Jewelcrafting,True,residue,0,,,575,585,,,False,
136270,Lucent Serpent's Eye,Jewelcrafting,True,residue,0,,,575,585,,,False,
136272,Willful Serpent's Eye,Jewelcrafting,True,residue,0,,,575,585,,,False,
136273,Tense Serpent's Eye,Jewelcrafting,True,residue,0,,,575,585,,,False,
136274,Assassin's Serpent's Eye,Jewelcrafting,True,residue,0,,,575,585,,,False,
136275,Mysterious Serpent's Eye,Jewelcrafting,True,residue,0,,,575,585,,,False,
140050,Serpent's Heart,Jewelcrafting,True,item,0,500,db2:item-req,600,605,,95470,False,
140060,Primal Diamond,Jewelcrafting,True,item,0,500,db2:item-req,600,605,,95471,False,
1216321,Bloodthirsty Amberjewel Pendant,Jewelcrafting,True,residue,0,,,525,535,,,False,
1216323,Bloodthirsty Sapphire Ring,Jewelcrafting,True,residue,0,,,515,525,,,False,
1216328,Bloodthirsty Amberjewel Band,Jewelcrafting,True,residue,0,,,515,525,,,False,
1216329,Bloodthirsty Ruby Signet,Jewelcrafting,True,residue,0,,,515,525,,,False,
1216330,Bloodthirsty Sapphire Necklace,Jewelcrafting,True,residue,0,,,525,535,,,False,
1216331,Bloodthirsty Ruby Choker,Jewelcrafting,True,residue,0,,,525,535,,,False,
2108,Leatherworking,Leatherworking,False,trainer-rank,0,,,,,,,False,
2149,Handstitched Leather Boots,Leatherworking,True,auto,1,,rule:orange1-candidate,40,70,,,False,
2152,Light Armor Kit,Leatherworking,True,auto,1,,rule:orange1-candidate,30,60,,,False,
2153,Handstitched Leather Pants,Leatherworking,True,residue,0,,,45,75,30,,False,
2158,Fine Leather Boots,Leatherworking,True,item,0,90,db2:item-req,120,150,45,2406,False,
2159,Fine Leather Cloak,Leatherworking,True,residue,0,,,105,135,,,False,
2160,Embossed Leather Vest,Leatherworking,True,residue,0,,,70,100,50,,False,
2161,Embossed Leather Boots,Leatherworking,True,residue,0,,,85,115,65,,False,
2162,Embossed Leather Cloak,Leatherworking,True,residue,0,,,90,120,65,,False,
2163,White Leather Jerkin,Leatherworking,True,item,0,60,db2:item-req,90,120,70,2407,False,
2164,Fine Leather Gloves,Leatherworking,True,item,0,75,db2:item-req,105,135,70,2408,False,
2165,Medium Armor Kit,Leatherworking,True,residue,0,,,115,130,75,,False,
2166,Toughened Leather Armor,Leatherworking,True,residue,0,,,145,170,125,,False,
2167,Dark Leather Boots,Leatherworking,True,residue,0,,,125,150,100,,False,
2168,Dark Leather Cloak,Leatherworking,True,residue,0,,,135,160,110,,False,
2169,Dark Leather Tunic,Leatherworking,True,item,0,100,db2:item-req,125,150,100,2409,False,
2881,Light Leather,Leatherworking,True,auto,1,,rule:orange1-candidate,20,40,,,False,
3104,Leatherworking,Leatherworking,False,trainer-rank,0,,,,,,,False,
3753,Handstitched Leather Belt,Leatherworking,True,residue,0,,,55,85,,,False,
3756,Embossed Leather Gloves,Leatherworking,True,residue,0,,,85,115,,,False,
3759,Embossed Leather Pants,Leatherworking,True,residue,0,,,105,135,,,False,
3760,Hillman's Cloak,Leatherworking,True,residue,0,,,170,190,,,False,
3761,Fine Leather Tunic,Leatherworking,True,residue,0,,,115,145,,,False,
3762,Hillman's Leather Vest,Leatherworking,True,item,0,100,db2:item-req,125,150,,4293,False,
3763,Fine Leather Belt,Leatherworking,True,residue,0,,,110,140,,,False,
3764,Hillman's Leather Gloves,Leatherworking,True,residue,0,,,170,195,,,False,
3765,Dark Leather Gloves,Leatherworking,True,item,0,120,db2:item-req,155,180,,7360,False,
3766,Dark Leather Belt,Leatherworking,True,residue,0,,,150,175,,,False,
3767,Hillman's Belt,Leatherworking,True,item,0,120,db2:item-req,145,170,,4294,False,
3768,Hillman's Shoulders,Leatherworking,True,residue,0,,,155,180,,,False,
3769,Dark Leather Shoulders,Leatherworking,True,item,0,140,db2:item-req,165,190,,4296,False,
3770,Toughened Leather Gloves,Leatherworking,True,residue,0,,,160,185,,,False,
3771,Barbaric Gloves,Leatherworking,True,item,0,150,db2:item-req,170,190,,4297,False,
3772,Green Leather Armor,Leatherworking,True,item,0,155,db2:item-req,175,195,,7613,False,
3773,Guardian Armor,Leatherworking,True,item,0,175,db2:item-req,195,215,,4299,False,
3774,Green Leather Belt,Leatherworking,True,residue,0,,,180,200,,,False,
3775,Guardian Belt,Leatherworking,True,item,0,170,db2:item-req,190,210,,4298,False,
3776,Green Leather Bracers,Leatherworking,True,residue,0,,,200,220,,,False,
3777,Guardian Leather Bracers,Leatherworking,True,item,0,195,db2:item-req,215,235,,4300,False,
3778,Gem-studded Leather Belt,Leatherworking,True,item,0,185,db2:item-req,205,225,,14635,False,
3779,Barbaric Belt,Leatherworking,True,item,0,200,db2:item-req,220,240,,4301,False,
3780,Heavy Armor Kit,Leatherworking,True,residue,0,,,170,190,,,False,
3811,Leatherworking,Leatherworking,False,trainer-rank,0,,,,,,,False,
3816,Cured Light Hide,Leatherworking,True,residue,0,,,55,75,,,False,
3817,Cured Medium Hide,Leatherworking,True,residue,0,,,115,130,,,False,
3818,Cured Heavy Hide,Leatherworking,True,residue,0,,,160,170,,,False,
4096,Raptor Hide Harness,Leatherworking,True,item,0,165,db2:item-req,185,205,,13287,False,
4097,Raptor Hide Belt,Leatherworking,True,item,0,165,db2:item-req,185,205,,13288,False,
5244,Kodo Hide Bag,Leatherworking,True,item,0,40,db2:item-req,70,100,,5083,False,
6661,Barbaric Harness,Leatherworking,True,residue,0,,,210,230,,,False,
6702,Murloc Scale Belt,Leatherworking,True,item,0,90,db2:item-req,120,150,,5786,False,
6703,Murloc Scale Breastplate,Leatherworking,True,item,0,95,db2:item-req,125,155,,5787,False,
6704,Thick Murloc Armor,Leatherworking,True,item,0,170,db2:item-req,190,210,,5788,False,
6705,Murloc Scale Bracers,Leatherworking,True,item,0,190,db2:item-req,210,230,,5789,False,
7126,Handstitched Leather Vest,Leatherworking,True,auto,1,,rule:orange1-candidate,40,70,,,False,
7133,Fine Leather Pants,Leatherworking,True,item,0,105,db2:item-req,130,155,,5972,False,
7135,Dark Leather Pants,Leatherworking,True,residue,0,,,140,165,,,False,
7147,Guardian Pants,Leatherworking,True,residue,0,,,180,200,,,False,
7149,Barbaric Leggings,Leatherworking,True,item,0,170,db2:item-req,190,210,,5973,False,
7151,Barbaric Shoulders,Leatherworking,True,residue,0,,,195,215,,,False,
7153,Guardian Cloak,Leatherworking,True,item,0,125,db2:item-req,205,225,,4295,False,
7156,Guardian Gloves,Leatherworking,True,residue,0,,,210,230,,,False,
7953,Deviate Scale Cloak,Leatherworking,True,item,0,90,db2:item-req,120,150,,6474,False,
7954,Deviate Scale Gloves,Leatherworking,True,item,0,105,db2:item-req,130,155,,6475,False,
7955,Deviate Scale Belt,Leatherworking,True,item,0,115,db2:item-req,140,165,,6476,False,
8322,Moonglow Vest,Leatherworking,True,item,0,90,db2:item-req,115,145,,6710,False,
9058,Handstitched Leather Cloak,Leatherworking,True,auto,1,,rule:orange1-candidate,40,70,,,False,
9059,Handstitched Leather Bracers,Leatherworking,True,auto,1,,rule:orange1-candidate,40,70,,,False,
9064,Rugged Leather Pants,Leatherworking,True,item,0,35,db2:item-req,65,95,,7288,False,
9065,Light Leather Bracers,Leatherworking,True,residue,0,,,100,130,,,False,
9068,Light Leather Pants,Leatherworking,True,residue,0,,,125,155,,,False,
9070,Black Whelp Cloak,Leatherworking,True,item,0,100,db2:item-req,125,150,,7289,False,
9072,Red Whelp Gloves,Leatherworking,True,item,0,120,db2:item-req,145,170,,7290,False,
9074,Nimble Leather Gloves,Leatherworking,True,residue,0,,,145,170,,,False,
9145,Fletcher's Gloves,Leatherworking,True,residue,0,,,150,175,,,False,
9146,Herbalist's Gloves,Leatherworking,True,item,0,135,db2:item-req,160,185,,7361,False,
9147,Earthen Leather Shoulders,Leatherworking,True,item,0,135,db2:item-req,160,185,,7362,False,
9148,Pilferer's Gloves,Leatherworking,True,item,0,140,db2:item-req,165,190,,7363,False,
9149,Heavy Earthen Gloves,Leatherworking,True,item,0,145,db2:item-req,170,195,,7364,False,
9195,Dusky Leather Leggings,Leatherworking,True,item,0,165,db2:item-req,185,205,,7449,False,
9196,Dusky Leather Armor,Leatherworking,True,residue,0,,,195,215,,,False,
9197,Green Whelp Armor,Leatherworking,True,item,0,175,db2:item-req,195,215,,7450,False,
9198,Frost Leather Cloak,Leatherworking,True,residue,0,,,200,220,,,False,
9201,Dusky Bracers,Leatherworking,True,residue,0,,,205,225,,,False,
9202,Green Whelp Bracers,Leatherworking,True,item,0,190,db2:item-req,210,230,,7451,False,
9206,Dusky Belt,Leatherworking,True,residue,0,,,215,235,,,False,
9207,Dusky Boots,Leatherworking,True,item,0,200,db2:item-req,220,240,,7452,False,
9208,Swift Boots,Leatherworking,True,item,0,200,db2:item-req,220,240,,7453,False,
10482,Cured Thick Hide,Leatherworking,True,residue,0,,,200,200,,,False,
10487,Thick Armor Kit,Leatherworking,True,residue,0,,,220,240,,,False,
10490,Comfortable Leather Hat,Leatherworking,True,item,0,200,db2:item-req,220,240,,8384,False,
10499,Nightscape Tunic,Leatherworking,True,residue,0,,,225,245,,,False,
10507,Nightscape Headband,Leatherworking,True,residue,0,,,225,245,,,False,
10509,Turtle Scale Gloves,Leatherworking,True,item,0,205,db2:item-req,225,245,,8385,False,
10511,Turtle Scale Breastplate,Leatherworking,True,residue,0,,,230,250,,,False,
10516,Nightscape Shoulders,Leatherworking,True,item,0,210,db2:item-req,230,250,,8409,False,
10518,Turtle Scale Bracers,Leatherworking,True,residue,0,,,230,250,,,False,
10520,Big Voodoo Robe,Leatherworking,True,item,0,215,db2:item-req,235,255,,8386,False,
10525,Tough Scorpid Breastplate,Leatherworking,True,item,0,220,db2:item-req,240,260,,8395,False,
10529,Wild Leather Shoulders,Leatherworking,True,item,0,220,db2:item-req,240,260,,8403,False,
10531,Big Voodoo Mask,Leatherworking,True,item,0,220,db2:item-req,240,260,,8387,False,
10533,Tough Scorpid Bracers,Leatherworking,True,item,0,220,db2:item-req,240,260,,8397,False,
10542,Tough Scorpid Gloves,Leatherworking,True,item,0,225,db2:item-req,245,265,,8398,False,
10544,Wild Leather Vest,Leatherworking,True,item,0,225,db2:item-req,245,265,,8404,False,
10546,Wild Leather Helmet,Leatherworking,True,item,0,225,db2:item-req,245,265,,8405,False,
10548,Nightscape Pants,Leatherworking,True,residue,0,,,250,270,,,False,
10550,Nightscape Cloak,Leatherworking,True,item,0,230,db2:item-req,250,270,,8388,False,
10552,Turtle Scale Helm,Leatherworking,True,residue,0,,,250,270,,,False,
10554,Tough Scorpid Boots,Leatherworking,True,item,0,235,db2:item-req,255,275,,8399,False,
10556,Turtle Scale Leggings,Leatherworking,True,residue,0,,,255,275,,,False,
10558,Nightscape Boots,Leatherworking,True,residue,0,,,255,275,,,False,
10560,Big Voodoo Pants,Leatherworking,True,item,0,240,db2:item-req,260,280,,8389,False,
10562,Big Voodoo Cloak,Leatherworking,True,item,0,240,db2:item-req,260,280,,8390,False,
10564,Tough Scorpid Shoulders,Leatherworking,True,item,0,240,db2:item-req,260,280,,8400,False,
10566,Wild Leather Boots,Leatherworking,True,item,0,245,db2:item-req,265,285,,8406,False,
10568,Tough Scorpid Leggings,Leatherworking,True,item,0,245,db2:item-req,265,285,,8401,False,
10570,Tough Scorpid Helm,Leatherworking,True,item,0,250,db2:item-req,270,290,,8402,False,
10572,Wild Leather Leggings,Leatherworking,True,item,0,250,db2:item-req,270,290,,8407,False,
10574,Wild Leather Cloak,Leatherworking,True,item,0,250,db2:item-req,270,290,,8408,False,
10619,Dragonscale Gauntlets,Leatherworking,True,residue,0,,,245,265,,,False,
10621,Wolfshead Helm,Leatherworking,True,residue,0,,,245,265,,,False,
10630,Gauntlets of the Sea,Leatherworking,True,residue,0,,,250,270,,,False,
10632,Helm of Fire,Leatherworking,True,residue,0,,,270,290,,,False,
10647,Feathered Breastplate,Leatherworking,True,residue,0,,,270,290,,,False,
10650,Dragonscale Breastplate,Leatherworking,True,residue,0,,,275,295,,,False,
10662,Leatherworking,Leatherworking,False,trainer-rank,0,,,,,,,False,
19047,Cured Rugged Hide,Leatherworking,True,residue,0,,,250,260,,,False,
19048,Heavy Scorpid Bracers,Leatherworking,True,item,0,255,db2:item-req,275,295,,15724,False,
19049,Wicked Leather Gauntlets,Leatherworking,True,item,0,260,db2:item-req,280,300,,15725,False,
19050,Green Dragonscale Breastplate,Leatherworking,True,item,0,260,db2:item-req,280,300,,15726,False,
19051,Heavy Scorpid Vest,Leatherworking,True,item,0,265,db2:item-req,285,305,,15727,False,
19052,Wicked Leather Bracers,Leatherworking,True,item,0,265,db2:item-req,285,305,,15728,False,
19053,Chimeric Gloves,Leatherworking,True,item,0,265,db2:item-req,285,305,,15729,False,
19054,Red Dragonscale Breastplate,Leatherworking,True,item,0,300,db2:item-req,320,340,,15730,False,
19055,Runic Leather Gauntlets,Leatherworking,True,item,0,270,db2:item-req,290,310,,15731,False,
19058,Rugged Armor Kit,Leatherworking,True,residue,0,,,255,275,,,False,
19059,Volcanic Leggings,Leatherworking,True,item,0,270,db2:item-req,290,310,,15732,False,
19060,Green Dragonscale Leggings,Leatherworking,True,item,0,270,db2:item-req,290,310,,15733,False,
19061,Living Shoulders,Leatherworking,True,item,0,270,db2:item-req,290,310,,15734,False,
19062,Ironfeather Shoulders,Leatherworking,True,item,0,270,db2:item-req,290,310,,15735,False,
19063,Chimeric Boots,Leatherworking,True,item,0,275,db2:item-req,295,315,,15737,False,
19064,Heavy Scorpid Gauntlets,Leatherworking,True,item,0,275,db2:item-req,295,315,,15738,False,
19065,Runic Leather Bracers,Leatherworking,True,item,0,275,db2:item-req,295,315,,15739,False,
19066,Frostsaber Boots,Leatherworking,True,item,0,275,db2:item-req,295,315,,15740,False,
19067,Stormshroud Pants,Leatherworking,True,item,0,275,db2:item-req,295,315,,15741,False,
19068,Warbear Harness,Leatherworking,True,item,0,275,db2:item-req,295,315,,20253,False,
19070,Heavy Scorpid Belt,Leatherworking,True,item,0,280,db2:item-req,300,320,,15743,False,
19071,Wicked Leather Headband,Leatherworking,True,item,0,280,db2:item-req,300,320,,15744,False,
19072,Runic Leather Belt,Leatherworking,True,item,0,280,db2:item-req,300,320,,15745,False,
19073,Chimeric Leggings,Leatherworking,True,item,0,280,db2:item-req,300,320,,15746,False,
19074,Frostsaber Leggings,Leatherworking,True,item,0,285,db2:item-req,305,325,,15747,False,
19075,Heavy Scorpid Leggings,Leatherworking,True,item,0,285,db2:item-req,305,325,,15748,False,
19076,Volcanic Breastplate,Leatherworking,True,item,0,285,db2:item-req,305,325,,15749,False,
19077,Blue Dragonscale Breastplate,Leatherworking,True,item,0,285,db2:item-req,305,325,,15751,False,
19078,Living Leggings,Leatherworking,True,item,0,285,db2:item-req,305,325,,15752,False,
19079,Stormshroud Armor,Leatherworking,True,item,0,285,db2:item-req,305,325,,15753,False,
19080,Warbear Woolies,Leatherworking,True,item,0,285,db2:item-req,305,325,,20254,False,
19081,Chimeric Vest,Leatherworking,True,item,0,290,db2:item-req,310,330,,15755,False,
19082,Runic Leather Headband,Leatherworking,True,item,0,290,db2:item-req,310,330,,15756,False,
19083,Wicked Leather Pants,Leatherworking,True,item,0,290,db2:item-req,310,330,,15757,False,
19084,Devilsaur Gauntlets,Leatherworking,True,item,0,290,db2:item-req,310,330,,15758,False,
19085,Black Dragonscale Breastplate,Leatherworking,True,item,0,290,db2:item-req,310,330,,15759,False,
19086,Ironfeather Breastplate,Leatherworking,True,item,0,290,db2:item-req,310,330,,15760,False,
19087,Frostsaber Gloves,Leatherworking,True,item,0,295,db2:item-req,315,335,,15761,False,
19088,Heavy Scorpid Helm,Leatherworking,True,item,0,295,db2:item-req,315,335,,15762,False,
19089,Blue Dragonscale Shoulders,Leatherworking,True,item,0,295,db2:item-req,315,335,,15763,False,
19090,Stormshroud Shoulders,Leatherworking,True,item,0,295,db2:item-req,315,335,,15764,False,
19091,Runic Leather Pants,Leatherworking,True,item,0,300,db2:item-req,320,340,,15765,False,
19092,Wicked Leather Belt,Leatherworking,True,item,0,300,db2:item-req,320,340,,15768,False,
19093,Onyxia Scale Cloak,Leatherworking,True,item,0,300,db2:item-req,320,340,,15769,False,
19094,Black Dragonscale Shoulders,Leatherworking,True,item,0,300,db2:item-req,320,340,,15770,False,
19095,Living Breastplate,Leatherworking,True,item,0,300,db2:item-req,320,340,,15771,False,
19097,Devilsaur Leggings,Leatherworking,True,item,0,300,db2:item-req,320,340,,15772,False,
19098,Wicked Leather Armor,Leatherworking,True,item,0,300,db2:item-req,320,340,,15773,False,
19100,Heavy Scorpid Shoulders,Leatherworking,True,item,0,300,db2:item-req,320,340,,15774,False,
19101,Volcanic Shoulders,Leatherworking,True,item,0,300,db2:item-req,320,340,,15775,False,
19102,Runic Leather Armor,Leatherworking,True,item,0,300,db2:item-req,320,340,,15776,False,
19103,Runic Leather Shoulders,Leatherworking,True,item,0,300,db2:item-req,320,340,,15777,False,
19104,Frostsaber Tunic,Leatherworking,True,item,0,300,db2:item-req,320,340,,15779,False,
19106,Onyxia Scale Breastplate,Leatherworking,True,item,0,300,db2:item-req,320,340,,15780,False,
19107,Black Dragonscale Leggings,Leatherworking,True,item,0,300,db2:item-req,320,340,,15781,False,
20648,Medium Leather,Leatherworking,True,residue,0,,,100,110,,,False,
20649,Heavy Leather,Leatherworking,True,residue,0,,,150,160,,,False,
20650,Thick Leather,Leatherworking,True,residue,0,,,200,205,,,False,
20853,Corehound Boots,Leatherworking,True,item,0,295,db2:item-req,315,335,,17022,False,
20854,Molten Helm,Leatherworking,True,item,0,300,db2:item-req,320,340,,17023,False,
20855,Black Dragonscale Boots,Leatherworking,True,item,0,300,db2:item-req,320,340,,17025,False,
21943,Gloves of the Greatfather,Leatherworking,True,item,0,190,db2:item-req,210,230,,17722,False,
22331,Rugged Leather,Leatherworking,True,residue,0,,,250,250,,,False,
22711,Shadowskin Gloves,Leatherworking,True,item,0,200,db2:item-req,210,230,,18239,False,
22727,Core Armor Kit,Leatherworking,True,item,0,300,db2:item-req,320,340,,18252,False,
22815,Gordok Ogre Suit,Leatherworking,True,special,0,,,285,295,,,False,
22921,Girdle of Insight,Leatherworking,True,item,0,300,db2:item-req,320,340,,18514,False,
22922,Mongoose Boots,Leatherworking,True,item,0,300,db2:item-req,320,340,,18515,False,
22923,Swift Flight Bracers,Leatherworking,True,item,0,300,db2:item-req,320,340,,18516,False,
22926,Chromatic Cloak,Leatherworking,True,item,0,300,db2:item-req,320,340,,18517,False,
22927,Hide of the Wild,Leatherworking,True,item,0,300,db2:item-req,320,340,,18518,False,
22928,Shifting Cloak,Leatherworking,True,item,0,300,db2:item-req,320,340,,18519,False,
23190,Heavy Leather Ball,Leatherworking,True,item,0,150,db2:item-req,150,160,,18731,False,
23399,Barbaric Bracers,Leatherworking,True,item,0,155,db2:item-req,175,195,,18949,False,
23703,Might of the Timbermaw,Leatherworking,True,item,0,290,db2:item-req,310,330,,19326,False,
23704,Timbermaw Brawlers,Leatherworking,True,item,0,300,db2:item-req,320,340,,19327,False,
23705,Dawn Treaders,Leatherworking,True,item,0,290,db2:item-req,310,330,,19328,False,
23706,Golden Mantle of the Dawn,Leatherworking,True,item,0,300,db2:item-req,320,340,,19329,False,
23707,Lava Belt,Leatherworking,True,item,0,300,db2:item-req,320,340,,19330,False,
23708,Chromatic Gauntlets,Leatherworking,True,item,0,300,db2:item-req,320,340,,19331,False,
23709,Corehound Belt,Leatherworking,True,item,0,300,db2:item-req,320,340,,19332,False,
23710,Molten Belt,Leatherworking,True,item,0,300,db2:item-req,320,340,,19333,False,
24121,Primal Batskin Jerkin,Leatherworking,True,item,0,300,db2:item-req,320,340,,19769,False,
24122,Primal Batskin Gloves,Leatherworking,True,item,0,300,db2:item-req,320,340,,19770,False,
24123,Primal Batskin Bracers,Leatherworking,True,item,0,300,db2:item-req,320,340,,19771,False,
24124,Blood Tiger Breastplate,Leatherworking,True,item,0,300,db2:item-req,320,340,,19772,False,
24125,Blood Tiger Shoulders,Leatherworking,True,item,0,300,db2:item-req,320,340,,19773,False,
24654,Blue Dragonscale Leggings,Leatherworking,True,residue,0,,,320,340,,,False,
24655,Green Dragonscale Gauntlets,Leatherworking,True,residue,0,,,300,320,,,False,
24703,Dreamscale Breastplate,Leatherworking,True,item,0,300,db2:item-req,320,340,,20382,False,
24846,Spitfire Bracers,Leatherworking,True,item,0,300,db2:item-req,320,340,,20506,False,
24847,Spitfire Gauntlets,Leatherworking,True,item,0,300,db2:item-req,320,340,,20507,False,
24848,Spitfire Breastplate,Leatherworking,True,item,0,300,db2:item-req,320,340,,20508,False,
24849,Sandstalker Bracers,Leatherworking,True,item,0,300,db2:item-req,320,340,,20509,False,
24850,Sandstalker Gauntlets,Leatherworking,True,item,0,300,db2:item-req,320,340,,20510,False,
24851,Sandstalker Breastplate,Leatherworking,True,item,0,300,db2:item-req,320,340,,20511,False,
24940,Black Whelp Tunic,Leatherworking,True,item,0,100,db2:item-req,125,150,,20576,False,
26279,Stormshroud Gloves,Leatherworking,True,item,0,300,db2:item-req,320,340,,21548,False,
28219,Polar Tunic,Leatherworking,True,item,0,300,db2:item-req,320,340,,22692,False,
28220,Polar Gloves,Leatherworking,True,item,0,300,db2:item-req,320,340,,22694,False,
28221,Polar Bracers,Leatherworking,True,item,0,300,db2:item-req,320,340,,22695,False,
28222,Icy Scale Breastplate,Leatherworking,True,item,0,300,db2:item-req,320,340,,22696,False,
28223,Icy Scale Gauntlets,Leatherworking,True,item,0,300,db2:item-req,320,340,,22697,False,
28224,Icy Scale Bracers,Leatherworking,True,item,0,300,db2:item-req,320,340,,22698,False,
28472,Bramblewood Helm,Leatherworking,True,item,0,300,db2:item-req,320,340,,22771,False,
28473,Bramblewood Boots,Leatherworking,True,item,0,300,db2:item-req,320,340,,22770,False,
28474,Bramblewood Belt,Leatherworking,True,item,0,300,db2:item-req,320,340,,22769,False,
32454,Knothide Leather,Leatherworking,True,residue,0,,,300,310,,,False,
32455,Heavy Knothide Leather,Leatherworking,True,item,0,325,db2:item-req,325,335,,25720,False,
32456,Knothide Armor Kit,Leatherworking,True,residue,0,,,310,340,,,False,
32457,Vindicator's Armor Kit,Leatherworking,True,item,0,325,db2:item-req,335,345,,25721,False,
32458,Magister's Armor Kit,Leatherworking,True,item,0,325,db2:item-req,335,345,,25722,False,
32461,Riding Crop,Leatherworking,True,item,0,350,db2:item-req,360,380,,25725,False,
32462,Felscale Gloves,Leatherworking,True,residue,0,,,310,330,,,False,
32463,Felscale Boots,Leatherworking,True,residue,0,,,320,340,,,False,
32464,Felscale Pants,Leatherworking,True,residue,0,,,330,350,,,False,
32465,Felscale Breastplate,Leatherworking,True,residue,0,,,345,365,,,False,
32466,Scaled Draenic Pants,Leatherworking,True,residue,0,,,310,330,,,False,
32467,Scaled Draenic Gloves,Leatherworking,True,residue,0,,,320,340,,,False,
32468,Scaled Draenic Vest,Leatherworking,True,residue,0,,,335,355,,,False,
32469,Scaled Draenic Boots,Leatherworking,True,residue,0,,,345,365,,,False,
32470,Thick Draenic Gloves,Leatherworking,True,residue,0,,,310,330,,,False,
32471,Thick Draenic Pants,Leatherworking,True,residue,0,,,325,345,,,False,
32472,Thick Draenic Boots,Leatherworking,True,residue,0,,,330,350,,,False,
32473,Thick Draenic Vest,Leatherworking,True,residue,0,,,340,360,,,False,
32478,Wild Draenish Boots,Leatherworking,True,residue,0,,,310,330,,,False,
32479,Wild Draenish Gloves,Leatherworking,True,residue,0,,,320,340,,,False,
32480,Wild Draenish Leggings,Leatherworking,True,residue,0,,,330,350,,,False,
32481,Wild Draenish Vest,Leatherworking,True,residue,0,,,340,360,,,False,
32482,Comfortable Insoles,Leatherworking,True,item,0,300,db2:item-req,300,310,,25726,False,
32485,Stylin' Purple Hat,Leatherworking,True,item,0,350,db2:item-req,360,380,,25728,False,
32487,Stylin' Adventure Hat,Leatherworking,True,item,0,350,db2:item-req,360,380,,25729,False,
32488,Stylin' Crimson Hat,Leatherworking,True,item,0,350,db2:item-req,360,380,,25731,False,
32489,Stylin' Jungle Hat,Leatherworking,True,item,0,350,db2:item-req,360,380,,25730,False,
32490,Fel Leather Gloves,Leatherworking,True,item,0,340,db2:item-req,350,370,,25732,False,
32493,Fel Leather Boots,Leatherworking,True,item,0,350,db2:item-req,360,380,,25733,False,
32494,Fel Leather Leggings,Leatherworking,True,item,0,350,db2:item-req,360,380,,25734,False,
32495,Heavy Clefthoof Vest,Leatherworking,True,item,0,360,db2:item-req,370,390,,25735,False,
32496,Heavy Clefthoof Leggings,Leatherworking,True,item,0,355,db2:item-req,365,385,,25736,False,
32497,Heavy Clefthoof Boots,Leatherworking,True,item,0,355,db2:item-req,365,385,,25737,False,
32498,Felstalker Belt,Leatherworking,True,item,0,350,db2:item-req,360,380,,25738,False,
32499,Felstalker Bracers,Leatherworking,True,item,0,360,db2:item-req,370,390,,25739,False,
32500,Felstalker Breastplate,Leatherworking,True,item,0,360,db2:item-req,370,390,,25740,False,
32501,Netherfury Belt,Leatherworking,True,item,0,340,db2:item-req,350,370,,25741,False,
32502,Netherfury Leggings,Leatherworking,True,item,0,340,db2:item-req,350,370,,25742,False,
32503,Netherfury Boots,Leatherworking,True,item,0,350,db2:item-req,360,380,,25743,False,
32549,Leatherworking,Leatherworking,False,trainer-rank,0,,,,,,,False,
35525,Enchanted Felscale Leggings,Leatherworking,True,item,0,350,db2:item-req,360,380,,29677,False,
35526,Enchanted Felscale Gloves,Leatherworking,True,item,0,350,db2:item-req,360,380,,29682,False,
35527,Enchanted Felscale Boots,Leatherworking,True,item,0,350,db2:item-req,360,380,,29684,False,
35528,Flamescale Boots,Leatherworking,True,item,0,350,db2:item-req,360,380,,29691,False,
35529,Flamescale Leggings,Leatherworking,True,item,0,350,db2:item-req,360,380,,29689,False,
35530,Reinforced Mining Bag,Leatherworking,True,item,0,325,db2:item-req,335,345,,29664,False,
35531,Flamescale Belt,Leatherworking,True,item,0,350,db2:item-req,360,380,,29693,False,
35532,Enchanted Clefthoof Leggings,Leatherworking,True,item,0,350,db2:item-req,360,380,,29698,False,
35533,Enchanted Clefthoof Gloves,Leatherworking,True,item,0,350,db2:item-req,360,380,,29700,False,
35534,Enchanted Clefthoof Boots,Leatherworking,True,item,0,350,db2:item-req,360,380,,29701,False,
35535,Blastguard Pants,Leatherworking,True,item,0,350,db2:item-req,360,380,,29702,False,
35536,Blastguard Boots,Leatherworking,True,item,0,350,db2:item-req,360,380,,29703,False,
35537,Blastguard Belt,Leatherworking,True,item,0,350,db2:item-req,360,380,,29704,False,
35538,Drums of Panic,Leatherworking,True,item,0,370,db2:item-req,370,385,,29713,False,
35539,Drums of Restoration,Leatherworking,True,item,0,350,db2:item-req,350,365,,29714,False,
35540,Drums of War,Leatherworking,True,residue,0,,,340,355,,,False,
35543,Drums of Battle,Leatherworking,True,item,0,365,db2:item-req,365,380,,29717,False,
35544,Drums of Speed,Leatherworking,True,item,0,345,db2:item-req,345,360,,29718,False,
35549,Cobrahide Leg Armor,Leatherworking,True,item,0,335,db2:item-req,335,355,,29719,False,
35554,Nethercobra Leg Armor,Leatherworking,True,item,0,365,db2:item-req,365,385,,29722,False,
35555,Clefthide Leg Armor,Leatherworking,True,item,0,335,db2:item-req,335,355,,29720,False,
35557,Nethercleft Leg Armor,Leatherworking,True,item,0,365,db2:item-req,365,385,,29721,False,
35558,Cobrascale Hood,Leatherworking,True,item,0,365,db2:item-req,375,395,,29723,False,
35559,Cobrascale Gloves,Leatherworking,True,item,0,365,db2:item-req,375,395,,29724,False,
35560,Windscale Hood,Leatherworking,True,item,0,365,db2:item-req,375,395,,29725,False,
35561,Hood of Primal Life,Leatherworking,True,item,0,365,db2:item-req,375,395,,29726,False,
35562,Gloves of the Living Touch,Leatherworking,True,item,0,365,db2:item-req,375,395,,29727,False,
35563,Windslayer Wraps,Leatherworking,True,item,0,365,db2:item-req,375,395,,29728,False,
35564,Living Dragonscale Helm,Leatherworking,True,item,0,365,db2:item-req,375,395,,29729,False,
35567,Earthen Netherscale Boots,Leatherworking,True,item,0,365,db2:item-req,375,395,,29730,False,
35568,Windstrike Gloves,Leatherworking,True,item,0,365,db2:item-req,375,395,,29731,False,
35572,Netherdrake Helm,Leatherworking,True,item,0,365,db2:item-req,375,395,,29732,False,
35573,Netherdrake Gloves,Leatherworking,True,item,0,365,db2:item-req,375,395,,29733,False,
35574,Thick Netherscale Breastplate,Leatherworking,True,item,0,365,db2:item-req,375,395,,29734,False,
35575,Ebon Netherscale Breastplate,Leatherworking,True,residue,0,,,385,405,,,False,
35576,Ebon Netherscale Belt,Leatherworking,True,residue,0,,,385,405,,,False,
35577,Ebon Netherscale Bracers,Leatherworking,True,residue,0,,,385,405,,,False,
35580,Netherstrike Breastplate,Leatherworking,True,residue,0,,,385,405,,,False,
35582,Netherstrike Belt,Leatherworking,True,residue,0,,,385,405,,,False,
35584,Netherstrike Bracers,Leatherworking,True,residue,0,,,385,405,,,False,
35585,Windhawk Hauberk,Leatherworking,True,residue,0,,,385,405,,,False,
35587,Windhawk Belt,Leatherworking,True,residue,0,,,385,405,,,False,
35588,Windhawk Bracers,Leatherworking,True,residue,0,,,385,405,,,False,
35589,Primalstrike Vest,Leatherworking,True,residue,0,,,385,405,,,False,
35590,Primalstrike Belt,Leatherworking,True,residue,0,,,385,405,,,False,
35591,Primalstrike Bracers,Leatherworking,True,residue,0,,,385,405,,,False,
36074,Blackstorm Leggings,Leatherworking,True,residue,0,,,280,300,,,False,
36075,Wildfeather Leggings,Leatherworking,True,residue,0,,,280,300,,,False,
36076,Dragonstrike Leggings,Leatherworking,True,residue,0,,,280,300,,,False,
36077,Primalstorm Breastplate,Leatherworking,True,residue,0,,,350,370,,,False,
36078,Living Crystal Breastplate,Leatherworking,True,residue,0,,,350,370,,,False,
36079,Golden Dragonstrike Breastplate,Leatherworking,True,residue,0,,,350,370,,,False,
36349,Belt of Natural Power,Leatherworking,True,item,0,375,db2:item-req,385,405,,30301,False,
36351,Belt of Deep Shadow,Leatherworking,True,item,0,375,db2:item-req,385,405,,30302,False,
36352,Belt of the Black Eagle,Leatherworking,True,item,0,375,db2:item-req,385,405,,30303,False,
36353,Monsoon Belt,Leatherworking,True,item,0,375,db2:item-req,385,405,,30304,False,
36355,Boots of Natural Grace,Leatherworking,True,item,0,375,db2:item-req,385,405,,30305,False,
36357,Boots of Utter Darkness,Leatherworking,True,item,0,375,db2:item-req,385,405,,30306,False,
36358,Boots of the Crimson Hawk,Leatherworking,True,item,0,375,db2:item-req,385,405,,30307,False,
36359,Hurricane Boots,Leatherworking,True,item,0,375,db2:item-req,385,405,,30308,False,
39997,Boots of Shackled Souls,Leatherworking,True,item,0,375,db2:item-req,385,405,,32429,False,
40001,Greaves of Shackled Souls,Leatherworking,True,item,0,375,db2:item-req,385,405,,32431,False,
40002,Waistguard of Shackled Souls,Leatherworking,True,item,0,375,db2:item-req,385,405,,32432,False,
40003,Redeemed Soul Moccasins,Leatherworking,True,item,0,375,db2:item-req,385,405,,32433,False,
40004,Redeemed Soul Wristguards,Leatherworking,True,item,0,375,db2:item-req,385,405,,32434,False,
40005,Redeemed Soul Legguards,Leatherworking,True,item,0,375,db2:item-req,385,405,,32435,False,
40006,Redeemed Soul Cinch,Leatherworking,True,item,0,375,db2:item-req,385,405,,32436,False,
41156,Bracers of Renewed Life,Leatherworking,True,item,0,375,db2:item-req,385,405,,32744,False,
41157,Shoulderpads of Renewed Life,Leatherworking,True,item,0,375,db2:item-req,385,405,,32745,False,
41158,Swiftstrike Bracers,Leatherworking,True,item,0,375,db2:item-req,385,405,,32746,False,
41160,Swiftstrike Shoulders,Leatherworking,True,item,0,375,db2:item-req,385,405,,32747,False,
41161,Bindings of Lightning Reflexes,Leatherworking,True,item,0,375,db2:item-req,385,405,,32748,False,
41162,Shoulders of Lightning Reflexes,Leatherworking,True,item,0,375,db2:item-req,385,405,,32749,False,
41163,Living Earth Bindings,Leatherworking,True,item,0,375,db2:item-req,385,405,,32750,False,
41164,Living Earth Shoulders,Leatherworking,True,item,0,375,db2:item-req,385,405,,32751,False,
42546,Cloak of Darkness,Leatherworking,True,item,0,360,db2:item-req,370,390,,33124,False,
42731,Shadowprowler's Chestguard,Leatherworking,True,item,0,365,db2:item-req,375,395,,33205,False,
44359,Quiver of a Thousand Feathers,Leatherworking,True,residue,0,,,360,380,,,False,
44770,Glove Reinforcements,Leatherworking,True,residue,0,,,355,365,,,False,
44953,Winter Boots,Leatherworking,True,item,0,285,db2:item-req,285,285,,34262,False,
44970,Heavy Knothide Armor Kit,Leatherworking,True,residue,0,,,355,365,,,False,
45100,Leatherworker's Satchel,Leatherworking,True,residue,0,,,310,330,,,False,
45117,Bag of Many Hides,Leatherworking,True,item,0,360,db2:item-req,370,390,,34491,False,
46132,Leather Gauntlets of the Sun,Leatherworking,True,item,0,365,db2:item-req,375,410,,35212,False,
46133,Fletcher's Gloves of the Phoenix,Leatherworking,True,item,0,365,db2:item-req,375,410,,35213,False,
46134,Gloves of Immortal Dusk,Leatherworking,True,item,0,365,db2:item-req,375,410,,35214,False,
46135,Sun-Drenched Scale Gloves,Leatherworking,True,item,0,365,db2:item-req,375,410,,35215,False,
46136,Leather Chestguard of the Sun,Leatherworking,True,item,0,365,db2:item-req,375,410,,35216,False,
46137,Embrace of the Phoenix,Leatherworking,True,item,0,365,db2:item-req,375,410,,35217,False,
46138,Carapace of Sun and Shadow,Leatherworking,True,item,0,365,db2:item-req,375,410,,35218,False,
46139,Sun-Drenched Scale Chestguard,Leatherworking,True,item,0,365,db2:item-req,375,410,,35219,False,
50936,Heavy Borean Leather,Leatherworking,True,residue,0,,,385,405,,,False,
50938,Iceborne Chestguard,Leatherworking,True,residue,0,,,390,410,,,False,
50939,Iceborne Leggings,Leatherworking,True,residue,0,,,385,405,,,False,
50940,Iceborne Shoulderpads,Leatherworking,True,residue,0,,,395,415,,,False,
50941,Iceborne Gloves,Leatherworking,True,residue,0,,,385,405,,,False,
50942,Iceborne Boots,Leatherworking,True,residue,0,,,390,410,,,False,
50943,Iceborne Belt,Leatherworking,True,residue,0,,,380,395,,,False,
50944,Arctic Chestpiece,Leatherworking,True,residue,0,,,385,405,,,False,
50945,Arctic Leggings,Leatherworking,True,residue,0,,,390,410,,,False,
50946,Arctic Shoulderpads,Leatherworking,True,residue,0,,,395,415,,,False,
50947,Arctic Gloves,Leatherworking,True,residue,0,,,390,410,,,False,
50948,Arctic Boots,Leatherworking,True,residue,0,,,385,405,,,False,
50949,Arctic Belt,Leatherworking,True,residue,0,,,395,415,,,False,
50950,Frostscale Chestguard,Leatherworking,True,residue,0,,,390,410,,,False,
50951,Frostscale Leggings,Leatherworking,True,residue,0,,,385,405,,,False,
50952,Frostscale Shoulders,Leatherworking,True,residue,0,,,390,410,,,False,
50953,Frostscale Gloves,Leatherworking,True,residue,0,,,395,415,,,False,
50954,Frostscale Boots,Leatherworking,True,residue,0,,,395,415,,,False,
50955,Frostscale Belt,Leatherworking,True,residue,0,,,385,405,,,False,
50956,Nerubian Chestguard,Leatherworking,True,residue,0,,,390,410,,,False,
50957,Nerubian Legguards,Leatherworking,True,residue,0,,,385,405,,,False,
50958,Nerubian Shoulders,Leatherworking,True,residue,0,,,395,415,,,False,
50959,Nerubian Gloves,Leatherworking,True,residue,0,,,385,405,,,False,
50960,Nerubian Boots,Leatherworking,True,residue,0,,,395,415,,,False,
50961,Nerubian Belt,Leatherworking,True,residue,0,,,390,410,,,False,
50962,Borean Armor Kit,Leatherworking,True,residue,0,,,375,385,,,False,
50963,Heavy Borean Armor Kit,Leatherworking,True,residue,0,,,400,405,,,False,
50964,Jormungar Leg Armor,Leatherworking,True,residue,0,,,410,420,,,False,
50965,Frosthide Leg Armor,Leatherworking,True,residue,0,,,435,445,,,False,
50966,Nerubian Leg Armor,Leatherworking,True,residue,0,,,405,415,,,False,
50967,Icescale Leg Armor,Leatherworking,True,residue,0,,,435,445,,,False,
50970,Trapper's Traveling Pack,Leatherworking,True,item,0,415,db2:item-req,420,425,,44509,False,
50971,Mammoth Mining Bag,Leatherworking,True,item,0,415,db2:item-req,420,425,,44510,False,
51302,Leatherworking,Leatherworking,False,trainer-rank,0,,,,,,,False,
51568,Black Chitinguard Boots,Leatherworking,True,item,0,390,db2:item-req,415,435,,38597,False,
51569,Dark Arctic Leggings,Leatherworking,True,item,0,400,db2:item-req,410,430,,38598,False,
51570,Dark Arctic Chestpiece,Leatherworking,True,item,0,410,db2:item-req,410,430,,38599,False,
51571,Arctic Wristguards,Leatherworking,True,residue,0,,,400,420,,,False,
51572,Arctic Helm,Leatherworking,True,residue,0,,,400,420,,,False,
52733,Bracers of Shackled Souls,Leatherworking,True,item,0,375,db2:item-req,385,405,,32430,False,
55199,Cloak of Tormented Skies,Leatherworking,True,residue,0,,,405,425,,,False,
57683,Fur Lining - Agility,Leatherworking,True,residue,0,,,425,435,,,False,
57690,Fur Lining - Stamina,Leatherworking,True,residue,0,,,425,435,,,False,
57691,Fur Lining - Intellect,Leatherworking,True,residue,0,,,425,435,,,False,
60599,Frostscale Bracers,Leatherworking,True,residue,0,,,400,420,,,False,
60600,Frostscale Helm,Leatherworking,True,residue,0,,,400,420,,,False,
60601,Dark Frostscale Leggings,Leatherworking,True,residue,0,,,410,430,,,False,
60604,Dark Frostscale Breastplate,Leatherworking,True,residue,0,,,410,430,,,False,
60605,Dragonstompers,Leatherworking,True,residue,0,,,415,435,,,False,
60607,Iceborne Wristguards,Leatherworking,True,residue,0,,,400,420,,,False,
60608,Iceborne Helm,Leatherworking,True,residue,0,,,400,420,,,False,
60611,Dark Iceborne Leggings,Leatherworking,True,residue,0,,,410,430,,,False,
60613,Dark Iceborne Chestguard,Leatherworking,True,residue,0,,,410,430,,,False,
60620,Bugsquashers,Leatherworking,True,residue,0,,,415,435,,,False,
60622,Nerubian Bracers,Leatherworking,True,residue,0,,,400,420,,,False,
60624,Nerubian Helm,Leatherworking,True,residue,0,,,400,420,,,False,
60627,Dark Nerubian Leggings,Leatherworking,True,residue,0,,,410,430,,,False,
60629,Dark Nerubian Chestpiece,Leatherworking,True,residue,0,,,410,430,,,False,
60630,Scaled Icewalkers,Leatherworking,True,residue,0,,,415,435,,,False,
60631,Cloak of Harsh Winds,Leatherworking,True,residue,0,,,390,410,,,False,
60637,Ice Striker's Cloak,Leatherworking,True,residue,0,,,450,460,,,False,
60640,Durable Nerubhide Cape,Leatherworking,True,residue,0,,,450,460,,,False,
60643,Pack of Endless Pockets,Leatherworking,True,residue,0,,,420,425,,,False,
60649,Razorstrike Breastplate,Leatherworking,True,residue,0,,,430,440,,,False,
60651,Virulent Spaulders,Leatherworking,True,residue,0,,,425,435,,,False,
60652,Eaglebane Bracers,Leatherworking,True,residue,0,,,425,435,,,False,
60655,Nightshock Hood,Leatherworking,True,residue,0,,,430,440,,,False,
60658,Nightshock Girdle,Leatherworking,True,residue,0,,,425,435,,,False,
60660,Leggings of Visceral Strikes,Leatherworking,True,residue,0,,,430,440,,,False,
60665,Seafoam Gauntlets,Leatherworking,True,residue,0,,,425,435,,,False,
60666,Jormscale Footpads,Leatherworking,True,residue,0,,,425,435,,,False,
60669,Wildscale Breastplate,Leatherworking,True,residue,0,,,430,440,,,False,
60671,Purehorn Spaulders,Leatherworking,True,residue,0,,,425,435,,,False,
60697,Eviscerator's Facemask,Leatherworking,True,item,0,420,db2:item-req,425,435,,44513,False,
60702,Eviscerator's Shoulderpads,Leatherworking,True,item,0,420,db2:item-req,425,435,,44514,False,
60703,Eviscerator's Chestguard,Leatherworking,True,item,0,420,db2:item-req,425,435,,44515,False,
60704,Eviscerator's Bindings,Leatherworking,True,item,0,420,db2:item-req,425,435,,44516,False,
60705,Eviscerator's Gauntlets,Leatherworking,True,item,0,425,db2:item-req,430,440,,44517,False,
60706,Eviscerator's Waistguard,Leatherworking,True,item,0,425,db2:item-req,430,440,,44518,False,
60711,Eviscerator's Legguards,Leatherworking,True,item,0,425,db2:item-req,430,440,,44519,False,
60712,Eviscerator's Treads,Leatherworking,True,item,0,425,db2:item-req,430,440,,44520,False,
60715,Overcast Headguard,Leatherworking,True,item,0,420,db2:item-req,425,435,,44521,False,
60716,Overcast Spaulders,Leatherworking,True,item,0,420,db2:item-req,425,435,,44522,False,
60718,Overcast Chestguard,Leatherworking,True,item,0,420,db2:item-req,425,435,,44523,False,
60720,Overcast Bracers,Leatherworking,True,item,0,420,db2:item-req,425,435,,44524,False,
60721,Overcast Handwraps,Leatherworking,True,item,0,425,db2:item-req,430,440,,44525,False,
60723,Overcast Belt,Leatherworking,True,item,0,425,db2:item-req,430,440,,44526,False,
60725,Overcast Leggings,Leatherworking,True,item,0,425,db2:item-req,430,440,,44527,False,
60727,Overcast Boots,Leatherworking,True,item,0,425,db2:item-req,430,440,,44528,False,
60728,Swiftarrow Helm,Leatherworking,True,item,0,420,db2:item-req,425,435,,44530,False,
60729,Swiftarrow Shoulderguards,Leatherworking,True,item,0,420,db2:item-req,425,435,,44531,False,
60730,Swiftarrow Hauberk,Leatherworking,True,item,0,420,db2:item-req,425,435,,44532,False,
60731,Swiftarrow Bracers,Leatherworking,True,item,0,420,db2:item-req,425,435,,44533,False,
60732,Swiftarrow Gauntlets,Leatherworking,True,item,0,425,db2:item-req,430,440,,44534,False,
60734,Swiftarrow Belt,Leatherworking,True,item,0,425,db2:item-req,430,440,,44535,False,
60735,Swiftarrow Leggings,Leatherworking,True,item,0,425,db2:item-req,430,440,,44536,False,
60737,Swiftarrow Boots,Leatherworking,True,item,0,425,db2:item-req,430,440,,44537,False,
60743,Stormhide Crown,Leatherworking,True,item,0,420,db2:item-req,425,435,,44538,False,
60746,Stormhide Shoulders,Leatherworking,True,item,0,420,db2:item-req,425,435,,44539,False,
60747,Stormhide Hauberk,Leatherworking,True,item,0,420,db2:item-req,425,435,,44540,False,
60748,Stormhide Wristguards,Leatherworking,True,item,0,420,db2:item-req,425,435,,44541,False,
60749,Stormhide Grips,Leatherworking,True,item,0,425,db2:item-req,430,440,,44542,False,
60750,Stormhide Belt,Leatherworking,True,item,0,425,db2:item-req,430,440,,44543,False,
60751,Stormhide Legguards,Leatherworking,True,item,0,425,db2:item-req,430,440,,44544,False,
60752,Stormhide Stompers,Leatherworking,True,item,0,425,db2:item-req,430,440,,44545,False,
60754,Giantmaim Legguards,Leatherworking,True,item,0,440,db2:item-req,450,460,,44546,False,
60755,Giantmaim Bracers,Leatherworking,True,item,0,440,db2:item-req,450,460,,44547,False,
60756,Revenant's Breastplate,Leatherworking,True,item,0,440,db2:item-req,450,460,,44548,False,
60757,Revenant's Treads,Leatherworking,True,item,0,440,db2:item-req,450,460,,44549,False,
60758,Trollwoven Spaulders,Leatherworking,True,item,0,440,db2:item-req,450,460,,44550,False,
60759,Trollwoven Girdle,Leatherworking,True,item,0,440,db2:item-req,450,460,,44551,False,
60760,Earthgiving Legguards,Leatherworking,True,item,0,440,db2:item-req,450,460,,44552,False,
60761,Earthgiving Boots,Leatherworking,True,item,0,440,db2:item-req,450,460,,44553,False,
60996,Polar Vest,Leatherworking,True,item,0,425,db2:item-req,435,455,,44584,False,
60997,Polar Cord,Leatherworking,True,item,0,420,db2:item-req,430,450,,44585,False,
60998,Polar Boots,Leatherworking,True,item,0,420,db2:item-req,430,450,,44586,False,
60999,Icy Scale Chestguard,Leatherworking,True,item,0,425,db2:item-req,435,455,,44587,False,
61000,Icy Scale Belt,Leatherworking,True,item,0,420,db2:item-req,430,450,,44588,False,
61002,Icy Scale Boots,Leatherworking,True,item,0,420,db2:item-req,430,450,,44589,False,
62176,Windripper Boots,Leatherworking,True,item,0,440,db2:item-req,450,460,,44932,False,
62177,Windripper Leggings,Leatherworking,True,item,0,440,db2:item-req,450,460,,44933,False,
62448,Earthen Leg Armor,Leatherworking,True,residue,0,,,435,445,,,False,
63194,Belt of Dragons,Leatherworking,True,item,0,450,db2:item-req,455,475,,45094,False,
63195,Boots of Living Scale,Leatherworking,True,item,0,450,db2:item-req,455,475,,45095,False,
63196,Blue Belt of Chaos,Leatherworking,True,item,0,450,db2:item-req,455,475,,45096,False,
63197,Lightning Grounded Boots,Leatherworking,True,item,0,450,db2:item-req,455,475,,45097,False,
63198,Death-warmed Belt,Leatherworking,True,item,0,450,db2:item-req,455,475,,45098,False,
63199,Footpads of Silence,Leatherworking,True,item,0,450,db2:item-req,455,475,,45099,False,
63200,Belt of Arctic Life,Leatherworking,True,item,0,450,db2:item-req,455,475,,45100,False,
63201,Boots of Wintry Endurance,Leatherworking,True,item,0,450,db2:item-req,455,475,,45101,False,
64661,Borean Leather,Leatherworking,True,residue,0,,,350,375,,,False,
67080,Ensorcelled Nerubian Breastplate,Leatherworking,True,item,0,450,db2:item-req,460,475,,47628,False,
67081,Black Chitin Bracers,Leatherworking,True,item,0,450,db2:item-req,460,475,,47629,False,
67082,Crusader's Dragonscale Breastplate,Leatherworking,True,item,0,450,db2:item-req,460,475,,47630,False,
67083,Crusader's Dragonscale Bracers,Leatherworking,True,item,0,450,db2:item-req,460,475,,47631,False,
67084,Lunar Eclipse Robes,Leatherworking,True,item,0,450,db2:item-req,460,475,,47632,False,
67085,Moonshadow Armguards,Leatherworking,True,item,0,450,db2:item-req,460,475,,47633,False,
67086,Knightbane Carapace,Leatherworking,True,item,0,450,db2:item-req,460,475,,47634,False,
67087,Bracers of Swift Death,Leatherworking,True,item,0,450,db2:item-req,460,475,,47635,False,
67136,Ensorcelled Nerubian Breastplate,Leatherworking,True,item,0,450,db2:item-req,460,475,,47650,False,
67137,Black Chitin Bracers,Leatherworking,True,item,0,450,db2:item-req,460,475,,47646,False,
67138,Crusader's Dragonscale Breastplate,Leatherworking,True,item,0,450,db2:item-req,460,475,,47649,False,
67139,Bracers of Swift Death,Leatherworking,True,item,0,450,db2:item-req,460,475,,47647,False,
67140,Lunar Eclipse Robes,Leatherworking,True,item,0,450,db2:item-req,460,475,,47652,False,
67141,Moonshadow Armguards,Leatherworking,True,item,0,450,db2:item-req,460,475,,47653,False,
67142,Knightbane Carapace,Leatherworking,True,item,0,450,db2:item-req,460,475,,47651,False,
67143,Crusader's Dragonscale Bracers,Leatherworking,True,item,0,450,db2:item-req,460,475,,47648,False,
69386,Drums of Forgotten Kings,Leatherworking,True,residue,0,,,440,470,,,False,
69388,Drums of the Wild,Leatherworking,True,residue,0,,,440,470,,,False,
70554,Legwraps of Unleashed Nature,Leatherworking,True,item,0,450,db2:item-req,475,500,,49957,False,
70555,Blessed Cenarion Boots,Leatherworking,True,item,0,450,db2:item-req,475,500,,49958,False,
70556,Bladeborn Leggings,Leatherworking,True,item,0,450,db2:item-req,475,500,,49959,False,
70557,Footpads of Impending Death,Leatherworking,True,item,0,450,db2:item-req,475,500,,49961,False,
70558,Lightning-Infused Leggings,Leatherworking,True,item,0,450,db2:item-req,475,500,,49962,False,
70559,Earthsoul Boots,Leatherworking,True,item,0,450,db2:item-req,475,500,,49963,False,
70560,Draconic Bonesplinter Legguards,Leatherworking,True,item,0,450,db2:item-req,475,500,,49965,False,
70561,Rock-Steady Treads,Leatherworking,True,item,0,450,db2:item-req,475,500,,49966,False,
74493,Savage Leather,Leatherworking,True,residue,0,,,435,450,,,False,
78379,Savage Armor Kit,Leatherworking,True,residue,0,,,450,455,,,False,
78380,Savage Cloak,Leatherworking,True,item,0,425,db2:item-req,470,480,,66995,False,
78388,Tsunami Bracers,Leatherworking,True,item,0,425,db2:item-req,470,480,,66996,False,
78396,Tsunami Belt,Leatherworking,True,item,0,425,db2:item-req,480,490,,66997,False,
78398,Darkbrand Bracers,Leatherworking,True,item,0,425,db2:item-req,460,470,,66999,False,
78399,Darkbrand Gloves,Leatherworking,True,item,0,425,db2:item-req,475,485,,67000,False,
78405,Hardened Scale Cloak,Leatherworking,True,item,0,425,db2:item-req,475,485,,67005,False,
78406,Tsunami Gloves,Leatherworking,True,item,0,425,db2:item-req,485,495,,67006,False,
78407,Darkbrand Boots,Leatherworking,True,item,0,425,db2:item-req,475,485,,67007,False,
78410,Tsunami Boots,Leatherworking,True,item,0,425,db2:item-req,460,470,,67010,False,
78411,Darkbrand Shoulders,Leatherworking,True,item,0,425,db2:item-req,485,495,,67011,False,
78415,Tsunami Shoulders,Leatherworking,True,item,0,425,db2:item-req,465,475,,67014,False,
78416,Darkbrand Belt,Leatherworking,True,item,0,425,db2:item-req,465,475,,67015,False,
78419,Scorched Leg Armor,Leatherworking,True,item,0,425,db2:item-req,485,495,,67018,False,
78420,Twilight Leg Armor,Leatherworking,True,item,0,425,db2:item-req,490,500,,67019,False,
78423,Tsunami Chestguard,Leatherworking,True,item,0,425,db2:item-req,510,515,,67020,False,
78424,Darkbrand Helm,Leatherworking,True,item,0,425,db2:item-req,505,510,,67021,False,
78427,Tsunami Leggings,Leatherworking,True,item,0,425,db2:item-req,490,500,,67025,False,
78428,Darkbrand Chestguard,Leatherworking,True,item,0,425,db2:item-req,490,500,,67026,False,
78432,Tsunami Helm,Leatherworking,True,item,0,425,db2:item-req,495,505,,67031,False,
78433,Darkbrand Leggings,Leatherworking,True,item,0,425,db2:item-req,495,505,,67033,False,
78436,Heavy Savage Leather,Leatherworking,True,item,0,425,db2:item-req,485,490,,67036,False,
78437,Heavy Savage Armor Kit,Leatherworking,True,item,0,425,db2:item-req,490,500,,67038,False,
78438,Cloak of Beasts,Leatherworking,True,item,0,425,db2:item-req,510,515,,67039,False,
78439,Cloak of War,Leatherworking,True,item,0,425,db2:item-req,510,515,,67041,False,
78444,Bloodthirsty Wyrmhide Bracers,Leatherworking,True,item,0,510,db2:item-req,515,525,,67042,False,
78445,Bloodthirsty Wyrmhide Belt,Leatherworking,True,item,0,510,db2:item-req,515,525,,67044,False,
78446,Bloodthirsty Leather Bracers,Leatherworking,True,item,0,510,db2:item-req,515,525,,67046,False,
78447,Bloodthirsty Leather Gloves,Leatherworking,True,item,0,510,db2:item-req,515,525,,67048,False,
78448,Bloodthirsty Charscale Bracers,Leatherworking,True,item,0,510,db2:item-req,515,525,,67049,False,
78449,Bloodthirsty Charscale Gloves,Leatherworking,True,item,0,510,db2:item-req,515,525,,67053,False,
78450,Bloodthirsty Dragonscale Bracers,Leatherworking,True,item,0,510,db2:item-req,515,525,,67054,False,
78451,Bloodthirsty Dragonscale Shoulders,Leatherworking,True,item,0,510,db2:item-req,515,525,,67055,False,
78452,Bloodthirsty Wyrmhide Gloves,Leatherworking,True,item,0,515,db2:item-req,520,530,,67056,False,
78453,Bloodthirsty Wyrmhide Boots,Leatherworking,True,item,0,515,db2:item-req,520,530,,67058,False,
78454,Bloodthirsty Leather Boots,Leatherworking,True,item,0,515,db2:item-req,520,530,,67060,False,
78455,Bloodthirsty Leather Shoulders,Leatherworking,True,item,0,515,db2:item-req,520,530,,67062,False,
78456,Bloodthirsty Charscale Boots,Leatherworking,True,item,0,515,db2:item-req,520,530,,67063,False,
78457,Bloodthirsty Charscale Belt,Leatherworking,True,item,0,515,db2:item-req,520,530,,67064,False,
78458,Bloodthirsty Dragonscale Boots,Leatherworking,True,item,0,515,db2:item-req,520,530,,67065,False,
78459,Bloodthirsty Dragonscale Gloves,Leatherworking,True,item,0,515,db2:item-req,520,530,,67066,False,
78460,Lightning Lash,Leatherworking,True,item,0,525,db2:item-req,520,530,,67068,False,orange>yellow: orange tier empty (learned late)
78461,Belt of Nefarious Whispers,Leatherworking,True,item,0,525,db2:item-req,520,530,,67070,False,orange>yellow: orange tier empty (learned late)
78462,Stormleather Sash,Leatherworking,True,item,0,525,db2:item-req,520,530,,67072,False,orange>yellow: orange tier empty (learned late)
78463,Corded Viper Belt,Leatherworking,True,item,0,525,db2:item-req,520,530,,67073,False,orange>yellow: orange tier empty (learned late)
78464,Bloodthirsty Wyrmhide Shoulders,Leatherworking,True,item,0,520,db2:item-req,525,535,,67074,False,
78467,Bloodthirsty Wyrmhide Chest,Leatherworking,True,item,0,520,db2:item-req,525,535,,67075,False,
78468,Bloodthirsty Leather Belt,Leatherworking,True,item,0,520,db2:item-req,525,535,,67076,False,
78469,Bloodthirsty Leather Helm,Leatherworking,True,item,0,520,db2:item-req,525,535,,67077,False,
78470,Bloodthirsty Charscale Shoulders,Leatherworking,True,item,0,520,db2:item-req,525,535,,67078,False,
78471,Bloodthirsty Charscale Legs,Leatherworking,True,item,0,520,db2:item-req,525,535,,67079,False,
78473,Bloodthirsty Dragonscale Belt,Leatherworking,True,item,0,520,db2:item-req,525,535,,67080,False,
78474,Bloodthirsty Dragonscale Helm,Leatherworking,True,item,0,520,db2:item-req,525,535,,67081,False,
78475,Razor-Edged Cloak,Leatherworking,True,item,0,525,db2:item-req,530,540,,67082,False,
78476,Twilight Dragonscale Cloak,Leatherworking,True,item,0,525,db2:item-req,530,540,,67083,False,
78477,Dragonscale Leg Armor,Leatherworking,True,item,0,525,db2:item-req,530,540,,68193,False,
78478,Charscale Leg Armor,Leatherworking,True,item,0,525,db2:item-req,530,540,,67084,False,
78479,Bloodthirsty Wyrmhide Legs,Leatherworking,True,item,0,525,db2:item-req,530,540,,67085,False,
78480,Bloodthirsty Wyrmhide Helm,Leatherworking,True,item,0,525,db2:item-req,530,540,,67086,False,
78481,Bloodthirsty Leather Chest,Leatherworking,True,item,0,525,db2:item-req,530,540,,67087,False,
78482,Bloodthirsty Leather Legs,Leatherworking,True,item,0,525,db2:item-req,530,540,,67089,False,
78483,Bloodthirsty Charscale Chest,Leatherworking,True,item,0,525,db2:item-req,530,540,,67090,False,
78484,Bloodthirsty Charscale Helm,Leatherworking,True,item,0,525,db2:item-req,530,540,,67091,False,
78485,Bloodthirsty Dragonscale Legs,Leatherworking,True,item,0,525,db2:item-req,530,540,,67092,False,
78486,Bloodthirsty Dragonscale Chest,Leatherworking,True,item,0,525,db2:item-req,530,540,,67093,False,
78487,Chestguard of Nature's Fury,Leatherworking,True,item,0,525,db2:item-req,530,540,,67094,False,
78488,Assassin's Chestplate,Leatherworking,True,item,0,525,db2:item-req,530,540,,67095,False,
78489,Twilight Scale Chestguard,Leatherworking,True,item,0,525,db2:item-req,530,540,,67096,False,
78490,Dragonkiller Tunic,Leatherworking,True,item,0,525,db2:item-req,530,540,,67100,False,
81199,Leatherworking,Leatherworking,False,trainer-rank,0,,,,,,,False,
84950,Savage Leather,Leatherworking,True,residue,0,,,435,450,,,False,
85007,Fur Lining - Stamina,Leatherworking,True,auto,1,500,db2:minskill,490,505,500,,False,orange>yellow: orange tier empty (learned late)
85008,Fur Lining - Agility,Leatherworking,True,auto,1,500,db2:minskill,490,505,500,,False,orange>yellow: orange tier empty (learned late)
85009,Fur Lining - Strength,Leatherworking,True,auto,1,500,db2:minskill,490,505,500,,False,orange>yellow: orange tier empty (learned late)
85010,Fur Lining - Intellect,Leatherworking,True,auto,1,500,db2:minskill,490,505,500,,False,orange>yellow: orange tier empty (learned late)
99443,Dragonfire Gloves,Leatherworking,True,item,0,525,db2:item-req,525,530,,69960,False,
99445,Gloves of Unforgiving Flame,Leatherworking,True,item,0,525,db2:item-req,525,530,,69961,False,
99446,Clutches of Evil,Leatherworking,True,item,0,525,db2:item-req,525,530,,69962,False,
99447,Heavenly Gloves of the Moon,Leatherworking,True,item,0,525,db2:item-req,525,530,,69963,False,
99455,Earthen Scale Sabatons,Leatherworking,True,item,0,525,db2:item-req,525,530,,69971,False,
99456,Footwraps of Quenched Fire,Leatherworking,True,item,0,525,db2:item-req,525,530,,69972,False,
99457,Treads of the Craft,Leatherworking,True,item,0,525,db2:item-req,525,530,,69973,False,
99458,Ethereal Footfalls,Leatherworking,True,item,0,525,db2:item-req,525,530,,69974,False,
99535,Vicious Hide Cloak,Leatherworking,True,residue,0,,,510,515,,,False,
99536,Vicious Fur Cloak,Leatherworking,True,residue,0,,,510,515,,,False,
100583,Royal Scribe's Satchel,Leatherworking,True,item,0,510,db2:item-req,520,535,,70174,False,
100586,Triple-Reinforced Mining Bag,Leatherworking,True,item,0,500,db2:item-req,520,535,,70175,False,
101599,Drakehide Leg Armor,Leatherworking,True,item,0,525,db2:item-req,530,540,,71721,False,
101933,Leggings of Nature's Champion,Leatherworking,True,item,0,525,db2:item-req,525,535,,71999,False,
101934,Deathscale Leggings,Leatherworking,True,item,0,525,db2:item-req,525,535,,72005,False,
101935,Bladeshadow Leggings,Leatherworking,True,item,0,525,db2:item-req,525,535,,72006,False,
101936,Rended Earth Leggings,Leatherworking,True,item,0,525,db2:item-req,525,535,,72007,False,
101937,Bracers of Flowing Serenity,Leatherworking,True,item,0,525,db2:item-req,525,535,,72008,False,
101939,Thundering Deathscale Wristguards,Leatherworking,True,item,0,525,db2:item-req,525,535,,72009,False,
101940,Bladeshadow Wristguards,Leatherworking,True,item,0,525,db2:item-req,525,535,,72010,False,
101941,Bracers of the Hunter-Killer,Leatherworking,True,item,0,525,db2:item-req,525,535,,72011,False,
102366,Mist-Touched Leather,Leatherworking,True,residue,0,,,525,535,,,False,
110423,Leatherworking,Leatherworking,False,trainer-rank,0,,,,,,,False,
124124,Sha-Touched Leg Armor,Leatherworking,True,item,0,540,db2:item-req,560,600,,86296,False,
124125,Toughened Leg Armor,Leatherworking,True,item,0,550,db2:item-req,570,600,,86307,False,
124126,Brutal Leg Armor,Leatherworking,True,item,0,550,db2:item-req,550,600,,86236,False,
124127,Angerhide Leg Armor,Leatherworking,True,item,0,575,db2:item-req,600,605,,86235,False,
124128,Ironscale Leg Armor,Leatherworking,True,item,0,575,db2:item-req,600,605,,86276,False,
124129,Shadowleather Leg Armor,Leatherworking,True,item,0,575,db2:item-req,600,605,,86295,False,
124549,Fur Lining - Strength,Leatherworking,True,residue,0,,,425,435,,,False,
124551,Fur Lining - Agility,Leatherworking,True,auto,1,575,db2:minskill,,,575,,False,
124552,Fur Lining - Intellect,Leatherworking,True,auto,1,575,db2:minskill,,,575,,False,
124553,Fur Lining - Stamina,Leatherworking,True,auto,1,575,db2:minskill,,,575,,False,
124554,Fur Lining - Strength,Leatherworking,True,auto,1,575,db2:minskill,,,575,,False,
124559,Primal Leg Reinforcements,Leatherworking,True,auto,1,575,db2:minskill,,,575,,False,
124561,Draconic Leg Reinforcements,Leatherworking,True,auto,1,575,db2:minskill,,,575,,False,
124563,Heavy Leg Reinforcements,Leatherworking,True,auto,1,575,db2:minskill,,,575,,False,
124564,Primal Leg Reinforcements,Leatherworking,True,auto,1,500,db2:minskill,,,500,,False,
124565,Heavy Leg Reinforcements,Leatherworking,True,auto,1,500,db2:minskill,,,500,,False,
124566,Draconic Leg Reinforcements,Leatherworking,True,auto,1,500,db2:minskill,,,500,,False,
124567,Primal Leg Reinforcements,Leatherworking,True,residue,0,,,,,,,False,
124568,Heavy Leg Reinforcements,Leatherworking,True,residue,0,,,,,,,False,
124569,Draconic Leg Reinforcements,Leatherworking,True,residue,0,,,,,,,False,
124571,Misthide Helm,Leatherworking,True,item,0,550,db2:item-req,570,600,,86292,False,
124572,Misthide Shoulders,Leatherworking,True,item,0,535,db2:item-req,555,600,,86294,False,
124573,Misthide Chestguard,Leatherworking,True,item,0,550,db2:item-req,575,600,,86290,False,
124574,Misthide Gloves,Leatherworking,True,item,0,525,db2:item-req,560,600,,86291,False,
124575,Misthide Leggings,Leatherworking,True,item,0,525,db2:item-req,565,600,,86293,False,
124576,Misthide Bracers,Leatherworking,True,item,0,500,db2:item-req,545,600,,86289,False,
124577,Misthide Boots,Leatherworking,True,item,0,525,db2:item-req,540,600,,86288,False,
124578,Misthide Belt,Leatherworking,True,item,0,525,db2:item-req,550,600,,86287,False,
124579,Stormscale Helm,Leatherworking,True,item,0,550,db2:item-req,565,600,,86304,False,
124580,Stormscale Shoulders,Leatherworking,True,item,0,535,db2:item-req,560,600,,86306,False,
124581,Stormscale Chestguard,Leatherworking,True,item,0,550,db2:item-req,570,600,,86301,False,
124582,Stormscale Gloves,Leatherworking,True,item,0,525,db2:item-req,555,600,,86303,False,
124583,Stormscale Leggings,Leatherworking,True,item,0,525,db2:item-req,575,600,,86305,False,
124584,Stormscale Bracers,Leatherworking,True,item,0,500,db2:item-req,540,600,,86300,False,
124585,Stormscale Boots,Leatherworking,True,item,0,525,db2:item-req,550,600,,86299,False,
124586,Stormscale Belt,Leatherworking,True,item,0,525,db2:item-req,545,600,,86298,False,
124587,Contender's Wyrmhide Helm,Leatherworking,True,item,0,590,db2:item-req,600,605,,86269,False,
124588,Contender's Wyrmhide Shoulders,Leatherworking,True,item,0,575,db2:item-req,600,605,,86271,False,
124589,Contender's Wyrmhide Chestguard,Leatherworking,True,item,0,590,db2:item-req,600,605,,86267,False,
124590,Contender's Wyrmhide Gloves,Leatherworking,True,item,0,565,db2:item-req,600,605,,86268,False,
124591,Contender's Wyrmhide Leggings,Leatherworking,True,item,0,565,db2:item-req,600,605,,86270,False,
124592,Contender's Wyrmhide Bracers,Leatherworking,True,item,0,555,db2:item-req,600,605,,86266,False,
124593,Contender's Wyrmhide Boots,Leatherworking,True,item,0,565,db2:item-req,600,605,,86265,False,
124594,Contender's Wyrmhide Belt,Leatherworking,True,item,0,565,db2:item-req,600,605,,86264,False,
124595,Contender's Scale Helm,Leatherworking,True,item,0,590,db2:item-req,600,605,,86261,False,
124596,Contender's Scale Shoulders,Leatherworking,True,item,0,575,db2:item-req,600,605,,86263,False,
124597,Contender's Scale Chestguard,Leatherworking,True,item,0,590,db2:item-req,600,605,,86259,False,
124598,Contender's Scale Gloves,Leatherworking,True,item,0,565,db2:item-req,600,605,,86260,False,
124599,Contender's Scale Leggings,Leatherworking,True,item,0,565,db2:item-req,600,605,,86262,False,
124600,Contender's Scale Bracers,Leatherworking,True,item,0,555,db2:item-req,600,605,,86258,False,
124601,Contender's Scale Boots,Leatherworking,True,item,0,565,db2:item-req,600,605,,86257,False,
124602,Contender's Scale Belt,Leatherworking,True,item,0,565,db2:item-req,600,605,,86256,False,
124603,Contender's Leather Helm,Leatherworking,True,item,0,590,db2:item-req,600,605,,86253,False,
124604,Contender's Leather Shoulders,Leatherworking,True,item,0,575,db2:item-req,600,605,,86255,False,
124605,Contender's Leather Chestguard,Leatherworking,True,item,0,590,db2:item-req,600,605,,86251,False,
124606,Contender's Leather Gloves,Leatherworking,True,item,0,565,db2:item-req,600,605,,86252,False,
124607,Contender's Leather Leggings,Leatherworking,True,item,0,565,db2:item-req,600,605,,86254,False,
124608,Contender's Leather Bracers,Leatherworking,True,item,0,555,db2:item-req,600,605,,86250,False,
124609,Contender's Leather Boots,Leatherworking,True,item,0,565,db2:item-req,600,605,,86249,False,
124610,Contender's Leather Belt,Leatherworking,True,item,0,565,db2:item-req,600,605,,86248,False,
124611,Contender's Dragonscale Helm,Leatherworking,True,item,0,590,db2:item-req,600,605,,86245,False,
124612,Contender's Dragonscale Shoulders,Leatherworking,True,item,0,575,db2:item-req,600,605,,86247,False,
124613,Contender's Dragonscale Chestguard,Leatherworking,True,item,0,590,db2:item-req,600,605,,86243,False,
124614,Contender's Dragonscale Gloves,Leatherworking,True,item,0,565,db2:item-req,600,605,,86244,False,
124615,Contender's Dragonscale Leggings,Leatherworking,True,item,0,565,db2:item-req,600,605,,86246,False,
124616,Contender's Dragonscale Bracers,Leatherworking,True,item,0,555,db2:item-req,600,605,,86242,False,
124617,Contender's Dragonscale Boots,Leatherworking,True,item,0,565,db2:item-req,600,605,,86241,False,
124618,Contender's Dragonscale Belt,Leatherworking,True,item,0,565,db2:item-req,600,605,,86240,False,
124619,Greyshadow Chestguard,Leatherworking,True,item,0,600,db2:item-req,605,615,,86274,False,
124620,Greyshadow Gloves,Leatherworking,True,item,0,600,db2:item-req,605,615,,86275,False,
124621,Wildblood Vest,Leatherworking,True,item,0,600,db2:item-req,605,615,,86309,False,
124622,Wildblood Gloves,Leatherworking,True,item,0,600,db2:item-req,605,615,,86308,False,
124623,Lifekeeper's Robe,Leatherworking,True,item,0,600,db2:item-req,605,615,,86278,False,
124624,Lifekeeper's Gloves,Leatherworking,True,item,0,600,db2:item-req,605,615,,86277,False,
124625,Chestguard of Earthen Harmony,Leatherworking,True,item,0,600,db2:item-req,605,615,,86237,False,
124626,Gloves of Earthen Harmony,Leatherworking,True,item,0,600,db2:item-req,605,615,,86273,False,
124627,Mist-Touched Leather,Leatherworking,True,item,0,500,db2:item-req,525,535,,86286,False,
124628,Sha Armor Kit,Leatherworking,True,item,0,525,db2:item-req,535,545,,86285,False,
124635,Misthide Drape,Leatherworking,True,item,0,530,db2:item-req,570,595,,86239,False,
124636,Stormscale Drape,Leatherworking,True,item,0,570,db2:item-req,575,600,,86302,False,
124637,Quick Strike Cloak,Leatherworking,True,item,0,580,db2:item-req,575,600,,86282,False,orange>yellow: orange tier empty (learned late)
124638,Chestguard of Nemeses,Leatherworking,True,item,0,600,db2:item-req,605,615,,86238,False,
124639,Murderer's Gloves,Leatherworking,True,item,0,600,db2:item-req,605,615,,86280,False,
124640,Nightfire Robe,Leatherworking,True,item,0,600,db2:item-req,605,615,,86281,False,
124641,Liferuned Leather Gloves,Leatherworking,True,item,0,600,db2:item-req,605,615,,86279,False,
124642,Stormbreaker Chestguard,Leatherworking,True,item,0,600,db2:item-req,605,615,,86297,False,
124643,Fists of Lightning,Leatherworking,True,item,0,600,db2:item-req,605,615,,86272,False,
124644,Raiment of Blood and Bone,Leatherworking,True,item,0,600,db2:item-req,605,615,,86283,False,
124645,Raven Lord's Gloves,Leatherworking,True,item,0,600,db2:item-req,605,615,,86284,False,
131865,Magnificent Hide,Leatherworking,True,residue,0,,,550,550,,,False,
137809,Crafted Dreadful Gladiator's Dragonhide Gloves,Leatherworking,True,residue,0,,,605,615,,,False,
137810,Crafted Dreadful Gladiator's Dragonhide Helm,Leatherworking,True,residue,0,,,605,615,,,False,
137811,Crafted Dreadful Gladiator's Dragonhide Legguards,Leatherworking,True,residue,0,,,605,615,,,False,
137812,Crafted Dreadful Gladiator's Dragonhide Robes,Leatherworking,True,residue,0,,,605,615,,,False,
137813,Crafted Dreadful Gladiator's Dragonhide Spaulders,Leatherworking,True,residue,0,,,605,615,,,False,
137814,Crafted Dreadful Gladiator's Belt of Meditation,Leatherworking,True,residue,0,,,605,615,,,False,
137815,Crafted Dreadful Gladiator's Leather Footguards of Meditation,Leatherworking,True,residue,0,,,605,615,,,False,
137816,Crafted Dreadful Gladiator's Bindings of Meditation,Leatherworking,True,residue,0,,,605,615,,,False,
137817,Crafted Dreadful Gladiator's Kodohide Gloves,Leatherworking,True,residue,0,,,605,615,,,False,
137818,Crafted Dreadful Gladiator's Kodohide Helm,Leatherworking,True,residue,0,,,605,615,,,False,
137819,Crafted Dreadful Gladiator's Kodohide Legguards,Leatherworking,True,residue,0,,,605,615,,,False,
137820,Crafted Dreadful Gladiator's Kodohide Robes,Leatherworking,True,residue,0,,,605,615,,,False,
137821,Crafted Dreadful Gladiator's Kodohide Spaulders,Leatherworking,True,residue,0,,,605,615,,,False,
137822,Crafted Dreadful Gladiator's Belt of Cruelty,Leatherworking,True,residue,0,,,605,615,,,False,
137823,Crafted Dreadful Gladiator's Leather Footguards of Alacrity,Leatherworking,True,residue,0,,,605,615,,,False,
137824,Crafted Dreadful Gladiator's Bindings of Prowess,Leatherworking,True,residue,0,,,605,615,,,False,
137825,Crafted Dreadful Gladiator's Wyrmhide Gloves,Leatherworking,True,residue,0,,,605,615,,,False,
137826,Crafted Dreadful Gladiator's Wyrmhide Helm,Leatherworking,True,residue,0,,,605,615,,,False,
137827,Crafted Dreadful Gladiator's Wyrmhide Legguards,Leatherworking,True,residue,0,,,605,615,,,False,
137828,Crafted Dreadful Gladiator's Wyrmhide Robes,Leatherworking,True,residue,0,,,605,615,,,False,
137829,Crafted Dreadful Gladiator's Wyrmhide Spaulders,Leatherworking,True,residue,0,,,605,615,,,False,
137830,Crafted Dreadful Gladiator's Waistband of Cruelty,Leatherworking,True,residue,0,,,605,615,,,False,
137831,Crafted Dreadful Gladiator's Boots of Alacrity,Leatherworking,True,residue,0,,,605,615,,,False,
137832,Crafted Dreadful Gladiator's Armwraps of Accuracy,Leatherworking,True,residue,0,,,605,615,,,False,
137833,Crafted Dreadful Gladiator's Ironskin Gloves,Leatherworking,True,residue,0,,,605,615,,,False,
137834,Crafted Dreadful Gladiator's Ironskin Helm,Leatherworking,True,residue,0,,,605,615,,,False,
137835,Crafted Dreadful Gladiator's Ironskin Legguards,Leatherworking,True,residue,0,,,605,615,,,False,
137836,Crafted Dreadful Gladiator's Ironskin Spaulders,Leatherworking,True,residue,0,,,605,615,,,False,
137837,Crafted Dreadful Gladiator's Ironskin Tunic,Leatherworking,True,residue,0,,,605,615,,,False,
137838,Crafted Dreadful Gladiator's Copperskin Gloves,Leatherworking,True,residue,0,,,605,615,,,False,
137839,Crafted Dreadful Gladiator's Copperskin Helm,Leatherworking,True,residue,0,,,605,615,,,False,
137840,Crafted Dreadful Gladiator's Copperskin Legguards,Leatherworking,True,residue,0,,,605,615,,,False,
137841,Crafted Dreadful Gladiator's Copperskin Spaulders,Leatherworking,True,residue,0,,,605,615,,,False,
137842,Crafted Dreadful Gladiator's Copperskin Tunic,Leatherworking,True,residue,0,,,605,615,,,False,
137843,Crafted Dreadful Gladiator's Waistband of Accuracy,Leatherworking,True,residue,0,,,605,615,,,False,
137844,Crafted Dreadful Gladiator's Boots of Cruelty,Leatherworking,True,residue,0,,,605,615,,,False,
137845,Crafted Dreadful Gladiator's Armwraps of Alacrity,Leatherworking,True,residue,0,,,605,615,,,False,
137846,Crafted Dreadful Gladiator's Leather Tunic,Leatherworking,True,residue,0,,,605,615,,,False,
137847,Crafted Dreadful Gladiator's Leather Gloves,Leatherworking,True,residue,0,,,605,615,,,False,
137848,Crafted Dreadful Gladiator's Leather Helm,Leatherworking,True,residue,0,,,605,615,,,False,
137849,Crafted Dreadful Gladiator's Leather Legguards,Leatherworking,True,residue,0,,,605,615,,,False,
137850,Crafted Dreadful Gladiator's Leather Spaulders,Leatherworking,True,residue,0,,,605,615,,,False,
137851,Crafted Dreadful Gladiator's Links of Cruelty,Leatherworking,True,residue,0,,,605,615,,,False,
137852,Crafted Dreadful Gladiator's Links of Accuracy,Leatherworking,True,residue,0,,,605,615,,,False,
137853,Crafted Dreadful Gladiator's Sabatons of Cruelty,Leatherworking,True,residue,0,,,605,615,,,False,
137854,Crafted Dreadful Gladiator's Sabatons of Alacrity,Leatherworking,True,residue,0,,,605,615,,,False,
137855,Crafted Dreadful Gladiator's Wristguards of Alacrity,Leatherworking,True,residue,0,,,605,615,,,False,
137856,Crafted Dreadful Gladiator's Wristguards of Accuracy,Leatherworking,True,residue,0,,,605,615,,,False,
137857,Crafted Dreadful Gladiator's Chain Armor,Leatherworking,True,residue,0,,,605,615,,,False,
137858,Crafted Dreadful Gladiator's Chain Gauntlets,Leatherworking,True,residue,0,,,605,615,,,False,
137859,Crafted Dreadful Gladiator's Chain Helm,Leatherworking,True,residue,0,,,605,615,,,False,
137860,Crafted Dreadful Gladiator's Chain Leggings,Leatherworking,True,residue,0,,,605,615,,,False,
137861,Crafted Dreadful Gladiator's Chain Spaulders,Leatherworking,True,residue,0,,,605,615,,,False,
137862,Crafted Dreadful Gladiator's Waistguard of Meditation,Leatherworking,True,residue,0,,,605,615,,,False,
137863,Crafted Dreadful Gladiator's Mail Footguards of Alacrity,Leatherworking,True,residue,0,,,605,615,,,False,
137864,Crafted Dreadful Gladiator's Mail Footguards of Meditation,Leatherworking,True,residue,0,,,605,615,,,False,
137865,Crafted Dreadful Gladiator's Armbands of Prowess,Leatherworking,True,residue,0,,,605,615,,,False,
137866,Crafted Dreadful Gladiator's Armbands of Meditation,Leatherworking,True,residue,0,,,605,615,,,False,
137867,Crafted Dreadful Gladiator's Ringmail Armor,Leatherworking,True,residue,0,,,605,615,,,False,
137868,Crafted Dreadful Gladiator's Ringmail Gauntlets,Leatherworking,True,residue,0,,,605,615,,,False,
137869,Crafted Dreadful Gladiator's Ringmail Helm,Leatherworking,True,residue,0,,,605,615,,,False,
137870,Crafted Dreadful Gladiator's Ringmail Leggings,Leatherworking,True,residue,0,,,605,615,,,False,
137871,Crafted Dreadful Gladiator's Ringmail Spaulders,Leatherworking,True,residue,0,,,605,615,,,False,
137872,Crafted Dreadful Gladiator's Linked Armor,Leatherworking,True,residue,0,,,605,615,,,False,
137873,Crafted Dreadful Gladiator's Linked Gauntlets,Leatherworking,True,residue,0,,,605,615,,,False,
137874,Crafted Dreadful Gladiator's Linked Helm,Leatherworking,True,residue,0,,,605,615,,,False,
137875,Crafted Dreadful Gladiator's Linked Leggings,Leatherworking,True,residue,0,,,605,615,,,False,
137876,Crafted Dreadful Gladiator's Linked Spaulders,Leatherworking,True,residue,0,,,605,615,,,False,
137877,Crafted Dreadful Gladiator's Waistguard of Cruelty,Leatherworking,True,residue,0,,,605,615,,,False,
137878,Crafted Dreadful Gladiator's Mail Armor,Leatherworking,True,residue,0,,,605,615,,,False,
137879,Crafted Dreadful Gladiator's Mail Gauntlets,Leatherworking,True,residue,0,,,605,615,,,False,
137880,Crafted Dreadful Gladiator's Mail Helm,Leatherworking,True,residue,0,,,605,615,,,False,
137881,Crafted Dreadful Gladiator's Mail Leggings,Leatherworking,True,residue,0,,,605,615,,,False,
137882,Crafted Dreadful Gladiator's Mail Spaulders,Leatherworking,True,residue,0,,,605,615,,,False,
138589,Quilen Hide Boots,Leatherworking,True,residue,0,,,605,615,,,False,
138590,Quilen Hide Helm,Leatherworking,True,residue,0,,,605,615,,,False,
138591,Dreadrunner Sabatons,Leatherworking,True,residue,0,,,605,615,,,False,
138592,Dreadrunner Helm,Leatherworking,True,residue,0,,,605,615,,,False,
138593,Spirit Keeper Footguards,Leatherworking,True,residue,0,,,605,615,,,False,
138594,Spirit Keeper Helm,Leatherworking,True,residue,0,,,605,615,,,False,
138595,Cloud Serpent Sabatons,Leatherworking,True,residue,0,,,605,615,,,False,
138596,Cloud Serpent Helm,Leatherworking,True,residue,0,,,605,615,,,False,
140040,Magnificence of Leather,Leatherworking,True,item,0,500,db2:item-req,605,615,,95467,False,
140041,Magnificence of Scales,Leatherworking,True,item,0,500,db2:item-req,605,615,,95468,False,
140185,Magnificent Hide Pack,Leatherworking,True,residue,0,,,595,600,,,False,
142952,Pennyroyal Leggings,Leatherworking,True,residue,0,,,605,618,,,False,
142953,Krasari Prowler Britches,Leatherworking,True,residue,0,,,605,618,,,False,
142956,Snow Lily Britches,Leatherworking,True,residue,0,,,605,618,,,False,
142957,Gorge Stalker Legplates,Leatherworking,True,residue,0,,,605,618,,,False,
142961,Pennyroyal Belt,Leatherworking,True,residue,0,,,605,618,,,False,
142962,Krasari Prowler Belt,Leatherworking,True,residue,0,,,605,618,,,False,
142965,Snow Lily Belt,Leatherworking,True,residue,0,,,605,618,,,False,
142966,Gorge Stalker Belt,Leatherworking,True,residue,0,,,605,618,,,False,
142976,Hardened Magnificent Hide,Leatherworking,True,residue,0,,,605,619,,,False,
143089,Crafted Malevolent Gladiator's Dragonhide Gloves,Leatherworking,True,residue,0,,,605,616,,,False,
143090,Crafted Malevolent Gladiator's Dragonhide Helm,Leatherworking,True,residue,0,,,605,616,,,False,
143091,Crafted Malevolent Gladiator's Dragonhide Legguards,Leatherworking,True,residue,0,,,605,616,,,False,
143092,Crafted Malevolent Gladiator's Dragonhide Robes,Leatherworking,True,residue,0,,,605,616,,,False,
143093,Crafted Malevolent Gladiator's Dragonhide Spaulders,Leatherworking,True,residue,0,,,605,616,,,False,
143094,Crafted Malevolent Gladiator's Belt of Meditation,Leatherworking,True,residue,0,,,605,616,,,False,
143095,Crafted Malevolent Gladiator's Footguards of Meditation,Leatherworking,True,residue,0,,,605,616,,,False,
143096,Crafted Malevolent Gladiator's Bindings of Meditation,Leatherworking,True,residue,0,,,605,616,,,False,
143097,Crafted Malevolent Gladiator's Kodohide Gloves,Leatherworking,True,residue,0,,,605,616,,,False,
143098,Crafted Malevolent Gladiator's Kodohide Helm,Leatherworking,True,residue,0,,,605,616,,,False,
143099,Crafted Malevolent Gladiator's Kodohide Legguards,Leatherworking,True,residue,0,,,605,616,,,False,
143100,Crafted Malevolent Gladiator's Kodohide Robes,Leatherworking,True,residue,0,,,605,616,,,False,
143101,Crafted Malevolent Gladiator's Kodohide Spaulders,Leatherworking,True,residue,0,,,605,616,,,False,
143102,Crafted Malevolent Gladiator's Belt of Cruelty,Leatherworking,True,residue,0,,,605,616,,,False,
143103,Crafted Malevolent Gladiator's Footguards of Alacrity,Leatherworking,True,residue,0,,,605,616,,,False,
143104,Crafted Malevolent Gladiator's Bindings of Prowess,Leatherworking,True,residue,0,,,605,616,,,False,
143105,Crafted Malevolent Gladiator's Wyrmhide Gloves,Leatherworking,True,residue,0,,,605,616,,,False,
143106,Crafted Malevolent Gladiator's Wyrmhide Helm,Leatherworking,True,residue,0,,,605,616,,,False,
143107,Crafted Malevolent Gladiator's Wyrmhide Legguards,Leatherworking,True,residue,0,,,605,616,,,False,
143108,Crafted Malevolent Gladiator's Wyrmhide Robes,Leatherworking,True,residue,0,,,605,616,,,False,
143109,Crafted Malevolent Gladiator's Wyrmhide Spaulders,Leatherworking,True,residue,0,,,605,616,,,False,
143110,Crafted Malevolent Gladiator's Waistband of Cruelty,Leatherworking,True,residue,0,,,605,616,,,False,
143111,Crafted Malevolent Gladiator's Boots of Alacrity,Leatherworking,True,residue,0,,,605,616,,,False,
143112,Crafted Malevolent Gladiator's Armwraps of Accuracy,Leatherworking,True,residue,0,,,605,616,,,False,
143113,Crafted Malevolent Gladiator's Ironskin Gloves,Leatherworking,True,residue,0,,,605,616,,,False,
143114,Crafted Malevolent Gladiator's Ironskin Helm,Leatherworking,True,residue,0,,,605,616,,,False,
143115,Crafted Malevolent Gladiator's Ironskin Legguards,Leatherworking,True,residue,0,,,605,616,,,False,
143116,Crafted Malevolent Gladiator's Ironskin Spaulders,Leatherworking,True,residue,0,,,605,616,,,False,
143117,Crafted Malevolent Gladiator's Ironskin Tunic,Leatherworking,True,residue,0,,,605,616,,,False,
143118,Crafted Malevolent Gladiator's Copperskin Gloves,Leatherworking,True,residue,0,,,605,616,,,False,
143119,Crafted Malevolent Gladiator's Copperskin Helm,Leatherworking,True,residue,0,,,605,616,,,False,
143120,Crafted Malevolent Gladiator's Copperskin Legguards,Leatherworking,True,residue,0,,,605,616,,,False,
143121,Crafted Malevolent Gladiator's Copperskin Spaulders,Leatherworking,True,residue,0,,,605,616,,,False,
143122,Crafted Malevolent Gladiator's Copperskin Tunic,Leatherworking,True,residue,0,,,605,616,,,False,
143123,Crafted Malevolent Gladiator's Waistband of Accuracy,Leatherworking,True,residue,0,,,605,616,,,False,
143124,Crafted Malevolent Gladiator's Boots of Cruelty,Leatherworking,True,residue,0,,,605,616,,,False,
143125,Crafted Malevolent Gladiator's Armwraps of Alacrity,Leatherworking,True,residue,0,,,605,616,,,False,
143126,Crafted Malevolent Gladiator's Leather Tunic,Leatherworking,True,residue,0,,,605,616,,,False,
143127,Crafted Malevolent Gladiator's Leather Gloves,Leatherworking,True,residue,0,,,605,616,,,False,
143128,Crafted Malevolent Gladiator's Leather Helm,Leatherworking,True,residue,0,,,605,616,,,False,
143129,Crafted Malevolent Gladiator's Leather Legguards,Leatherworking,True,residue,0,,,605,616,,,False,
143130,Crafted Malevolent Gladiator's Leather Spaulders,Leatherworking,True,residue,0,,,605,616,,,False,
143131,Crafted Malevolent Gladiator's Links of Cruelty,Leatherworking,True,residue,0,,,605,616,,,False,
143132,Crafted Malevolent Gladiator's Links of Accuracy,Leatherworking,True,residue,0,,,605,616,,,False,
143133,Crafted Malevolent Gladiator's Sabatons of Cruelty,Leatherworking,True,residue,0,,,605,616,,,False,
143134,Crafted Malevolent Gladiator's Sabatons of Alacrity,Leatherworking,True,residue,0,,,605,616,,,False,
143135,Crafted Malevolent Gladiator's Wristguards of Alacrity,Leatherworking,True,residue,0,,,605,616,,,False,
143136,Crafted Malevolent Gladiator's Wristguards of Accuracy,Leatherworking,True,residue,0,,,605,616,,,False,
143137,Crafted Malevolent Gladiator's Chain Armor,Leatherworking,True,residue,0,,,605,616,,,False,
143138,Crafted Malevolent Gladiator's Chain Gauntlets,Leatherworking,True,residue,0,,,605,616,,,False,
143139,Crafted Malevolent Gladiator's Chain Helm,Leatherworking,True,residue,0,,,605,616,,,False,
143140,Crafted Malevolent Gladiator's Chain Leggings,Leatherworking,True,residue,0,,,605,616,,,False,
143141,Crafted Malevolent Gladiator's Chain Spaulders,Leatherworking,True,residue,0,,,605,616,,,False,
143142,Crafted Malevolent Gladiator's Waistguard of Meditation,Leatherworking,True,residue,0,,,605,616,,,False,
143143,Crafted Malevolent Gladiator's Footguards of Alacrity,Leatherworking,True,residue,0,,,605,616,,,False,
143144,Crafted Malevolent Gladiator's Footguards of Meditation,Leatherworking,True,residue,0,,,605,616,,,False,
143145,Crafted Malevolent Gladiator's Armbands of Prowess,Leatherworking,True,residue,0,,,605,616,,,False,
143146,Crafted Malevolent Gladiator's Armbands of Meditation,Leatherworking,True,residue,0,,,605,616,,,False,
143147,Crafted Malevolent Gladiator's Ringmail Armor,Leatherworking,True,residue,0,,,605,616,,,False,
143148,Crafted Malevolent Gladiator's Ringmail Gauntlets,Leatherworking,True,residue,0,,,605,616,,,False,
143149,Crafted Malevolent Gladiator's Ringmail Helm,Leatherworking,True,residue,0,,,605,616,,,False,
143150,Crafted Malevolent Gladiator's Ringmail Leggings,Leatherworking,True,residue,0,,,605,616,,,False,
143151,Crafted Malevolent Gladiator's Ringmail Spaulders,Leatherworking,True,residue,0,,,605,616,,,False,
143152,Crafted Malevolent Gladiator's Linked Armor,Leatherworking,True,residue,0,,,605,616,,,False,
143153,Crafted Malevolent Gladiator's Linked Gauntlets,Leatherworking,True,residue,0,,,605,616,,,False,
143154,Crafted Malevolent Gladiator's Linked Helm,Leatherworking,True,residue,0,,,605,616,,,False,
143155,Crafted Malevolent Gladiator's Linked Leggings,Leatherworking,True,residue,0,,,605,616,,,False,
143156,Crafted Malevolent Gladiator's Linked Spaulders,Leatherworking,True,residue,0,,,605,616,,,False,
143157,Crafted Malevolent Gladiator's Waistguard of Cruelty,Leatherworking,True,residue,0,,,605,616,,,False,
143158,Crafted Malevolent Gladiator's Mail Armor,Leatherworking,True,residue,0,,,605,616,,,False,
143159,Crafted Malevolent Gladiator's Mail Gauntlets,Leatherworking,True,residue,0,,,605,616,,,False,
143160,Crafted Malevolent Gladiator's Mail Helm,Leatherworking,True,residue,0,,,605,616,,,False,
143161,Crafted Malevolent Gladiator's Mail Leggings,Leatherworking,True,residue,0,,,605,616,,,False,
143162,Crafted Malevolent Gladiator's Mail Spaulders,Leatherworking,True,residue,0,,,605,616,,,False,
146613,Drums of Rage,Leatherworking,True,item,0,600,db2:item-req,595,600,,102513,False,orange>yellow: orange tier empty (learned late)
146923,Accelerated Hardened Magnificent Hide,Leatherworking,True,residue,0,,,605,619,,,False,
351766,Greater Drums of War,Leatherworking,True,item,0,375,db2:item-req,340,355,,185922,False,orange>yellow: orange tier empty (learned late)
351768,Greater Drums of Speed,Leatherworking,True,item,0,345,db2:item-req,345,360,,185923,False,
351769,Greater Drums of Restoration,Leatherworking,True,item,0,350,db2:item-req,350,365,,185924,False,
351770,Greater Drums of Panic,Leatherworking,True,item,0,370,db2:item-req,370,385,,185925,False,
351771,Greater Drums of Battle,Leatherworking,True,item,0,365,db2:item-req,365,380,,185926,False,
1216335,Bloodthirsty Fur Cloak,Leatherworking,True,residue,0,,,510,515,,,False,
1216336,Bloodthirsty Hide Cloak,Leatherworking,True,residue,0,,,510,515,,,False,
1224138,Vicious Charscale Belt,Leatherworking,True,item,0,515,db2:item-req,515,525,,238103,False,
1224139,Vicious Charscale Boots,Leatherworking,True,item,0,515,db2:item-req,520,530,,238102,False,
1224140,Vicious Charscale Bracers,Leatherworking,True,item,0,510,db2:item-req,505,515,,238094,False,orange>yellow: orange tier empty (learned late)
1224141,Vicious Charscale Chest,Leatherworking,True,item,0,525,db2:item-req,525,535,,238118,False,
1224142,Vicious Charscale Gloves,Leatherworking,True,item,0,510,db2:item-req,525,535,,238095,False,
1224143,Vicious Charscale Helm,Leatherworking,True,item,0,525,db2:item-req,525,535,,238119,False,
1224144,Vicious Charscale Legs,Leatherworking,True,item,0,520,db2:item-req,525,535,,238111,False,
1224145,Vicious Charscale Shoulders,Leatherworking,True,item,0,520,db2:item-req,515,525,,238110,False,orange>yellow: orange tier empty (learned late)
1224146,Vicious Dragonscale Belt,Leatherworking,True,item,0,520,db2:item-req,515,525,,238112,False,orange>yellow: orange tier empty (learned late)
1224147,Vicious Dragonscale Boots,Leatherworking,True,item,0,515,db2:item-req,520,530,,238104,False,
1224148,Vicious Dragonscale Bracers,Leatherworking,True,item,0,510,db2:item-req,505,515,,238096,False,orange>yellow: orange tier empty (learned late)
1224149,Vicious Dragonscale Chest,Leatherworking,True,item,0,525,db2:item-req,525,535,,238121,False,
1224150,Vicious Dragonscale Gloves,Leatherworking,True,item,0,515,db2:item-req,525,535,,238105,False,
1224151,Vicious Dragonscale Helm,Leatherworking,True,item,0,520,db2:item-req,525,535,,238113,False,
1224152,Vicious Dragonscale Legs,Leatherworking,True,item,0,525,db2:item-req,525,535,,238120,False,
1224153,Vicious Dragonscale Shoulders,Leatherworking,True,item,0,510,db2:item-req,515,525,,238097,False,
1224170,Vicious Leather Belt,Leatherworking,True,item,0,520,db2:item-req,515,525,,238108,False,orange>yellow: orange tier empty (learned late)
1224171,Vicious Leather Boots,Leatherworking,True,item,0,515,db2:item-req,520,530,,238100,False,
1224172,Vicious Leather Bracers,Leatherworking,True,item,0,510,db2:item-req,505,515,,238092,False,orange>yellow: orange tier empty (learned late)
1224173,Vicious Leather Chest,Leatherworking,True,item,0,525,db2:item-req,525,535,,238116,False,
1224174,Vicious Leather Gloves,Leatherworking,True,item,0,510,db2:item-req,525,535,,238093,False,
1224175,Vicious Leather Helm,Leatherworking,True,item,0,520,db2:item-req,525,535,,238109,False,
1224176,Vicious Leather Legs,Leatherworking,True,item,0,525,db2:item-req,525,535,,238117,False,
1224177,Vicious Leather Shoulders,Leatherworking,True,item,0,515,db2:item-req,515,525,,238101,False,
1224194,Vicious Wyrmhide Belt,Leatherworking,True,item,0,510,db2:item-req,515,525,,238091,False,
1224195,Vicious Wyrmhide Boots,Leatherworking,True,item,0,515,db2:item-req,520,530,,238099,False,
1224196,Vicious Wyrmhide Bracers,Leatherworking,True,item,0,510,db2:item-req,505,515,,238090,False,orange>yellow: orange tier empty (learned late)
1224197,Vicious Wyrmhide Chest,Leatherworking,True,item,0,520,db2:item-req,525,535,,238107,False,
1224198,Vicious Wyrmhide Gloves,Leatherworking,True,item,0,515,db2:item-req,525,535,,238098,False,
1224199,Vicious Wyrmhide Helm,Leatherworking,True,item,0,525,db2:item-req,525,535,,238115,False,
1224200,Vicious Wyrmhide Legs,Leatherworking,True,item,0,525,db2:item-req,525,535,,238114,False,
1224201,Vicious Wyrmhide Shoulders,Leatherworking,True,item,0,520,db2:item-req,515,525,,238106,False,orange>yellow: orange tier empty (learned late)
1224240,Bloodied Wyrmhide Bracers,Leatherworking,True,item,0,510,db2:item-req,505,515,,238145,False,orange>yellow: orange tier empty (learned late)
1224241,Bloodied Wyrmhide Belt,Leatherworking,True,item,0,510,db2:item-req,515,525,,238146,False,
1224242,Bloodied Leather Bracers,Leatherworking,True,item,0,510,db2:item-req,505,515,,238147,False,orange>yellow: orange tier empty (learned late)
1224243,Bloodied Leather Gloves,Leatherworking,True,item,0,510,db2:item-req,525,535,,238148,False,
1224244,Bloodied Scale Bracers,Leatherworking,True,item,0,510,db2:item-req,505,515,,238149,False,orange>yellow: orange tier empty (learned late)
1224245,Bloodied Scale Gloves,Leatherworking,True,item,0,510,db2:item-req,525,535,,238150,False,
1224246,Bloodied Dragonscale Bracers,Leatherworking,True,item,0,510,db2:item-req,505,515,,238151,False,orange>yellow: orange tier empty (learned late)
1224247,Bloodied Dragonscale Shoulders,Leatherworking,True,item,0,510,db2:item-req,515,525,,238152,False,
1224248,Bloodied Wyrmhide Gloves,Leatherworking,True,item,0,515,db2:item-req,525,535,,238153,False,
1224249,Bloodied Wyrmhide Boots,Leatherworking,True,item,0,515,db2:item-req,520,530,,238154,False,
1224250,Bloodied Leather Boots,Leatherworking,True,item,0,515,db2:item-req,520,530,,238155,False,
1224251,Bloodied Leather Shoulders,Leatherworking,True,item,0,515,db2:item-req,515,525,,238156,False,
1224252,Bloodied Scale Boots,Leatherworking,True,item,0,515,db2:item-req,520,530,,238157,False,
1224253,Bloodied Scale Belt,Leatherworking,True,item,0,515,db2:item-req,515,525,,238158,False,
1224254,Bloodied Dragonscale Boots,Leatherworking,True,item,0,515,db2:item-req,520,530,,238159,False,
1224255,Bloodied Dragonscale Gloves,Leatherworking,True,item,0,515,db2:item-req,525,535,,238160,False,
1224256,Bloodied Wyrmhide Shoulders,Leatherworking,True,item,0,520,db2:item-req,515,525,,238161,False,orange>yellow: orange tier empty (learned late)
1224257,Bloodied Wyrmhide Chest,Leatherworking,True,item,0,520,db2:item-req,525,535,,238162,False,
1224258,Bloodied Leather Belt,Leatherworking,True,item,0,520,db2:item-req,515,525,,238163,False,orange>yellow: orange tier empty (learned late)
1224259,Bloodied Leather Helm,Leatherworking,True,item,0,520,db2:item-req,525,535,,238164,False,
1224260,Bloodied Scale Shoulders,Leatherworking,True,item,0,520,db2:item-req,515,525,,238165,False,orange>yellow: orange tier empty (learned late)
1224261,Bloodied Scale Legs,Leatherworking,True,item,0,520,db2:item-req,525,535,,238166,False,
1224262,Bloodied Dragonscale Belt,Leatherworking,True,item,0,520,db2:item-req,515,525,,238167,False,orange>yellow: orange tier empty (learned late)
1224263,Bloodied Dragonscale Helm,Leatherworking,True,item,0,520,db2:item-req,525,535,,238168,False,
1224264,Bloodied Wyrmhide Legs,Leatherworking,True,item,0,525,db2:item-req,525,535,,238169,False,
1224265,Bloodied Wyrmhide Helm,Leatherworking,True,item,0,525,db2:item-req,525,535,,238170,False,
1224266,Bloodied Leather Chest,Leatherworking,True,item,0,525,db2:item-req,525,535,,238171,False,
1224267,Bloodied Leather Legs,Leatherworking,True,item,0,525,db2:item-req,525,535,,238172,False,
1224268,Bloodied Scale Chest,Leatherworking,True,item,0,525,db2:item-req,525,535,,238173,False,
1224269,Bloodied Scale Helm,Leatherworking,True,item,0,525,db2:item-req,525,535,,238174,False,
1224270,Bloodied Dragonscale Legs,Leatherworking,True,item,0,525,db2:item-req,525,535,,238175,False,
1224271,Bloodied Dragonscale Chest,Leatherworking,True,item,0,525,db2:item-req,525,535,,238176,False,
2575,Mining,Mining,False,trainer-rank,0,,,,,,,False,
2576,Mining,Mining,False,trainer-rank,0,,,,,,,False,
2580,Find Minerals,Mining,False,auto,1,,rule:orange1-candidate,,,,,False,
2656,Smelting,Mining,False,auto,1,,rule:orange1-candidate,,,,,False,
2657,Smelt Copper,Mining,True,auto,1,,rule:orange1-candidate,20,60,,,False,
2658,Smelt Silver,Mining,True,residue,0,,,100,110,,,False,
2659,Smelt Bronze,Mining,True,residue,0,,,50,100,,,False,
3304,Smelt Tin,Mining,True,residue,0,,,40,75,,,False,
3307,Smelt Iron,Mining,True,residue,0,,,100,150,,,False,
3308,Smelt Gold,Mining,True,residue,0,,,150,160,,,False,
3564,Mining,Mining,False,trainer-rank,0,,,,,,,False,
3569,Smelt Steel,Mining,True,residue,0,,,125,135,,,False,
8388,Find Minerals,Mining,False,non-craft,0,,,,,,,False,
10097,Smelt Mithril,Mining,True,residue,0,,,150,200,,,False,
10098,Smelt Truesilver,Mining,True,residue,0,,,200,210,,,False,
10248,Mining,Mining,False,trainer-rank,0,,,,,,,False,
14891,Smelt Dark Iron,Mining,True,special,0,,,300,310,,,False,
16153,Smelt Thorium,Mining,True,residue,0,,,200,290,,,False,
22967,Smelt Enchanted Elementium,Mining,True,item,0,300,db2:item-req,350,375,,44956,False,
29354,Mining,Mining,False,trainer-rank,0,,,,,,,False,
29356,Smelt Fel Iron,Mining,True,residue,0,,,275,325,,,False,
29358,Smelt Adamantite,Mining,True,residue,0,,,325,340,,,False,
29359,Smelt Eternium,Mining,True,residue,0,,,350,365,,,False,
29360,Smelt Felsteel,Mining,True,residue,0,,,340,375,,,False,
29361,Smelt Khorium,Mining,True,residue,0,,,385,400,,,False,
29686,Smelt Hardened Adamantite,Mining,True,residue,0,,,385,400,,,False,
32606,Mining,Mining,False,auto,1,,rule:orange1-candidate,,,,,False,
35750,Earth Shatter,Mining,True,residue,0,,,300,300,,,False,
35751,Fire Sunder,Mining,True,residue,0,,,300,300,,,False,
46353,Smelt Hardened Khorium,Mining,True,item,0,375,db2:item-req,375,375,,35273,False,
49252,Smelt Cobalt,Mining,True,residue,0,,,350,375,,,False,
49258,Smelt Saronite,Mining,True,residue,0,,,400,425,,,False,
50310,Mining,Mining,False,trainer-rank,0,,,,,,,False,
53040,Toughness,Mining,False,auto,1,450,db2:minskill,,,450,,False,
53120,Toughness,Mining,False,auto,1,75,db2:minskill,,,75,,False,
53121,Toughness,Mining,False,auto,1,150,db2:minskill,,,150,,False,
53122,Toughness,Mining,False,auto,1,225,db2:minskill,,,225,,False,
53123,Toughness,Mining,False,auto,1,300,db2:minskill,,,300,,False,
53124,Toughness,Mining,False,auto,1,375,db2:minskill,,,375,,False,
55208,Smelt Titansteel,Mining,True,residue,0,,,450,450,,,False,
55211,Smelt Titanium,Mining,True,residue,0,,,450,450,,,False,
70524,Enchanted Thorium Bar,Mining,True,residue,0,,,250,290,,,False,
74496,Toughness,Mining,False,auto,1,525,db2:minskill,,,525,,False,
74517,Mining,Mining,False,trainer-rank,0,,,,,,,False,
74529,Smelt Pyrite,Mining,True,residue,0,,,525,525,,,False,
74530,Smelt Elementium,Mining,True,residue,0,,,450,500,,,False,
74537,Smelt Hardened Elementium,Mining,True,residue,0,,,475,525,,,False,
84038,Smelt Obsidium,Mining,True,residue,0,,,400,475,,,False,
102161,Mining,Mining,False,trainer-rank,0,,,,,,,False,
102163,Toughness,Mining,False,auto,1,600,db2:minskill,,,600,,False,
102165,Smelt Ghost Iron,Mining,True,residue,0,,,475,525,,,False,
102167,Smelt Trillium,Mining,True,residue,0,,,600,600,,,False,
2385,Brown Linen Vest,Tailoring,True,residue,0,,,45,70,,,False,
2386,Linen Boots,Tailoring,True,residue,0,,,90,125,,,False,
2387,Linen Cloak,Tailoring,True,auto,1,,rule:orange1-candidate,35,60,,,False,
2389,Red Linen Robe,Tailoring,True,item,0,40,db2:item-req,65,100,,2598,False,
2392,Red Linen Shirt,Tailoring,True,residue,0,,,65,100,,,False,
2393,White Linen Shirt,Tailoring,True,residue,0,,,35,60,,,False,
2394,Blue Linen Shirt,Tailoring,True,residue,0,,,65,100,,,False,
2395,Barbaric Linen Vest,Tailoring,True,residue,0,,,95,130,,,False,
2396,Green Linen Shirt,Tailoring,True,residue,0,,,95,130,,,False,
2397,Reinforced Linen Cape,Tailoring,True,residue,0,,,85,120,,,False,
2399,Green Woolen Vest,Tailoring,True,residue,0,,,110,145,,,False,
2401,Woolen Boots,Tailoring,True,residue,0,,,120,155,,,False,
2402,Woolen Cape,Tailoring,True,residue,0,,,100,135,,,False,
2403,Gray Woolen Robe,Tailoring,True,item,0,105,db2:item-req,130,165,,2601,False,
2406,Gray Woolen Shirt,Tailoring,True,residue,0,,,110,130,,,False,
2963,Bolt of Linen Cloth,Tailoring,True,auto,1,,rule:orange1-candidate,25,50,,,False,
2964,Bolt of Woolen Cloth,Tailoring,True,residue,0,,,90,105,,,False,
3755,Linen Bag,Tailoring,True,residue,0,,,70,105,,,False,
3757,Woolen Bag,Tailoring,True,residue,0,,,105,140,,,False,
3758,Green Woolen Bag,Tailoring,True,item,0,95,db2:item-req,120,155,,4292,False,
3813,Small Silk Pack,Tailoring,True,residue,0,,,170,200,,,False,
3839,Bolt of Silk Cloth,Tailoring,True,residue,0,,,135,145,,,False,
3840,Heavy Linen Gloves,Tailoring,True,residue,0,,,60,95,,,False,
3841,Green Linen Bracers,Tailoring,True,residue,0,,,85,120,,,False,
3842,Handstitched Linen Britches,Tailoring,True,residue,0,,,95,130,,,False,
3843,Heavy Woolen Gloves,Tailoring,True,residue,0,,,110,145,,,False,
3844,Heavy Woolen Cloak,Tailoring,True,item,0,100,db2:item-req,125,160,,4346,False,
3845,Soft-soled Linen Boots,Tailoring,True,residue,0,,,105,140,,,False,
3847,Red Woolen Boots,Tailoring,True,item,0,95,db2:item-req,120,155,,4345,False,
3848,Double-stitched Woolen Shoulders,Tailoring,True,residue,0,,,135,170,,,False,
3849,Reinforced Woolen Shoulders,Tailoring,True,item,0,120,db2:item-req,145,180,,4347,False,
3850,Heavy Woolen Pants,Tailoring,True,residue,0,,,135,170,,,False,
3851,Phoenix Pants,Tailoring,True,item,0,125,db2:item-req,150,185,,4349,False,
3852,Gloves of Meditation,Tailoring,True,residue,0,,,150,180,,,False,
3854,Azure Silk Gloves,Tailoring,True,item,0,145,db2:item-req,165,195,,7114,False,
3855,Spidersilk Boots,Tailoring,True,residue,0,,,150,185,,,False,
3856,Spider Silk Slippers,Tailoring,True,item,0,140,db2:item-req,160,190,,4350,False,
3857,Enchanter's Cowl,Tailoring,True,item,0,165,db2:item-req,185,215,,14630,False,
3858,Shadow Hood,Tailoring,True,item,0,170,db2:item-req,190,220,,4351,False,
3859,Azure Silk Vest,Tailoring,True,residue,0,,,170,200,,,False,
3860,Boots of the Enchanter,Tailoring,True,item,0,175,db2:item-req,195,225,,4352,False,
3861,Long Silken Cloak,Tailoring,True,residue,0,,,205,235,,,False,
3862,Icy Cloak,Tailoring,True,item,0,200,db2:item-req,220,250,,4355,False,
3863,Spider Belt,Tailoring,True,item,0,180,db2:item-req,200,230,,4353,False,
3864,Star Belt,Tailoring,True,item,0,200,db2:item-req,220,250,,4356,False,
3865,Bolt of Mageweave,Tailoring,True,residue,0,,,180,185,,,False,
3866,Stylish Red Shirt,Tailoring,True,residue,0,,,135,170,,,False,
3868,Phoenix Gloves,Tailoring,True,item,0,125,db2:item-req,150,185,,4348,False,
3869,Bright Yellow Shirt,Tailoring,True,item,0,135,db2:item-req,145,155,,14627,False,
3870,Dark Silk Shirt,Tailoring,True,item,0,155,db2:item-req,165,175,,6401,False,
3871,Formal White Shirt,Tailoring,True,residue,0,,,180,190,,,False,
3872,Rich Purple Silk Shirt,Tailoring,True,item,0,185,db2:item-req,195,205,,4354,False,
3873,Black Swashbuckler's Shirt,Tailoring,True,item,0,200,db2:item-req,210,220,,10728,False,
3908,Tailoring,Tailoring,False,trainer-rank,0,,,,,,,False,
3909,Tailoring,Tailoring,False,trainer-rank,0,,,,,,,False,
3910,Tailoring,Tailoring,False,trainer-rank,0,,,,,,,False,
3914,Brown Linen Pants,Tailoring,True,residue,0,,,55,90,,,False,
3915,Brown Linen Shirt,Tailoring,True,auto,1,,rule:orange1-candidate,35,60,,,False,
6521,Pearl-clasped Cloak,Tailoring,True,residue,0,,,115,150,,,False,
6686,Red Linen Bag,Tailoring,True,item,0,70,db2:item-req,95,130,,5771,False,
6688,Red Woolen Bag,Tailoring,True,item,0,115,db2:item-req,140,175,,5772,False,
6690,Lesser Wizard's Robe,Tailoring,True,residue,0,,,155,185,,,False,
6692,Robes of Arcana,Tailoring,True,item,0,150,db2:item-req,170,200,,5773,False,
6693,Green Silk Pack,Tailoring,True,item,0,175,db2:item-req,195,225,,5774,False,
6695,Black Silk Pack,Tailoring,True,item,0,185,db2:item-req,205,235,,5775,False,
7623,Brown Linen Robe,Tailoring,True,residue,0,,,55,90,,,False,
7624,White Linen Robe,Tailoring,True,residue,0,,,55,90,,,False,
7629,Red Linen Vest,Tailoring,True,item,0,55,db2:item-req,80,115,,6271,False,
7630,Blue Linen Vest,Tailoring,True,item,0,55,db2:item-req,80,115,,6270,False,
7633,Blue Linen Robe,Tailoring,True,item,0,70,db2:item-req,95,130,,6272,False,
7636,Green Woolen Robe,Tailoring,True,item,0,90,db2:item-req,115,150,,6273,False,
7639,Blue Overalls,Tailoring,True,item,0,100,db2:item-req,125,160,,6274,False,
7643,Greater Adept's Robe,Tailoring,True,item,0,115,db2:item-req,140,175,,6275,False,
7892,Stylish Blue Shirt,Tailoring,True,item,0,120,db2:item-req,145,180,,6390,False,
7893,Stylish Green Shirt,Tailoring,True,item,0,120,db2:item-req,145,180,,6391,False,
8465,Simple Dress,Tailoring,True,residue,0,,,65,100,,,False,
8467,White Woolen Dress,Tailoring,True,residue,0,,,135,170,,,False,
8483,White Swashbuckler's Shirt,Tailoring,True,residue,0,,,170,180,,,False,
8489,Red Swashbuckler's Shirt,Tailoring,True,residue,0,,,185,195,,,False,
8758,Azure Silk Pants,Tailoring,True,residue,0,,,160,190,,,False,
8760,Azure Silk Hood,Tailoring,True,residue,0,,,155,165,,,False,
8762,Silk Headband,Tailoring,True,residue,0,,,170,180,,,False,
8764,Earthen Vest,Tailoring,True,residue,0,,,190,220,,,False,
8766,Azure Silk Belt,Tailoring,True,residue,0,,,195,225,,,False,
8770,Robe of Power,Tailoring,True,residue,0,,,210,240,,,False,
8772,Crimson Silk Belt,Tailoring,True,residue,0,,,195,225,,,False,
8774,Green Silken Shoulders,Tailoring,True,residue,0,,,200,230,,,False,
8776,Linen Belt,Tailoring,True,residue,0,,,50,85,,,False,
8778,Boots of Darkness,Tailoring,True,item,0,140,db2:item-req,160,190,,7093,False,
8780,Hands of Darkness,Tailoring,True,item,0,145,db2:item-req,165,195,,7092,False,
8782,Truefaith Gloves,Tailoring,True,item,0,150,db2:item-req,170,200,,7091,False,
8784,Green Silk Armor,Tailoring,True,item,0,165,db2:item-req,185,215,,7090,False,
8786,Azure Silk Cloak,Tailoring,True,item,0,175,db2:item-req,195,225,,7089,False,
8789,Crimson Silk Cloak,Tailoring,True,item,0,180,db2:item-req,200,230,,7087,False,
8791,Crimson Silk Vest,Tailoring,True,residue,0,,,205,225,,,False,
8793,Crimson Silk Shoulders,Tailoring,True,item,0,190,db2:item-req,210,240,,7084,False,
8795,Azure Shoulders,Tailoring,True,item,0,190,db2:item-req,210,240,,7085,False,
8797,Earthen Silk Belt,Tailoring,True,item,0,195,db2:item-req,215,245,,7086,False,
8799,Crimson Silk Pantaloons,Tailoring,True,residue,0,,,215,235,,,False,
8802,Crimson Silk Robe,Tailoring,True,item,0,205,db2:item-req,220,250,,7088,False,
8804,Crimson Silk Gloves,Tailoring,True,residue,0,,,225,255,,,False,
12044,Simple Linen Pants,Tailoring,True,special,1,,,35,60,,,False,
12045,Simple Linen Boots,Tailoring,True,residue,0,,,50,85,,,False,
12046,Simple Kilt,Tailoring,True,residue,0,,,100,135,,,False,
12047,Colorful Kilt,Tailoring,True,item,0,120,db2:item-req,145,180,,10316,False,
12048,Black Mageweave Vest,Tailoring,True,residue,0,,,220,250,,,False,
12049,Black Mageweave Leggings,Tailoring,True,residue,0,,,220,250,,,False,
12050,Black Mageweave Robe,Tailoring,True,residue,0,,,225,255,,,False,
12052,Shadoweave Pants,Tailoring,True,residue,0,,,225,255,,,False,
12053,Black Mageweave Gloves,Tailoring,True,residue,0,,,230,260,,,False,
12055,Shadoweave Robe,Tailoring,True,residue,0,,,230,260,,,False,
12056,Red Mageweave Vest,Tailoring,True,item,0,215,db2:item-req,230,260,,10300,False,
12059,White Bandit Mask,Tailoring,True,item,0,215,db2:item-req,220,230,,10301,False,
12060,Red Mageweave Pants,Tailoring,True,item,0,215,db2:item-req,230,260,,10302,False,
12061,Orange Mageweave Shirt,Tailoring,True,residue,0,,,220,230,,,False,
12062,Stormcloth Pants,Tailoring,True,item,0,220,db2:item-req,235,265,,10303,False,
12063,Stormcloth Gloves,Tailoring,True,item,0,220,db2:item-req,235,265,,10304,False,
12064,Orange Martial Shirt,Tailoring,True,item,0,220,db2:item-req,225,235,,10311,False,
12065,Mageweave Bag,Tailoring,True,residue,0,,,240,270,,,False,
12066,Red Mageweave Gloves,Tailoring,True,item,0,225,db2:item-req,240,270,,10312,False,
12067,Dreamweave Gloves,Tailoring,True,residue,0,,,240,270,,,False,
12068,Stormcloth Vest,Tailoring,True,item,0,225,db2:item-req,240,270,,10313,False,
12069,Cindercloth Robe,Tailoring,True,residue,0,,,240,270,,,False,
12070,Dreamweave Vest,Tailoring,True,residue,0,,,240,270,,,False,
12071,Shadoweave Gloves,Tailoring,True,residue,0,,,240,270,,,False,
12072,Black Mageweave Headband,Tailoring,True,residue,0,,,245,275,,,False,
12073,Black Mageweave Boots,Tailoring,True,residue,0,,,245,275,,,False,
12074,Black Mageweave Shoulders,Tailoring,True,residue,0,,,245,275,,,False,
12075,Lavender Mageweave Shirt,Tailoring,True,item,0,230,db2:item-req,235,245,,10314,False,
12076,Shadoweave Shoulders,Tailoring,True,residue,0,,,250,280,,,False,
12077,Simple Black Dress,Tailoring,True,residue,0,,,240,250,,,False,
12078,Red Mageweave Shoulders,Tailoring,True,item,0,235,db2:item-req,250,280,,10315,False,
12079,Red Mageweave Bag,Tailoring,True,residue,0,,,250,280,,,False,
12080,Pink Mageweave Shirt,Tailoring,True,item,0,235,db2:item-req,240,250,,10317,False,
12081,Admiral's Hat,Tailoring,True,item,0,240,db2:item-req,255,285,,10318,False,
12082,Shadoweave Boots,Tailoring,True,residue,0,,,255,285,,,False,
12083,Stormcloth Headband,Tailoring,True,item,0,240,db2:item-req,255,285,,10319,False,
12084,Red Mageweave Headband,Tailoring,True,item,0,240,db2:item-req,255,285,,10320,False,
12085,Tuxedo Shirt,Tailoring,True,item,0,240,db2:item-req,245,255,,10321,False,
12086,Shadoweave Mask,Tailoring,True,item,0,245,db2:item-req,260,290,,10463,False,
12087,Stormcloth Shoulders,Tailoring,True,item,0,245,db2:item-req,260,290,,10322,False,
12088,Cindercloth Boots,Tailoring,True,residue,0,,,260,290,,,False,
12089,Tuxedo Pants,Tailoring,True,item,0,245,db2:item-req,250,260,,10323,False,
12090,Stormcloth Boots,Tailoring,True,item,0,250,db2:item-req,265,295,,10324,False,
12091,White Wedding Dress,Tailoring,True,item,0,250,db2:item-req,255,265,,10325,False,
12092,Dreamweave Circlet,Tailoring,True,residue,0,,,265,295,,,False,
12093,Tuxedo Jacket,Tailoring,True,item,0,250,db2:item-req,265,295,,10326,False,
12180,Tailoring,Tailoring,False,trainer-rank,0,,,,,,,False,
18401,Bolt of Runecloth,Tailoring,True,residue,0,,,255,260,,,False,
18402,Runecloth Belt,Tailoring,True,residue,0,,,270,300,,,False,
18403,Frostweave Tunic,Tailoring,True,item,0,255,db2:item-req,270,300,,14466,False,
18404,Frostweave Robe,Tailoring,True,item,0,255,db2:item-req,270,300,,14467,False,
18405,Runecloth Bag,Tailoring,True,item,0,260,db2:item-req,275,305,,14468,False,
18406,Runecloth Robe,Tailoring,True,item,0,260,db2:item-req,275,305,,21924,False,
18407,Runecloth Tunic,Tailoring,True,item,0,260,db2:item-req,275,305,,14470,False,
18408,Cindercloth Vest,Tailoring,True,item,0,260,db2:item-req,275,305,,14471,False,
18409,Runecloth Cloak,Tailoring,True,item,0,265,db2:item-req,280,310,,14472,False,
18410,Ghostweave Belt,Tailoring,True,item,0,265,db2:item-req,280,310,,14473,False,
18411,Frostweave Gloves,Tailoring,True,item,0,265,db2:item-req,280,310,,14474,False,
18412,Cindercloth Gloves,Tailoring,True,item,0,270,db2:item-req,285,315,,14476,False,
18413,Ghostweave Gloves,Tailoring,True,item,0,270,db2:item-req,285,315,,14477,False,
18414,Brightcloth Robe,Tailoring,True,item,0,270,db2:item-req,285,315,,14478,False,
18415,Brightcloth Gloves,Tailoring,True,item,0,270,db2:item-req,285,315,,14479,False,
18416,Ghostweave Vest,Tailoring,True,item,0,275,db2:item-req,290,320,,14480,False,
18417,Runecloth Gloves,Tailoring,True,item,0,275,db2:item-req,290,320,,14481,False,
18418,Cindercloth Cloak,Tailoring,True,item,0,275,db2:item-req,290,320,,14482,False,
18419,Felcloth Pants,Tailoring,True,item,0,275,db2:item-req,290,320,,14483,False,
18420,Brightcloth Cloak,Tailoring,True,item,0,275,db2:item-req,290,320,,14484,False,
18421,Wizardweave Leggings,Tailoring,True,item,0,275,db2:item-req,290,320,,14485,False,
18422,Cloak of Fire,Tailoring,True,item,0,275,db2:item-req,290,320,,14486,False,
18423,Runecloth Boots,Tailoring,True,item,0,280,db2:item-req,295,325,,14488,False,
18424,Frostweave Pants,Tailoring,True,item,0,280,db2:item-req,295,325,,14489,False,
18434,Cindercloth Pants,Tailoring,True,item,0,280,db2:item-req,295,325,,14490,False,
18436,Robe of Winter Night,Tailoring,True,item,0,285,db2:item-req,300,330,,14493,False,
18437,Felcloth Boots,Tailoring,True,item,0,285,db2:item-req,300,330,,14492,False,
18438,Runecloth Pants,Tailoring,True,item,0,285,db2:item-req,300,330,,14491,False,
18439,Brightcloth Pants,Tailoring,True,item,0,290,db2:item-req,305,335,,14494,False,
18440,Mooncloth Leggings,Tailoring,True,item,0,290,db2:item-req,305,335,,14497,False,
18441,Ghostweave Pants,Tailoring,True,item,0,290,db2:item-req,305,335,,14495,False,
18442,Felcloth Hood,Tailoring,True,item,0,290,db2:item-req,305,335,,14496,False,
18444,Runecloth Headband,Tailoring,True,item,0,295,db2:item-req,310,340,,14498,False,
18445,Mooncloth Bag,Tailoring,True,item,0,300,db2:item-req,315,345,,14499,False,
18446,Wizardweave Robe,Tailoring,True,item,0,300,db2:item-req,315,345,,14500,False,
18447,Mooncloth Vest,Tailoring,True,item,0,300,db2:item-req,315,345,,14501,False,
18448,Mooncloth Shoulders,Tailoring,True,item,0,300,db2:item-req,315,345,,14507,False,
18449,Runecloth Shoulders,Tailoring,True,item,0,300,db2:item-req,315,345,,14504,False,
18450,Wizardweave Turban,Tailoring,True,item,0,300,db2:item-req,315,345,,14505,False,
18451,Felcloth Robe,Tailoring,True,item,0,300,db2:item-req,315,345,,14506,False,
18452,Mooncloth Circlet,Tailoring,True,item,0,300,db2:item-req,315,345,,14509,False,
18453,Felcloth Shoulders,Tailoring,True,item,0,300,db2:item-req,315,345,,14508,False,
18454,Gloves of Spell Mastery,Tailoring,True,item,0,300,db2:item-req,315,345,,14511,False,
18455,Bottomless Bag,Tailoring,True,item,0,300,db2:item-req,315,345,,14510,False,
18456,Truefaith Vestments,Tailoring,True,item,0,300,db2:item-req,315,345,,29120,False,
18457,Robe of the Archmage,Tailoring,True,item,0,300,db2:item-req,315,345,,14513,False,
18458,Robe of the Void,Tailoring,True,item,0,300,db2:item-req,315,345,,14514,False,
18560,Mooncloth,Tailoring,True,item,0,250,db2:item-req,290,320,,14526,False,
19435,Mooncloth Boots,Tailoring,True,special,0,,,295,325,,,False,
20848,Flarecore Mantle,Tailoring,True,item,0,300,db2:item-req,315,345,,17017,False,
20849,Flarecore Gloves,Tailoring,True,item,0,300,db2:item-req,315,345,,17018,False,
21945,Green Holiday Shirt,Tailoring,True,item,0,190,db2:item-req,200,210,,17724,False,
22759,Flarecore Wraps,Tailoring,True,item,0,300,db2:item-req,320,350,,18265,False,
22813,Gordok Ogre Suit,Tailoring,True,special,0,,,285,295,,,False,
22866,Belt of the Archmage,Tailoring,True,item,0,300,db2:item-req,315,345,,18414,False,
22867,Felcloth Gloves,Tailoring,True,item,0,300,db2:item-req,315,345,,18415,False,
22868,Inferno Gloves,Tailoring,True,item,0,300,db2:item-req,315,345,,18416,False,
22869,Mooncloth Gloves,Tailoring,True,item,0,300,db2:item-req,315,345,,18417,False,
22870,Cloak of Warding,Tailoring,True,item,0,300,db2:item-req,315,345,,18418,False,
22902,Mooncloth Robe,Tailoring,True,item,0,300,db2:item-req,315,345,,18487,False,
23662,Wisdom of the Timbermaw,Tailoring,True,item,0,290,db2:item-req,305,335,,19215,False,
23663,Mantle of the Timbermaw,Tailoring,True,item,0,300,db2:item-req,315,345,,19218,False,
23664,Argent Boots,Tailoring,True,item,0,290,db2:item-req,305,335,,19216,False,
23665,Argent Shoulders,Tailoring,True,item,0,300,db2:item-req,315,345,,19217,False,
23666,Flarecore Robe,Tailoring,True,item,0,300,db2:item-req,315,345,,19219,False,
23667,Flarecore Leggings,Tailoring,True,item,0,300,db2:item-req,315,345,,19220,False,
24091,Bloodvine Vest,Tailoring,True,item,0,300,db2:item-req,315,345,,19764,False,
24092,Bloodvine Leggings,Tailoring,True,item,0,300,db2:item-req,315,345,,19765,False,
24093,Bloodvine Boots,Tailoring,True,item,0,300,db2:item-req,315,345,,19766,False,
24901,Runed Stygian Leggings,Tailoring,True,item,0,300,db2:item-req,315,345,,20546,False,
24902,Runed Stygian Belt,Tailoring,True,item,0,300,db2:item-req,315,345,,20548,False,
24903,Runed Stygian Boots,Tailoring,True,item,0,300,db2:item-req,315,345,,20547,False,
26085,Soul Pouch,Tailoring,True,item,0,260,db2:item-req,275,305,,21358,False,
26086,Felcloth Bag,Tailoring,True,item,0,285,db2:item-req,300,330,,21369,False,
26087,Core Felcloth Bag,Tailoring,True,item,0,300,db2:item-req,315,345,,21371,False,
26403,Festival Dress,Tailoring,True,item,0,250,db2:item-req,265,295,,21722,False,
26407,Festival Suit,Tailoring,True,item,0,250,db2:item-req,265,295,,21723,False,
26745,Bolt of Netherweave,Tailoring,True,residue,0,,,305,325,,,False,
26746,Netherweave Bag,Tailoring,True,residue,0,,,320,340,,,False,
26747,Bolt of Imbued Netherweave,Tailoring,True,item,0,325,db2:item-req,330,340,,21892,False,
26749,Imbued Netherweave Bag,Tailoring,True,item,0,340,db2:item-req,340,350,,21893,False,
26750,Bolt of Soulcloth,Tailoring,True,item,0,345,db2:item-req,345,355,,21894,False,
26751,Primal Mooncloth,Tailoring,True,item,0,350,db2:item-req,350,360,,21895,False,
26752,Spellfire Belt,Tailoring,True,item,0,355,db2:item-req,365,375,,21908,False,
26753,Spellfire Gloves,Tailoring,True,item,0,365,db2:item-req,375,385,,21909,False,
26754,Spellfire Robe,Tailoring,True,item,0,375,db2:item-req,385,395,,21910,False,
26755,Spellfire Bag,Tailoring,True,item,0,375,db2:item-req,385,395,,21911,False,
26756,Frozen Shadoweave Shoulders,Tailoring,True,item,0,355,db2:item-req,365,375,,21912,False,
26757,Frozen Shadoweave Boots,Tailoring,True,item,0,365,db2:item-req,375,385,,21914,False,
26758,Frozen Shadoweave Robe,Tailoring,True,item,0,375,db2:item-req,385,395,,21913,False,
26759,Ebon Shadowbag,Tailoring,True,item,0,375,db2:item-req,385,395,,21915,False,
26760,Primal Mooncloth Belt,Tailoring,True,item,0,355,db2:item-req,365,375,,21916,False,
26761,Primal Mooncloth Shoulders,Tailoring,True,item,0,365,db2:item-req,375,385,,21918,False,
26762,Primal Mooncloth Robe,Tailoring,True,item,0,375,db2:item-req,385,395,,21917,False,
26763,Primal Mooncloth Bag,Tailoring,True,item,0,375,db2:item-req,385,395,,21919,False,
26764,Netherweave Bracers,Tailoring,True,residue,0,,,320,330,,,False,
26765,Netherweave Belt,Tailoring,True,residue,0,,,320,330,,,False,
26770,Netherweave Gloves,Tailoring,True,residue,0,,,330,340,,,False,
26771,Netherweave Pants,Tailoring,True,residue,0,,,335,345,,,False,
26772,Netherweave Boots,Tailoring,True,residue,0,,,345,355,,,False,
26773,Netherweave Robe,Tailoring,True,item,0,340,db2:item-req,350,360,,21896,False,
26774,Netherweave Tunic,Tailoring,True,item,0,345,db2:item-req,355,365,,21897,False,
26775,Imbued Netherweave Pants,Tailoring,True,item,0,340,db2:item-req,350,360,,21898,False,
26776,Imbued Netherweave Boots,Tailoring,True,item,0,350,db2:item-req,360,370,,21899,False,
26777,Imbued Netherweave Robe,Tailoring,True,item,0,360,db2:item-req,370,380,,21900,False,
26778,Imbued Netherweave Tunic,Tailoring,True,item,0,360,db2:item-req,370,380,,21901,False,
26779,Soulcloth Gloves,Tailoring,True,item,0,355,db2:item-req,365,375,,21902,False,
26780,Soulcloth Shoulders,Tailoring,True,item,0,365,db2:item-req,375,385,,21903,False,
26781,Soulcloth Vest,Tailoring,True,item,0,375,db2:item-req,380,385,,21904,False,
26782,Arcanoweave Bracers,Tailoring,True,item,0,350,db2:item-req,360,370,,21905,False,
26783,Arcanoweave Boots,Tailoring,True,item,0,360,db2:item-req,370,380,,21906,False,
26784,Arcanoweave Robe,Tailoring,True,item,0,370,db2:item-req,380,390,,21907,False,
26790,Tailoring,Tailoring,False,trainer-rank,0,,,,,,,False,
27658,Enchanted Mageweave Pouch,Tailoring,True,item,0,225,db2:item-req,240,270,,22307,False,
27659,Enchanted Runecloth Bag,Tailoring,True,item,0,275,db2:item-req,290,320,,22308,False,
27660,Big Bag of Enchantment,Tailoring,True,item,0,300,db2:item-req,315,345,,22309,False,
27724,Cenarion Herb Bag,Tailoring,True,item,0,275,db2:item-req,290,320,,22310,False,
27725,Satchel of Cenarius,Tailoring,True,item,0,300,db2:item-req,315,345,,22312,False,
28205,Glacial Gloves,Tailoring,True,item,0,300,db2:item-req,315,345,,22684,False,
28207,Glacial Vest,Tailoring,True,item,0,300,db2:item-req,315,345,,22686,False,
28208,Glacial Cloak,Tailoring,True,item,0,300,db2:item-req,315,345,,22685,False,
28209,Glacial Wrists,Tailoring,True,item,0,300,db2:item-req,315,345,,22687,False,
28210,Gaea's Embrace,Tailoring,True,item,0,300,db2:item-req,315,345,,22683,False,
28480,Sylvan Vest,Tailoring,True,item,0,300,db2:item-req,315,345,,22774,False,
28481,Sylvan Crown,Tailoring,True,item,0,300,db2:item-req,315,345,,22773,False,
28482,Sylvan Shoulders,Tailoring,True,item,0,300,db2:item-req,315,345,,22772,False,
31373,Spellcloth,Tailoring,True,item,0,350,db2:item-req,350,360,,24316,False,
31430,Mystic Spellthread,Tailoring,True,item,0,335,db2:item-req,345,355,,24292,False,
31431,Silver Spellthread,Tailoring,True,item,0,335,db2:item-req,345,355,,24293,False,
31432,Runic Spellthread,Tailoring,True,item,0,375,db2:item-req,385,395,,24294,False,
31433,Golden Spellthread,Tailoring,True,item,0,375,db2:item-req,385,395,,24295,False,
31434,Unyielding Bracers,Tailoring,True,item,0,350,db2:item-req,360,370,,24296,False,
31435,Bracers of Havok,Tailoring,True,item,0,350,db2:item-req,360,370,,24297,False,
31437,Blackstrike Bracers,Tailoring,True,item,0,350,db2:item-req,360,370,,24298,False,
31438,Cloak of the Black Void,Tailoring,True,item,0,350,db2:item-req,360,370,,24299,False,
31440,Cloak of Eternity,Tailoring,True,item,0,350,db2:item-req,360,370,,24300,False,
31441,White Remedy Cape,Tailoring,True,item,0,350,db2:item-req,360,370,,24301,False,
31442,Unyielding Girdle,Tailoring,True,item,0,365,db2:item-req,375,385,,24302,False,
31443,Girdle of Ruination,Tailoring,True,item,0,365,db2:item-req,375,385,,24303,False,
31444,Black Belt of Knowledge,Tailoring,True,item,0,365,db2:item-req,375,385,,24304,False,
31448,Resolute Cape,Tailoring,True,item,0,365,db2:item-req,375,385,,24305,False,
31449,Vengeance Wrap,Tailoring,True,item,0,365,db2:item-req,375,385,,24306,False,
31450,Manaweave Cloak,Tailoring,True,item,0,365,db2:item-req,375,385,,24307,False,
31451,Whitemend Pants,Tailoring,True,item,0,375,db2:item-req,385,395,,24308,False,
31452,Spellstrike Pants,Tailoring,True,item,0,375,db2:item-req,385,395,,24309,False,
31453,Battlecast Pants,Tailoring,True,item,0,375,db2:item-req,385,395,,24310,False,
31454,Whitemend Hood,Tailoring,True,item,0,375,db2:item-req,385,395,,24311,False,
31455,Spellstrike Hood,Tailoring,True,item,0,375,db2:item-req,385,395,,24312,False,
31456,Battlecast Hood,Tailoring,True,item,0,375,db2:item-req,385,395,,24313,False,
31459,Bag of Jewels,Tailoring,True,item,0,340,db2:item-req,350,360,,24314,False,
31460,Netherweave Net,Tailoring,True,residue,0,,,300,320,,,False,
31461,Heavy Netherweave Net,Tailoring,True,item,0,325,db2:item-req,325,335,,24315,False,
36315,Belt of Blasting,Tailoring,True,item,0,375,db2:item-req,385,395,,30280,False,
36316,Belt of the Long Road,Tailoring,True,item,0,375,db2:item-req,385,395,,30281,False,
36317,Boots of Blasting,Tailoring,True,item,0,375,db2:item-req,385,395,,30282,False,
36318,Boots of the Long Road,Tailoring,True,item,0,375,db2:item-req,385,395,,30283,False,
36665,Netherflame Robe,Tailoring,True,item,0,355,db2:item-req,365,375,,30469,False,
36667,Netherflame Belt,Tailoring,True,item,0,355,db2:item-req,365,375,,30470,False,
36668,Netherflame Boots,Tailoring,True,item,0,355,db2:item-req,365,375,,30471,False,
36669,Lifeblood Leggings,Tailoring,True,item,0,355,db2:item-req,365,375,,30472,False,
36670,Lifeblood Belt,Tailoring,True,item,0,355,db2:item-req,365,375,,30473,False,
36672,Lifeblood Bracers,Tailoring,True,item,0,355,db2:item-req,365,375,,30474,False,
36686,Shadowcloth,Tailoring,True,item,0,350,db2:item-req,350,360,,30483,False,
37873,Cloak of Arcane Evasion,Tailoring,True,item,0,350,db2:item-req,360,370,,30833,False,
37882,Flameheart Bracers,Tailoring,True,item,0,350,db2:item-req,360,370,,30842,False,
37883,Flameheart Gloves,Tailoring,True,item,0,360,db2:item-req,370,380,,30843,False,
37884,Flameheart Vest,Tailoring,True,item,0,370,db2:item-req,380,390,,30844,False,
40020,Soulguard Slippers,Tailoring,True,item,0,375,db2:item-req,385,395,,32437,False,
40021,Soulguard Bracers,Tailoring,True,item,0,375,db2:item-req,385,395,,32438,False,
40023,Soulguard Leggings,Tailoring,True,item,0,375,db2:item-req,385,395,,32439,False,
40024,Soulguard Girdle,Tailoring,True,item,0,375,db2:item-req,385,395,,32440,False,
40060,Night's End,Tailoring,True,item,0,375,db2:item-req,385,395,,32447,False,
41205,Bracers of Nimble Thought,Tailoring,True,item,0,375,db2:item-req,385,395,,32754,False,
41206,Mantle of Nimble Thought,Tailoring,True,item,0,375,db2:item-req,385,395,,32755,False,
41207,Swiftheal Wraps,Tailoring,True,item,0,375,db2:item-req,385,395,,32752,False,
41208,Swiftheal Mantle,Tailoring,True,item,0,375,db2:item-req,385,395,,32753,False,
44950,Green Winter Clothes,Tailoring,True,item,0,250,db2:item-req,250,250,,34261,False,
44958,Red Winter Clothes,Tailoring,True,item,0,250,db2:item-req,250,250,,34319,False,
46128,Sunfire Handwraps,Tailoring,True,item,0,365,db2:item-req,375,410,,35551,False,
46129,Hands of Eternal Light,Tailoring,True,item,0,365,db2:item-req,375,410,,35205,False,
46130,Sunfire Robe,Tailoring,True,item,0,365,db2:item-req,375,410,,35552,False,
46131,Robe of Eternal Light,Tailoring,True,item,0,365,db2:item-req,375,410,,35207,False,
49677,Dress Shoes,Tailoring,True,item,0,250,db2:item-req,255,285,,37915,False,
50194,Mycah's Botanical Bag,Tailoring,True,item,0,375,db2:item-req,385,395,,38229,False,
50644,Haliscan Jacket,Tailoring,True,item,0,250,db2:item-req,265,295,,38327,False,
50647,Haliscan Pantaloons,Tailoring,True,item,0,245,db2:item-req,250,260,,38328,False,
51309,Tailoring,Tailoring,False,trainer-rank,0,,,,,,,False,
55642,Lightweave Embroidery,Tailoring,True,residue,0,,,,,,,False,
55769,Darkglow Embroidery,Tailoring,True,residue,0,,,,,,,False,
55777,Swordguard Embroidery,Tailoring,True,residue,0,,,,,,,False,
55898,Frostweave Net,Tailoring,True,residue,0,,,370,380,,,False,
55899,Bolt of Frostweave,Tailoring,True,residue,0,,,370,375,,,False,
55900,Bolt of Imbued Frostweave,Tailoring,True,residue,0,,,400,405,,,False,
55901,Duskweave Leggings,Tailoring,True,residue,0,,,405,415,,,False,
55902,Frostwoven Shoulders,Tailoring,True,residue,0,,,360,380,,,False,
55903,Frostwoven Robe,Tailoring,True,residue,0,,,370,390,,,False,
55904,Frostwoven Gloves,Tailoring,True,residue,0,,,370,390,,,False,
55906,Frostwoven Boots,Tailoring,True,residue,0,,,385,405,,,False,
55907,Frostwoven Cowl,Tailoring,True,residue,0,,,390,410,,,False,
55908,Frostwoven Belt,Tailoring,True,residue,0,,,380,400,,,False,
55910,Mystic Frostwoven Shoulders,Tailoring,True,residue,0,,,395,415,,,False,
55911,Mystic Frostwoven Robe,Tailoring,True,residue,0,,,400,420,,,False,
55913,Mystic Frostwoven Wristwraps,Tailoring,True,residue,0,,,395,415,,,False,
55914,Duskweave Belt,Tailoring,True,residue,0,,,400,410,,,False,
55919,Duskweave Cowl,Tailoring,True,residue,0,,,405,415,,,False,
55920,Duskweave Wristwraps,Tailoring,True,residue,0,,,410,420,,,False,
55921,Duskweave Robe,Tailoring,True,residue,0,,,415,425,,,False,
55922,Duskweave Gloves,Tailoring,True,residue,0,,,415,425,,,False,
55923,Duskweave Shoulders,Tailoring,True,residue,0,,,420,430,,,False,
55924,Duskweave Boots,Tailoring,True,residue,0,,,420,430,,,False,
55925,Black Duskweave Leggings,Tailoring,True,residue,0,,,425,435,,,False,
55941,Black Duskweave Robe,Tailoring,True,residue,0,,,430,440,,,False,
55943,Black Duskweave Wristwraps,Tailoring,True,residue,0,,,425,435,,,False,
55993,Red Lumberjack Shirt,Tailoring,True,item,0,400,db2:item-req,400,410,,42172,False,
55994,Blue Lumberjack Shirt,Tailoring,True,item,0,400,db2:item-req,400,410,,42173,False,
55995,Yellow Lumberjack Shirt,Tailoring,True,item,0,400,db2:item-req,400,410,,42174,False,
55996,Green Lumberjack Shirt,Tailoring,True,item,0,400,db2:item-req,400,410,,42175,False,
55997,Red Workman's Shirt,Tailoring,True,item,0,400,db2:item-req,400,410,,42177,False,
55998,Blue Workman's Shirt,Tailoring,True,item,0,400,db2:item-req,400,410,,42176,False,
55999,Rustic Workman's Shirt,Tailoring,True,item,0,400,db2:item-req,400,410,,42178,False,
56000,Green Workman's Shirt,Tailoring,True,item,0,400,db2:item-req,400,410,,42179,False,
56001,Moonshroud,Tailoring,True,item,0,415,db2:item-req,425,435,,42181,False,
56002,Ebonweave,Tailoring,True,item,0,415,db2:item-req,425,435,,42180,False,
56003,Spellweave,Tailoring,True,item,0,415,db2:item-req,425,435,,42182,False,
56004,Abyssal Bag,Tailoring,True,item,0,435,db2:item-req,440,450,,42183,False,
56005,Glacial Bag,Tailoring,True,item,0,445,db2:item-req,450,460,,42184,False,
56006,Mysterious Bag,Tailoring,True,item,0,440,db2:item-req,445,455,,42185,False,
56007,Frostweave Bag,Tailoring,True,item,0,410,db2:item-req,430,450,,42186,False,
56008,Shining Spellthread,Tailoring,True,residue,0,,,400,410,,,False,
56009,Brilliant Spellthread,Tailoring,True,item,0,430,db2:item-req,435,445,,42187,False,
56010,Azure Spellthread,Tailoring,True,residue,0,,,400,410,,,False,
56011,Sapphire Spellthread,Tailoring,True,item,0,430,db2:item-req,435,445,,42188,False,
56014,Cloak of the Moon,Tailoring,True,residue,0,,,395,405,,,False,
56015,Cloak of Frozen Spirits,Tailoring,True,residue,0,,,400,410,,,False,
56016,Wispcloak,Tailoring,True,item,0,415,db2:item-req,435,455,,42189,False,
56017,Deathchill Cloak,Tailoring,True,item,0,420,db2:item-req,435,455,,42190,False,
56018,Hat of Wintry Doom,Tailoring,True,item,0,425,db2:item-req,435,445,,42191,False,
56019,Silky Iceshard Boots,Tailoring,True,item,0,425,db2:item-req,430,450,,42192,False,
56020,Deep Frozen Cord,Tailoring,True,item,0,425,db2:item-req,430,450,,42193,False,
56021,Frostmoon Pants,Tailoring,True,item,0,425,db2:item-req,435,445,,42194,False,
56022,Light Blessed Mittens,Tailoring,True,item,0,425,db2:item-req,430,450,,42195,False,
56023,Aurora Slippers,Tailoring,True,item,0,425,db2:item-req,430,450,,42196,False,
56024,Moonshroud Robe,Tailoring,True,item,0,450,db2:item-req,450,460,,42197,False,
56025,Moonshroud Gloves,Tailoring,True,item,0,440,db2:item-req,445,455,,42198,False,
56026,Ebonweave Robe,Tailoring,True,item,0,450,db2:item-req,450,460,,42199,False,
56027,Ebonweave Gloves,Tailoring,True,item,0,440,db2:item-req,445,455,,42200,False,
56028,Spellweave Robe,Tailoring,True,item,0,450,db2:item-req,450,460,,42201,False,
56029,Spellweave Gloves,Tailoring,True,item,0,440,db2:item-req,445,455,,42202,False,
56030,Frostwoven Leggings,Tailoring,True,residue,0,,,390,410,,,False,
56031,Frostwoven Wristwraps,Tailoring,True,residue,0,,,360,380,,,False,
56034,Master's Spellthread,Tailoring,True,residue,0,,,,,,,False,
56039,Sanctified Spellthread,Tailoring,True,residue,0,,,,,,,False,
59390,Northern Cloth Scavenging,Tailoring,False,item,0,325,db2:item-req,,,,43876,False,
59582,Frostsavage Belt,Tailoring,True,residue,0,,,425,445,,,False,
59583,Frostsavage Bracers,Tailoring,True,residue,0,,,425,445,,,False,
59584,Frostsavage Shoulders,Tailoring,True,residue,0,,,430,450,,,False,
59585,Frostsavage Boots,Tailoring,True,residue,0,,,430,450,,,False,
59586,Frostsavage Gloves,Tailoring,True,residue,0,,,430,450,,,False,
59587,Frostsavage Robe,Tailoring,True,residue,0,,,430,450,,,False,
59588,Frostsavage Leggings,Tailoring,True,residue,0,,,430,450,,,False,
59589,Frostsavage Cowl,Tailoring,True,residue,0,,,430,450,,,False,
60969,Flying Carpet,Tailoring,True,residue,0,,,340,350,,,False,
60971,Magnificent Flying Carpet,Tailoring,True,residue,0,,,435,455,,,False,
60990,Glacial Waistband,Tailoring,True,residue,0,,,430,450,,,False,
60993,Glacial Robe,Tailoring,True,residue,0,,,435,455,,,False,
60994,Glacial Slippers,Tailoring,True,residue,0,,,430,450,,,False,
63203,Sash of Ancient Power,Tailoring,True,item,0,450,db2:item-req,455,465,,45102,False,
63204,Spellslinger's Slippers,Tailoring,True,item,0,450,db2:item-req,455,465,,45103,False,
63205,Cord of the White Dawn,Tailoring,True,item,0,450,db2:item-req,455,465,,45104,False,
63206,Savior's Slippers,Tailoring,True,item,0,450,db2:item-req,455,465,,45105,False,
63742,Spidersilk Drape,Tailoring,True,residue,0,,,150,185,,,False,
63924,Emerald Bag,Tailoring,True,item,0,435,db2:item-req,440,450,,45774,False,
64729,Frostguard Drape,Tailoring,True,residue,0,,,405,415,,,False,
64730,Cloak of Crimson Snow,Tailoring,True,residue,0,,,410,420,,,False,
67064,Royal Moonshroud Robe,Tailoring,True,item,0,450,db2:item-req,460,475,,47657,False,
67065,Royal Moonshroud Bracers,Tailoring,True,item,0,450,db2:item-req,460,475,,47656,False,
67066,Merlin's Robe,Tailoring,True,item,0,450,db2:item-req,460,475,,47655,False,
67079,Bejeweled Wizard's Bracers,Tailoring,True,item,0,450,db2:item-req,460,475,,47654,False,
67144,Royal Moonshroud Robe,Tailoring,True,item,0,450,db2:item-req,460,475,,47636,False,
67145,Bejeweled Wizard's Bracers,Tailoring,True,item,0,450,db2:item-req,460,475,,47639,False,
67146,Merlin's Robe,Tailoring,True,item,0,450,db2:item-req,460,475,,47638,False,
67147,Royal Moonshroud Bracers,Tailoring,True,item,0,450,db2:item-req,460,475,,47637,False,
70550,Leggings of Woven Death,Tailoring,True,item,0,450,db2:item-req,475,500,,49953,False,
70551,Deathfrost Boots,Tailoring,True,item,0,450,db2:item-req,475,500,,49954,False,
70552,Lightweave Leggings,Tailoring,True,item,0,450,db2:item-req,475,500,,49955,False,
70553,Sandals of Consecration,Tailoring,True,item,0,450,db2:item-req,475,500,,49956,False,
74964,Bolt of Embersilk Cloth,Tailoring,True,residue,0,,,440,450,,,False,
75141,Dream of Skywall,Tailoring,True,residue,0,,,525,535,,,False,
75142,Dream of Deepholm,Tailoring,True,residue,0,,,525,535,,,False,
75144,Dream of Hyjal,Tailoring,True,residue,0,,,525,535,,,False,
75145,Dream of Ragnaros,Tailoring,True,residue,0,,,525,535,,,False,
75146,Dream of Azshara,Tailoring,True,residue,0,,,525,535,,,False,
75154,Master's Spellthread,Tailoring,True,auto,1,500,db2:minskill,,,500,,False,
75155,Sanctified Spellthread,Tailoring,True,auto,1,500,db2:minskill,,,500,,False,
75156,Tailoring,Tailoring,False,trainer-rank,0,,,,,,,False,
75172,Lightweave Embroidery,Tailoring,True,auto,1,500,db2:minskill,,,500,,False,
75175,Darkglow Embroidery,Tailoring,True,auto,1,500,db2:minskill,,,500,,False,
75178,Swordguard Embroidery,Tailoring,True,auto,1,500,db2:minskill,,,500,,False,
75247,Embersilk Net,Tailoring,True,residue,0,,,435,455,,,False,
75248,Deathsilk Belt,Tailoring,True,residue,0,,,455,465,,,False,
75249,Deathsilk Bracers,Tailoring,True,residue,0,,,455,465,,,False,
75250,Enchanted Spellthread,Tailoring,True,residue,0,,,465,470,,,False,
75251,Deathsilk Shoulders,Tailoring,True,residue,0,,,460,470,,,False,
75252,Deathsilk Boots,Tailoring,True,residue,0,,,460,470,,,False,
75253,Deathsilk Gloves,Tailoring,True,residue,0,,,470,475,,,False,
75254,Deathsilk Leggings,Tailoring,True,residue,0,,,465,475,,,False,
75255,Ghostly Spellthread,Tailoring,True,residue,0,,,470,475,,,False,
75256,Deathsilk Cowl,Tailoring,True,residue,0,,,470,480,,,False,
75257,Deathsilk Robe,Tailoring,True,residue,0,,,475,480,,,False,
75258,Spiritmend Belt,Tailoring,True,residue,0,,,475,485,,,False,
75259,Spiritmend Bracers,Tailoring,True,residue,0,,,475,485,,,False,
75260,Spiritmend Shoulders,Tailoring,True,residue,0,,,485,490,,,False,
75261,Spiritmend Boots,Tailoring,True,residue,0,,,480,490,,,False,
75262,Spiritmend Gloves,Tailoring,True,residue,0,,,485,495,,,False,
75263,Spiritmend Leggings,Tailoring,True,residue,0,,,485,495,,,False,
75264,Embersilk Bag,Tailoring,True,residue,0,,,490,495,,,False,
75265,Otherworldly Bag,Tailoring,True,residue,0,,,490,495,,,False,
75266,Spiritmend Cowl,Tailoring,True,residue,0,,,500,505,,,False,
75267,Spiritmend Robe,Tailoring,True,residue,0,,,500,505,,,False,
75268,Hyjal Expedition Bag,Tailoring,True,residue,0,,,500,505,,,False,
75269,Bloodthirsty Fireweave Belt,Tailoring,True,residue,0,,,515,525,,,False,
75270,Bloodthirsty Embersilk Bracers,Tailoring,True,residue,0,,,505,515,,,False,
75288,Black Embersilk Gown,Tailoring,True,item,0,500,db2:item-req,505,515,,68199,False,
75289,High Society Top Hat,Tailoring,True,item,0,500,db2:item-req,530,540,,67541,False,
75290,Bloodthirsty Fireweave Bracers,Tailoring,True,residue,0,,,505,515,,,False,
75291,Bloodthirsty Embersilk Shoulders,Tailoring,True,residue,0,,,510,520,,,False,
75292,Bloodthirsty Fireweave Shoulders,Tailoring,True,residue,0,,,515,525,,,False,
75293,Bloodthirsty Embersilk Belt,Tailoring,True,residue,0,,,515,525,,,False,
75294,Bloodthirsty Fireweave Boots,Tailoring,True,residue,0,,,520,530,,,False,
75295,Bloodthirsty Embersilk Gloves,Tailoring,True,residue,0,,,520,530,,,False,
75296,Bloodthirsty Fireweave Gloves,Tailoring,True,residue,0,,,525,535,,,False,
75297,Bloodthirsty Embersilk Boots,Tailoring,True,residue,0,,,525,535,,,False,
75298,Belt of the Depths,Tailoring,True,item,0,525,db2:item-req,525,535,,54601,False,
75299,Dreamless Belt,Tailoring,True,item,0,525,db2:item-req,525,535,,54602,False,
75300,Breeches of Mended Nightmares,Tailoring,True,item,0,525,db2:item-req,525,535,,54603,False,
75301,Flame-Ascended Pantaloons,Tailoring,True,item,0,525,db2:item-req,525,535,,54604,False,
75302,Bloodthirsty Fireweave Pants,Tailoring,True,item,0,525,db2:item-req,525,535,,54597,False,
75303,Bloodthirsty Fireweave Robe,Tailoring,True,item,0,525,db2:item-req,525,535,,54598,False,
75304,Bloodthirsty Fireweave Cowl,Tailoring,True,item,0,525,db2:item-req,525,535,,54596,False,
75305,Bloodthirsty Embersilk Robe,Tailoring,True,item,0,525,db2:item-req,525,535,,54595,False,
75306,Bloodthirsty Embersilk Cowl,Tailoring,True,item,0,525,db2:item-req,525,535,,54593,False,
75307,Bloodthirsty Embersilk Pants,Tailoring,True,item,0,525,db2:item-req,525,535,,54594,False,
75308,Illusionary Bag,Tailoring,True,item,0,525,db2:item-req,525,535,,54605,False,
75309,Powerful Enchanted Spellthread,Tailoring,True,item,0,525,db2:item-req,525,535,,54599,False,
75310,Powerful Ghostly Spellthread,Tailoring,True,item,0,525,db2:item-req,525,535,,54600,False,
75597,Frosty Flying Carpet,Tailoring,True,item,0,425,db2:item-req,435,455,,54798,False,
94743,Dream of Destruction,Tailoring,True,residue,0,,,525,535,,,False,
99448,Grips of Altered Reality,Tailoring,True,item,0,525,db2:item-req,525,530,,69965,False,
99449,Don Tayo's Inferno Mittens,Tailoring,True,item,0,525,db2:item-req,525,530,,69966,False,
99459,Endless Dream Walkers,Tailoring,True,item,0,525,db2:item-req,525,530,,69975,False,
99460,Boots of the Black Flame,Tailoring,True,item,0,525,db2:item-req,525,530,,69976,False,
99537,Vicious Embersilk Cape,Tailoring,True,residue,0,,,500,505,,,False,
100585,Luxurious Silk Gem Bag,Tailoring,True,item,0,515,db2:item-req,490,495,,70176,False,orange>yellow: orange tier empty (learned late)
101920,World Mender's Pants,Tailoring,True,item,0,525,db2:item-req,525,535,,72000,False,
101921,Lavaquake Legwraps,Tailoring,True,item,0,525,db2:item-req,525,535,,72002,False,
101922,Dreamwraps of the Light,Tailoring,True,item,0,525,db2:item-req,525,535,,72003,False,
101923,Bracers of Unconquered Power,Tailoring,True,item,0,525,db2:item-req,525,535,,72004,False,
104115,Release Fire Spirit,Tailoring,False,non-craft,0,,,600,600,,,False,
110426,Tailoring,Tailoring,False,trainer-rank,0,,,,,,,False,
125481,Lightweave Embroidery,Tailoring,True,auto,1,550,db2:minskill,,,550,,False,
125482,Darkglow Embroidery,Tailoring,True,auto,1,550,db2:minskill,,,550,,False,
125483,Swordguard Embroidery,Tailoring,True,auto,1,550,db2:minskill,,,550,,False,
125496,Master's Spellthread,Tailoring,True,auto,1,550,db2:minskill,,,550,,False,
125497,Sanctified Spellthread,Tailoring,True,auto,1,550,db2:minskill,,,550,,False,
125523,Windwool Hood,Tailoring,True,item,0,550,db2:item-req,575,600,,86344,False,
125524,Windwool Shoulders,Tailoring,True,item,0,535,db2:item-req,555,600,,86345,False,
125525,Windwool Tunic,Tailoring,True,item,0,550,db2:item-req,575,600,,86346,False,
125526,Windwool Gloves,Tailoring,True,item,0,525,db2:item-req,545,600,,86347,False,
125527,Windwool Pants,Tailoring,True,item,0,525,db2:item-req,565,600,,86348,False,
125528,Windwool Bracers,Tailoring,True,item,0,500,db2:item-req,545,600,,86349,False,
125529,Windwool Boots,Tailoring,True,item,0,525,db2:item-req,565,600,,86350,False,
125530,Windwool Belt,Tailoring,True,item,0,525,db2:item-req,555,600,,86351,False,
125531,Contender's Silk Cowl,Tailoring,True,item,0,590,db2:item-req,600,600,,86352,False,
125532,Contender's Silk Amice,Tailoring,True,item,0,575,db2:item-req,600,600,,86353,False,
125533,Contender's Silk Raiment,Tailoring,True,item,0,590,db2:item-req,600,600,,86354,False,
125534,Contender's Silk Handwraps,Tailoring,True,item,0,565,db2:item-req,600,600,,86355,False,
125535,Contender's Silk Pants,Tailoring,True,item,0,565,db2:item-req,600,600,,86356,False,
125536,Contender's Silk Cuffs,Tailoring,True,item,0,555,db2:item-req,600,600,,86357,False,
125537,Contender's Silk Footwraps,Tailoring,True,item,0,565,db2:item-req,600,600,,86358,False,
125538,Contender's Silk Belt,Tailoring,True,item,0,565,db2:item-req,600,600,,86359,False,
125539,Contender's Satin Cowl,Tailoring,True,item,0,590,db2:item-req,600,600,,86360,False,
125540,Contender's Satin Amice,Tailoring,True,item,0,575,db2:item-req,600,600,,86361,False,
125541,Contender's Satin Raiment,Tailoring,True,item,0,590,db2:item-req,600,600,,86362,False,
125542,Contender's Satin Handwraps,Tailoring,True,item,0,565,db2:item-req,600,600,,86363,False,
125543,Contender's Satin Pants,Tailoring,True,item,0,565,db2:item-req,600,600,,86364,False,
125544,Contender's Satin Cuffs,Tailoring,True,item,0,555,db2:item-req,600,600,,86365,False,
125545,Contender's Satin Footwraps,Tailoring,True,item,0,565,db2:item-req,600,600,,86366,False,
125546,Contender's Satin Belt,Tailoring,True,item,0,565,db2:item-req,600,600,,86367,False,
125547,Spelltwister's Grand Robe,Tailoring,True,item,0,600,db2:item-req,600,600,,86368,False,
125548,Spelltwister's Gloves,Tailoring,True,item,0,600,db2:item-req,600,600,,86369,False,
125549,Robes of Creation,Tailoring,True,item,0,600,db2:item-req,600,600,,86370,False,
125550,Gloves of Creation,Tailoring,True,item,0,600,db2:item-req,600,600,,86371,False,
125551,Bolt of Windwool Cloth,Tailoring,True,item,0,500,db2:item-req,525,535,,86372,False,
125552,Pearlescent Spellthread,Tailoring,True,item,0,540,db2:item-req,550,600,,86373,False,
125553,Cerulean Spellthread,Tailoring,True,item,0,540,db2:item-req,560,600,,86374,False,
125554,Greater Pearlescent Spellthread,Tailoring,True,item,0,575,db2:item-req,600,600,,86375,False,
125555,Greater Cerulean Spellthread,Tailoring,True,item,0,575,db2:item-req,600,600,,86376,False,
125556,Royal Satchel,Tailoring,True,item,0,600,db2:item-req,600,600,,86377,False,
125557,Imperial Silk,Tailoring,True,item,0,525,db2:item-req,570,600,,86378,False,
125558,Robe of Eternal Rule,Tailoring,True,item,0,600,db2:item-req,600,600,,86379,False,
125559,Imperial Silk Gloves,Tailoring,True,item,0,600,db2:item-req,600,600,,86380,False,
125560,Legacy of the Emperor,Tailoring,True,item,0,600,db2:item-req,600,600,,86381,False,
125561,Touch of the Light,Tailoring,True,item,0,600,db2:item-req,600,600,,86382,False,
130325,Song of Harmony,Tailoring,True,residue,0,,,600,605,,,False,
134585,Bipsi's Gloves,Tailoring,True,residue,0,,,520,530,,,False,
137907,Crafted Dreadful Gladiator's Cape of Cruelty,Tailoring,True,residue,0,,,600,605,,,False,
137908,Crafted Dreadful Gladiator's Cape of Prowess,Tailoring,True,residue,0,,,600,605,,,False,
137909,Crafted Dreadful Gladiator's Cord of Cruelty,Tailoring,True,residue,0,,,600,605,,,False,
137910,Crafted Dreadful Gladiator's Cord of Accuracy,Tailoring,True,residue,0,,,600,605,,,False,
137911,Crafted Dreadful Gladiator's Cord of Meditation,Tailoring,True,residue,0,,,600,605,,,False,
137912,Crafted Dreadful Gladiator's Treads of Cruelty,Tailoring,True,residue,0,,,600,605,,,False,
137913,Crafted Dreadful Gladiator's Treads of Alacrity,Tailoring,True,residue,0,,,600,605,,,False,
137914,Crafted Dreadful Gladiator's Treads of Meditation,Tailoring,True,residue,0,,,600,605,,,False,
137915,Crafted Dreadful Gladiator's Cuffs of Accuracy,Tailoring,True,residue,0,,,600,605,,,False,
137916,Crafted Dreadful Gladiator's Cuffs of Prowess,Tailoring,True,residue,0,,,600,605,,,False,
137917,Crafted Dreadful Gladiator's Cuffs of Meditation,Tailoring,True,residue,0,,,600,605,,,False,
137918,Crafted Dreadful Gladiator's Drape of Cruelty,Tailoring,True,residue,0,,,600,605,,,False,
137919,Crafted Dreadful Gladiator's Drape of Prowess,Tailoring,True,residue,0,,,600,605,,,False,
137920,Crafted Dreadful Gladiator's Drape of Meditation,Tailoring,True,residue,0,,,600,605,,,False,
137921,Crafted Dreadful Gladiator's Silk Handguards,Tailoring,True,residue,0,,,600,605,,,False,
137922,Crafted Dreadful Gladiator's Silk Cowl,Tailoring,True,residue,0,,,600,605,,,False,
137923,Crafted Dreadful Gladiator's Silk Trousers,Tailoring,True,residue,0,,,600,605,,,False,
137924,Crafted Dreadful Gladiator's Silk Robe,Tailoring,True,residue,0,,,600,605,,,False,
137925,Crafted Dreadful Gladiator's Silk Amice,Tailoring,True,residue,0,,,600,605,,,False,
137926,Crafted Dreadful Gladiator's Mooncloth Gloves,Tailoring,True,residue,0,,,600,605,,,False,
137927,Crafted Dreadful Gladiator's Mooncloth Helm,Tailoring,True,residue,0,,,600,605,,,False,
137928,Crafted Dreadful Gladiator's Mooncloth Leggings,Tailoring,True,residue,0,,,600,605,,,False,
137929,Crafted Dreadful Gladiator's Mooncloth Robe,Tailoring,True,residue,0,,,600,605,,,False,
137930,Crafted Dreadful Gladiator's Mooncloth Mantle,Tailoring,True,residue,0,,,600,605,,,False,
137931,Crafted Dreadful Gladiator's Satin Gloves,Tailoring,True,residue,0,,,600,605,,,False,
137932,Crafted Dreadful Gladiator's Satin Hood,Tailoring,True,residue,0,,,600,605,,,False,
137933,Crafted Dreadful Gladiator's Satin Leggings,Tailoring,True,residue,0,,,600,605,,,False,
137934,Crafted Dreadful Gladiator's Satin Robe,Tailoring,True,residue,0,,,600,605,,,False,
137935,Crafted Dreadful Gladiator's Satin Mantle,Tailoring,True,residue,0,,,600,605,,,False,
137936,Crafted Dreadful Gladiator's Cloak of Alacrity,Tailoring,True,residue,0,,,600,605,,,False,
137937,Crafted Dreadful Gladiator's Cloak of Prowess,Tailoring,True,residue,0,,,600,605,,,False,
137938,Crafted Dreadful Gladiator's Felweave Handguards,Tailoring,True,residue,0,,,600,605,,,False,
137939,Crafted Dreadful Gladiator's Felweave Cowl,Tailoring,True,residue,0,,,600,605,,,False,
137940,Crafted Dreadful Gladiator's Felweave Trousers,Tailoring,True,residue,0,,,600,605,,,False,
137941,Crafted Dreadful Gladiator's Felweave Raiment,Tailoring,True,residue,0,,,600,605,,,False,
137942,Crafted Dreadful Gladiator's Felweave Amice,Tailoring,True,residue,0,,,600,605,,,False,
138597,Falling Blossom Treads,Tailoring,True,residue,0,,,600,605,,,False,
138598,Falling Blossom Cowl,Tailoring,True,residue,0,,,600,605,,,False,
138599,Falling Blossom Sandals,Tailoring,True,residue,0,,,600,605,,,False,
138600,Falling Blossom Hood,Tailoring,True,residue,0,,,600,605,,,False,
142951,White Cloud Leggings,Tailoring,True,residue,0,,,600,608,,,False,
142955,Leggings of the Night Sky,Tailoring,True,residue,0,,,600,608,,,False,
142960,White Cloud Belt,Tailoring,True,residue,0,,,600,608,,,False,
142964,Belt of the Night Sky,Tailoring,True,residue,0,,,600,608,,,False,
143011,Celestial Cloth,Tailoring,True,residue,0,,,600,605,,,False,
143053,Crafted Malevolent Gladiator's Cape of Cruelty,Tailoring,True,residue,0,,,600,606,,,False,
143054,Crafted Malevolent Gladiator's Cape of Prowess,Tailoring,True,residue,0,,,600,606,,,False,
143055,Crafted Malevolent Gladiator's Cord of Cruelty,Tailoring,True,residue,0,,,600,606,,,False,
143056,Crafted Malevolent Gladiator's Cord of Accuracy,Tailoring,True,residue,0,,,600,606,,,False,
143057,Crafted Malevolent Gladiator's Cord of Meditation,Tailoring,True,residue,0,,,600,606,,,False,
143058,Crafted Malevolent Gladiator's Treads of Cruelty,Tailoring,True,residue,0,,,600,606,,,False,
143059,Crafted Malevolent Gladiator's Treads of Alacrity,Tailoring,True,residue,0,,,600,606,,,False,
143060,Crafted Malevolent Gladiator's Treads of Meditation,Tailoring,True,residue,0,,,600,606,,,False,
143061,Crafted Malevolent Gladiator's Cuffs of Accuracy,Tailoring,True,residue,0,,,600,606,,,False,
143062,Crafted Malevolent Gladiator's Cuffs of Prowess,Tailoring,True,residue,0,,,600,606,,,False,
143063,Crafted Malevolent Gladiator's Cuffs of Meditation,Tailoring,True,residue,0,,,600,606,,,False,
143064,Crafted Malevolent Gladiator's Drape of Cruelty,Tailoring,True,residue,0,,,600,606,,,False,
143065,Crafted Malevolent Gladiator's Drape of Prowess,Tailoring,True,residue,0,,,600,606,,,False,
143066,Crafted Malevolent Gladiator's Drape of Meditation,Tailoring,True,residue,0,,,600,606,,,False,
143067,Crafted Malevolent Gladiator's Silk Handguards,Tailoring,True,residue,0,,,600,606,,,False,
143068,Crafted Malevolent Gladiator's Silk Cowl,Tailoring,True,residue,0,,,600,606,,,False,
143069,Crafted Malevolent Gladiator's Silk Trousers,Tailoring,True,residue,0,,,600,606,,,False,
143070,Crafted Malevolent Gladiator's Silk Robe,Tailoring,True,residue,0,,,600,606,,,False,
143071,Crafted Malevolent Gladiator's Silk Amice,Tailoring,True,residue,0,,,600,606,,,False,
143072,Crafted Malevolent Gladiator's Mooncloth Gloves,Tailoring,True,residue,0,,,600,606,,,False,
143073,Crafted Malevolent Gladiator's Mooncloth Helm,Tailoring,True,residue,0,,,600,606,,,False,
143074,Crafted Malevolent Gladiator's Mooncloth Leggings,Tailoring,True,residue,0,,,600,606,,,False,
143075,Crafted Malevolent Gladiator's Mooncloth Robe,Tailoring,True,residue,0,,,600,606,,,False,
143076,Crafted Malevolent Gladiator's Mooncloth Mantle,Tailoring,True,residue,0,,,600,606,,,False,
143077,Crafted Malevolent Gladiator's Satin Gloves,Tailoring,True,residue,0,,,600,606,,,False,
143078,Crafted Malevolent Gladiator's Satin Hood,Tailoring,True,residue,0,,,600,606,,,False,
143079,Crafted Malevolent Gladiator's Satin Leggings,Tailoring,True,residue,0,,,600,606,,,False,
143080,Crafted Malevolent Gladiator's Satin Robe,Tailoring,True,residue,0,,,600,606,,,False,
143081,Crafted Malevolent Gladiator's Satin Mantle,Tailoring,True,residue,0,,,600,606,,,False,
143082,Crafted Malevolent Gladiator's Cloak of Alacrity,Tailoring,True,residue,0,,,600,606,,,False,
143083,Crafted Malevolent Gladiator's Cloak of Prowess,Tailoring,True,residue,0,,,600,606,,,False,
143084,Crafted Malevolent Gladiator's Felweave Handguards,Tailoring,True,residue,0,,,600,606,,,False,
143085,Crafted Malevolent Gladiator's Felweave Cowl,Tailoring,True,residue,0,,,600,606,,,False,
143086,Crafted Malevolent Gladiator's Felweave Trousers,Tailoring,True,residue,0,,,600,606,,,False,
143087,Crafted Malevolent Gladiator's Felweave Raiment,Tailoring,True,residue,0,,,600,606,,,False,
143088,Crafted Malevolent Gladiator's Felweave Amice,Tailoring,True,residue,0,,,600,606,,,False,
146925,Accelerated Celestial Cloth,Tailoring,True,residue,0,,,600,605,,,False,
1216338,Bloodthirsty Embersilk Cape,Tailoring,True,residue,0,,,500,505,,,False,
1224154,Vicious Embersilk Belt,Tailoring,True,residue,0,,,515,525,,,False,
1224155,Vicious Embersilk Boots,Tailoring,True,residue,0,,,520,530,,,False,
1224156,Vicious Embersilk Bracers,Tailoring,True,residue,0,,,505,515,,,False,
1224157,Vicious Embersilk Cowl,Tailoring,True,item,0,525,db2:item-req,525,535,,238068,False,
1224158,Vicious Embersilk Gloves,Tailoring,True,residue,0,,,525,535,,,False,
1224159,Vicious Embersilk Pants,Tailoring,True,item,0,525,db2:item-req,525,535,,238069,False,
1224160,Vicious Embersilk Robe,Tailoring,True,item,0,525,db2:item-req,525,535,,238070,False,
1224161,Vicious Embersilk Shoulders,Tailoring,True,residue,0,,,515,525,,,False,
1224162,Vicious Fireweave Belt,Tailoring,True,residue,0,,,515,525,,,False,
1224163,Vicious Fireweave Boots,Tailoring,True,residue,0,,,520,530,,,False,
1224164,Vicious Fireweave Bracers,Tailoring,True,residue,0,,,505,515,,,False,
1224165,Vicious Fireweave Cowl,Tailoring,True,item,0,525,db2:item-req,525,535,,238071,False,
1224166,Vicious Fireweave Gloves,Tailoring,True,residue,0,,,525,535,,,False,
1224167,Vicious Fireweave Pants,Tailoring,True,item,0,525,db2:item-req,525,535,,238072,False,
1224168,Vicious Fireweave Robe,Tailoring,True,item,0,525,db2:item-req,525,535,,238073,False,
1224169,Vicious Fireweave Shoulders,Tailoring,True,residue,0,,,515,525,,,False,
1224208,Fireweave Belt,Tailoring,True,residue,0,,,515,525,,,False,
1224209,Emberfire Bracers,Tailoring,True,residue,0,,,505,515,,,False,
1224210,Fireweave Bracers,Tailoring,True,residue,0,,,505,515,,,False,
1224211,Emberfire Shoulders,Tailoring,True,residue,0,,,515,525,,,False,
1224212,Fireweave Shoulders,Tailoring,True,residue,0,,,515,525,,,False,
1224213,Emberfire Belt,Tailoring,True,residue,0,,,515,525,,,False,
1224214,Fireweave Boots,Tailoring,True,residue,0,,,520,530,,,False,
1224215,Emberfire Gloves,Tailoring,True,residue,0,,,525,535,,,False,
1224216,Fireweave Gloves,Tailoring,True,residue,0,,,525,535,,,False,
1224217,Emberfire Boots,Tailoring,True,residue,0,,,520,530,,,False,
1224218,Fireweave Pants,Tailoring,True,item,0,525,db2:item-req,525,535,,238127,False,
1224219,Fireweave Robe,Tailoring,True,item,0,525,db2:item-req,525,535,,238128,False,
1224220,Fireweave Cowl,Tailoring,True,item,0,525,db2:item-req,525,535,,238126,False,
1224221,Emberfire Robe,Tailoring,True,item,0,525,db2:item-req,525,535,,238125,False,
1224222,Emberfire Cowl,Tailoring,True,item,0,525,db2:item-req,525,535,,238123,False,
1224223,Emberfire Pants,Tailoring,True,item,0,525,db2:item-req,525,535,,238124,False,
