spell,name,profession,acq,orange,orange_src,yellow,yellow_src,grey,grey_src,green,wh_orange,wh_yellow,wh_green,wh_grey,wh_learn,wh_sources,mech28
2329,Elixir of Lion's Strength,Alchemy,auto,1,wh:grant,55,db2,95,db2,75,1,55,75,95,1,,False
2330,Minor Healing Potion,Alchemy,auto,1,wh:grant,55,db2,95,db2,75,1,55,75,95,1,,False
2331,Minor Mana Potion,Alchemy,trainer,25,wh:learn,65,db2,105,db2,85,25,65,85,105,25,trainer,False
2332,Minor Rejuvenation Potion,Alchemy,trainer,40,wh:learn,70,db2,110,db2,90,40,70,90,110,40,trainer,False
2333,Elixir of Lesser Agility,Alchemy,item,140,db2:item-req,165,db2,205,db2,185,140,165,185,205,140,quest,False
2334,Elixir of Minor Fortitude,Alchemy,item,50,db2:item-req,80,db2,120,db2,100,50,80,100,120,50,trainer,False
2335,Swiftness Potion,Alchemy,item,60,db2:item-req,90,db2,130,db2,110,60,90,110,130,60,quest+world+questreward,False
2337,Lesser Healing Potion,Alchemy,trainer,55,wh:learn,85,db2,125,db2,105,55,85,105,125,55,trainer,False
3170,Weak Troll's Blood Elixir,Alchemy,trainer,15,wh:learn,60,db2,100,db2,80,15,60,80,100,15,trainer,False
3171,Elixir of Wisdom,Alchemy,trainer,90,wh:learn,120,db2,160,db2,140,90,120,140,160,90,trainer,False
3173,Lesser Mana Potion,Alchemy,trainer,120,wh:learn,145,db2,185,db2,165,120,145,165,185,120,trainer,False
3174,Potion of Curing,Alchemy,item,120,db2:item-req,145,db2,185,db2,165,120,145,165,185,120,quest,False
3175,Limited Invulnerability Potion,Alchemy,item,250,db2:item-req,275,db2,315,db2,295,250,275,295,315,250,quest+world,False
3176,Strong Troll's Blood Elixir,Alchemy,trainer,125,wh:learn,150,db2,190,db2,170,125,150,170,190,125,trainer,False
3177,Elixir of Defense,Alchemy,trainer,130,wh:learn,155,db2,195,db2,175,130,155,175,195,130,trainer,False
3188,Elixir of Ogre's Strength,Alchemy,item,150,db2:item-req,175,db2,215,db2,195,150,175,195,215,150,quest+world,False
3230,Elixir of Minor Agility,Alchemy,item,50,db2:item-req,80,db2,120,db2,100,50,80,100,120,50,quest+world+questreward,False
3447,Healing Potion,Alchemy,trainer,110,wh:learn,135,db2,175,db2,155,110,135,155,175,110,trainer,False
3448,Lesser Invisibility Potion,Alchemy,trainer,165,wh:learn,185,db2,225,db2,205,165,185,205,225,165,trainer,False
3449,Shadow Oil,Alchemy,item,165,db2:item-req,190,db2,230,db2,210,165,190,210,230,165,world+trainer,False
3450,Elixir of Fortitude,Alchemy,item,175,db2:item-req,195,db2,235,db2,215,175,195,215,235,175,quest+trainer,False
3451,Major Troll's Blood Elixir,Alchemy,item,180,db2:item-req,200,db2,240,db2,220,180,200,220,240,180,quest,False
3452,Mana Potion,Alchemy,trainer,160,wh:learn,180,db2,220,db2,200,160,180,200,220,160,trainer,False
3453,Elixir of Detect Lesser Invisibility,Alchemy,item,195,db2:item-req,215,db2,255,db2,235,195,215,235,255,195,quest,False
3454,Frost Oil,Alchemy,item,200,db2:item-req,220,db2,260,db2,240,200,220,240,260,200,world,False
4508,Discolored Healing Potion,Alchemy,item,50,db2:item-req,80,db2,120,db2,100,50,80,100,120,50,,False
4942,Lesser Stoneshield Potion,Alchemy,item,215,db2:item-req,230,db2,270,db2,250,215,230,250,270,215,,False
6617,Rage Potion,Alchemy,item,60,db2:item-req,90,db2,130,db2,110,60,90,110,130,60,world,False
6618,Great Rage Potion,Alchemy,item,175,db2:item-req,195,db2,235,db2,215,175,195,215,235,175,world,False
6624,Free Action Potion,Alchemy,item,150,db2:item-req,175,db2,215,db2,195,150,175,195,215,150,world,False
7179,Elixir of Water Breathing,Alchemy,trainer,90,wh:learn,120,db2,160,db2,140,90,120,140,160,90,trainer,False
7181,Greater Healing Potion,Alchemy,trainer,155,wh:learn,175,db2,215,db2,195,155,175,195,215,155,trainer,False
7183,Elixir of Minor Defense,Alchemy,auto,1,wh:grant,55,db2,95,db2,75,1,55,75,95,1,,False
7255,Holy Protection Potion,Alchemy,item,100,db2:item-req,130,db2,170,db2,150,100,130,150,170,100,world,False
7256,Shadow Protection Potion,Alchemy,item,135,db2:item-req,160,db2,200,db2,180,135,160,180,200,135,world,False
7257,Fire Protection Potion,Alchemy,item,165,db2:item-req,210,db2,250,db2,230,165,210,230,250,165,world,False
7258,Frost Protection Potion,Alchemy,item,190,db2:item-req,205,db2,245,db2,225,190,205,225,245,190,world,False
7259,Nature Protection Potion,Alchemy,item,190,db2:item-req,210,db2,250,db2,230,190,210,230,250,190,world,False
7836,Blackmouth Oil,Alchemy,trainer,80,wh:learn,80,db2,100,db2,90,80,80,90,100,80,trainer,False
7837,Fire Oil,Alchemy,trainer,130,wh:learn,150,db2,170,db2,160,130,150,160,170,130,trainer,False
7841,Swim Speed Potion,Alchemy,trainer,100,wh:learn,130,db2,170,db2,150,100,130,150,170,100,trainer,False
7845,Elixir of Firepower,Alchemy,trainer,140,wh:learn,165,db2,205,db2,185,140,165,185,205,140,trainer,False
8240,Elixir of Giant Growth,Alchemy,item,90,db2:item-req,120,db2,160,db2,140,90,120,140,160,90,quest,False
11448,Greater Mana Potion,Alchemy,trainer,205,wh:learn,220,db2,260,db2,240,205,220,240,260,205,trainer,False
11449,Elixir of Agility,Alchemy,trainer,185,wh:learn,205,db2,245,db2,225,185,205,225,245,185,trainer,False
11450,Elixir of Greater Defense,Alchemy,trainer,195,wh:learn,215,db2,255,db2,235,195,215,235,255,195,trainer,False
11451,Oil of Immolation,Alchemy,trainer,205,wh:learn,220,db2,260,db2,240,205,220,240,260,205,trainer,False
11452,Restorative Potion,Alchemy,special,215,wh:learn,225,db2,265,db2,245,215,225,245,265,215,,False
11456,Goblin Rocket Fuel,Alchemy,item,210,db2:item-req,225,db2,265,db2,245,210,225,245,265,210,drop,False
11457,Superior Healing Potion,Alchemy,trainer,215,wh:learn,230,db2,270,db2,250,215,230,250,270,215,trainer,False
11458,Wildvine Potion,Alchemy,item,225,db2:item-req,240,db2,280,db2,260,225,240,260,280,225,quest,False
11459,Philosopher's Stone,Alchemy,item,225,db2:item-req,240,db2,280,db2,260,225,240,260,280,225,world,False
11460,Elixir of Detect Undead,Alchemy,trainer,230,wh:learn,245,db2,285,db2,265,230,245,265,285,230,trainer,False
11461,Arcane Elixir,Alchemy,trainer,235,wh:learn,250,db2,290,db2,270,235,250,270,290,235,trainer,False
11464,Invisibility Potion,Alchemy,item,235,db2:item-req,250,db2,290,db2,270,235,250,270,290,235,quest+world,False
11465,Elixir of Greater Intellect,Alchemy,trainer,235,wh:learn,250,db2,290,db2,270,235,250,270,290,235,trainer,False
11466,Gift of Arthas,Alchemy,item,240,db2:item-req,255,db2,295,db2,275,240,255,275,295,240,quest,False
11467,Elixir of Greater Agility,Alchemy,trainer,240,wh:learn,255,db2,295,db2,275,240,255,275,295,240,trainer,False
11468,Elixir of Dream Vision,Alchemy,item,240,db2:item-req,255,db2,295,db2,275,240,255,275,295,240,quest,False
11472,Elixir of Giants,Alchemy,item,245,db2:item-req,260,db2,300,db2,280,245,260,280,300,245,quest,False
11473,Ghost Dye,Alchemy,item,245,db2:item-req,260,db2,300,db2,280,245,260,280,300,245,world,False
11476,Elixir of Shadow Power,Alchemy,item,250,db2:item-req,265,db2,305,db2,285,250,265,285,305,250,world,False
11477,Elixir of Demonslaying,Alchemy,item,250,db2:item-req,265,db2,305,db2,285,250,265,285,305,250,world,False
11478,Elixir of Detect Demon,Alchemy,trainer,250,wh:learn,265,db2,305,db2,285,250,265,285,305,250,trainer,False
11479,Transmute: Iron to Gold,Alchemy,item,225,db2:item-req,240,db2,280,db2,260,225,240,260,280,225,world,False
11480,Transmute: Mithril to Truesilver,Alchemy,item,225,db2:item-req,240,db2,280,db2,260,225,240,260,280,225,world,False
12609,Catseye Elixir,Alchemy,trainer,200,wh:learn,220,db2,260,db2,240,200,220,240,260,200,trainer,False
15833,Dreamless Sleep Potion,Alchemy,trainer,230,wh:learn,245,db2,285,db2,265,230,245,265,285,230,trainer,False
17187,Transmute: Arcanite,Alchemy,item,275,db2:item-req,275,db2,290,db2,282,275,275,282,290,275,world,False
17551,Stonescale Oil,Alchemy,trainer,250,wh:learn,250,db2,260,db2,255,250,250,255,260,250,trainer,False
17552,Mighty Rage Potion,Alchemy,item,255,db2:item-req,270,db2,310,db2,290,255,270,290,310,255,quest+trainer,False
17553,Superior Mana Potion,Alchemy,item,260,db2:item-req,275,db2,315,db2,295,260,275,295,315,260,world+trainer,False
17554,Elixir of Superior Defense,Alchemy,item,265,db2:item-req,280,db2,320,db2,300,265,280,300,320,265,world,False
17555,Elixir of the Sages,Alchemy,item,270,db2:item-req,285,db2,325,db2,305,270,285,305,325,270,quest+trainer,False
17556,Major Healing Potion,Alchemy,item,275,db2:item-req,290,db2,330,db2,310,275,290,310,330,275,world+trainer,False
17557,Elixir of Brute Force,Alchemy,item,275,db2:item-req,290,db2,330,db2,310,275,290,310,330,275,quest+trainer,False
17559,Transmute: Air to Fire,Alchemy,item,275,db2:item-req,275,db2,290,db2,282,275,275,282,290,275,world,False
17560,Transmute: Fire to Earth,Alchemy,item,275,db2:item-req,275,db2,290,db2,282,275,275,282,290,275,world,False
17561,Transmute: Earth to Water,Alchemy,item,275,db2:item-req,275,db2,290,db2,282,275,275,282,290,275,world,False
17562,Transmute: Water to Air,Alchemy,item,275,db2:item-req,275,db2,290,db2,282,275,275,282,290,275,world,False
17563,Transmute: Undeath to Water,Alchemy,item,275,db2:item-req,275,db2,290,db2,282,275,275,282,290,275,quest,False
17564,Transmute: Water to Undeath,Alchemy,item,275,db2:item-req,275,db2,290,db2,282,275,275,282,290,275,quest,False
17565,Transmute: Life to Earth,Alchemy,item,275,db2:item-req,275,db2,290,db2,282,275,275,282,290,275,quest,False
17566,Transmute: Earth to Life,Alchemy,item,275,db2:item-req,275,db2,290,db2,282,275,275,282,290,275,quest,False
17570,Greater Stoneshield Potion,Alchemy,item,280,db2:item-req,295,db2,335,db2,315,280,295,315,335,280,quest,False
17571,Elixir of the Mongoose,Alchemy,item,280,db2:item-req,295,db2,335,db2,315,280,295,315,335,280,quest,False
17572,Purification Potion,Alchemy,item,285,db2:item-req,300,db2,340,db2,320,285,300,320,340,285,quest+trainer,False
17573,Greater Arcane Elixir,Alchemy,item,285,db2:item-req,300,db2,340,db2,320,285,300,320,340,285,quest+trainer,False
17574,Greater Fire Protection Potion,Alchemy,item,290,db2:item-req,305,db2,345,db2,325,290,305,325,345,290,quest,False
17575,Greater Frost Protection Potion,Alchemy,item,290,db2:item-req,305,db2,345,db2,325,290,305,325,345,290,quest,False
17576,Greater Nature Protection Potion,Alchemy,item,290,db2:item-req,305,db2,345,db2,325,290,305,325,345,290,quest+world,False
17577,Greater Arcane Protection Potion,Alchemy,item,290,db2:item-req,305,db2,345,db2,325,290,305,325,345,290,quest,False
17578,Greater Shadow Protection Potion,Alchemy,item,290,db2:item-req,305,db2,345,db2,325,290,305,325,345,290,quest,False
17579,Greater Holy Protection Potion,Alchemy,item,290,db2:item-req,305,db2,345,db2,325,,,,,,,False
17580,Major Mana Potion,Alchemy,item,295,db2:item-req,310,db2,350,db2,330,295,310,330,350,295,quest+world,False
17632,Alchemist Stone,Alchemy,item,300,wh:learn<item,365,db2,380,db2,372,300,365,372,380,300,world,False
17634,Potion of Petrification,Alchemy,item,300,db2:item-req,315,db2,330,db2,322,300,315,322,330,300,quest,False
17635,Flask of the Titans,Alchemy,item,300,db2:item-req,315,db2,330,db2,322,300,315,322,330,300,quest+world,False
17636,Flask of Distilled Wisdom,Alchemy,item,300,db2:item-req,315,db2,330,db2,322,300,315,322,330,300,quest+world,False
17637,Flask of Supreme Power,Alchemy,item,300,db2:item-req,315,db2,330,db2,322,300,315,322,330,300,quest+world,False
21923,Elixir of Frost Power,Alchemy,item,190,db2:item-req,210,db2,250,db2,230,190,210,230,250,190,quest,False
22732,Major Rejuvenation Potion,Alchemy,item,300,db2:item-req,310,db2,330,db2,320,300,310,320,330,300,quest,False
22808,Elixir of Greater Water Breathing,Alchemy,trainer,215,wh:learn,230,db2,270,db2,250,215,230,250,270,215,trainer,False
24266,Gurubashi Mojo Madness,Alchemy,special,315,wh:learn,315,db2,330,db2,322,0,315,322,330,315,,False
24365,Mageblood Elixir,Alchemy,item,275,db2:item-req,290,db2,330,db2,310,275,290,310,330,275,world,False
24366,Greater Dreamless Sleep Potion,Alchemy,item,275,db2:item-req,290,db2,330,db2,310,275,290,310,330,275,world,False
24367,Living Action Potion,Alchemy,item,285,db2:item-req,300,db2,340,db2,320,285,300,320,340,285,world,False
24368,Mighty Troll's Blood Elixir,Alchemy,item,290,db2:item-req,305,db2,345,db2,325,290,305,325,345,290,world,False
25146,Transmute: Elemental Fire,Alchemy,item,300,db2:item-req,301,db2,310,db2,305,300,301,305,310,300,world,False
26277,Elixir of Greater Firepower,Alchemy,item,250,db2:item-req,265,db2,305,db2,285,250,265,285,305,250,quest,False
28543,Elixir of Camouflage,Alchemy,item,305,db2:item-req,320,db2,335,db2,327,305,320,327,335,305,world,True
28544,Elixir of Major Strength,Alchemy,trainer,305,wh:learn,320,db2,335,db2,327,305,320,327,335,305,trainer,True
28545,Elixir of Healing Power,Alchemy,trainer,310,wh:learn,325,db2,340,db2,332,310,325,332,340,310,trainer,True
28546,Sneaking Potion,Alchemy,item,315,db2:item-req,330,db2,345,db2,337,315,330,337,345,315,world,True
28549,Elixir of Major Frost Power,Alchemy,item,320,db2:item-req,335,db2,350,db2,342,320,335,342,350,320,world,True
28550,Insane Strength Potion,Alchemy,item,320,db2:item-req,335,db2,350,db2,342,320,335,342,350,320,quest,True
28551,Super Healing Potion,Alchemy,trainer,325,wh:learn,340,db2,355,db2,347,325,340,347,355,325,trainer,True
28552,Elixir of the Searching Eye,Alchemy,item,325,db2:item-req,340,db2,355,db2,347,325,340,347,355,325,quest,True
28553,Elixir of Major Agility,Alchemy,item,330,db2:item-req,345,db2,360,db2,352,330,345,352,360,330,world,True
28554,Shrouding Potion,Alchemy,item,335,db2:item-req,350,db2,365,db2,357,335,350,357,365,335,world,True
28555,Super Mana Potion,Alchemy,item,340,db2:item-req,355,db2,370,db2,362,340,355,362,370,340,world,True
28556,Elixir of Major Firepower,Alchemy,item,345,db2:item-req,360,db2,375,db2,367,345,360,367,375,345,world,True
28557,Elixir of Major Defense,Alchemy,item,345,db2:item-req,360,db2,375,db2,367,345,360,367,375,345,world,True
28558,Elixir of Major Shadow Power,Alchemy,item,350,db2:item-req,365,db2,380,db2,372,350,365,372,380,350,world,True
28562,Major Dreamless Sleep Potion,Alchemy,item,350,db2:item-req,365,db2,380,db2,372,350,365,372,380,350,world,True
28563,Heroic Potion,Alchemy,item,350,db2:item-req,365,db2,380,db2,372,350,365,372,380,350,quest,True
28564,Haste Potion,Alchemy,item,350,db2:item-req,365,db2,380,db2,372,350,365,372,380,350,quest,True
28565,Destruction Potion,Alchemy,item,350,db2:item-req,365,db2,380,db2,372,350,365,372,380,350,quest,True
28566,Transmute: Primal Air to Fire,Alchemy,item,350,db2:item-req,365,db2,380,db2,372,350,365,372,380,350,world,True
28567,Transmute: Primal Earth to Water,Alchemy,item,350,db2:item-req,365,db2,380,db2,372,350,365,372,380,350,world,True
28568,Transmute: Primal Fire to Earth,Alchemy,item,350,db2:item-req,365,db2,380,db2,372,350,365,372,380,350,world,True
28569,Transmute: Primal Water to Air,Alchemy,item,350,db2:item-req,365,db2,380,db2,372,350,365,372,380,350,world,True
28570,Elixir of Major Mageblood,Alchemy,item,355,db2:item-req,370,db2,380,db2,375,355,370,375,380,355,quest,True
28571,Major Fire Protection Potion,Alchemy,item,360,db2:item-req,375,db2,380,db2,377,360,375,377,380,360,quest,True
28572,Major Frost Protection Potion,Alchemy,item,360,db2:item-req,375,db2,380,db2,377,360,375,377,380,360,quest,True
28573,Major Nature Protection Potion,Alchemy,item,360,db2:item-req,375,db2,380,db2,377,360,375,377,380,360,world,True
28575,Major Arcane Protection Potion,Alchemy,item,360,db2:item-req,375,db2,380,db2,377,360,375,377,380,360,quest,True
28576,Major Shadow Protection Potion,Alchemy,item,360,db2:item-req,375,db2,380,db2,377,360,375,377,380,360,quest,True
28577,Major Holy Protection Potion,Alchemy,item,360,db2:item-req,375,db2,380,db2,377,360,375,377,380,360,quest,False
28578,Elixir of Empowerment,Alchemy,item,365,db2:item-req,375,db2,380,db2,377,365,375,377,380,365,quest,True
28579,Ironshield Potion,Alchemy,item,365,db2:item-req,375,db2,380,db2,377,365,375,377,380,365,quest,True
28580,Transmute: Primal Shadow to Water,Alchemy,discovery,375,wh:learn,375,db2,380,db2,377,0,375,377,380,375,,True
28581,Transmute: Primal Water to Shadow,Alchemy,discovery,375,wh:learn,375,db2,380,db2,377,0,375,377,380,375,,True
28582,Transmute: Primal Mana to Fire,Alchemy,discovery,375,wh:learn,375,db2,380,db2,377,0,375,377,380,375,,True
28583,Transmute: Primal Fire to Mana,Alchemy,discovery,375,wh:learn,375,db2,380,db2,377,0,375,377,380,375,,True
28584,Transmute: Primal Life to Earth,Alchemy,discovery,375,wh:learn,375,db2,380,db2,377,0,375,377,380,375,,True
28585,Transmute: Primal Earth to Life,Alchemy,discovery,375,wh:learn,375,db2,380,db2,377,0,375,377,380,375,,True
28586,Super Rejuvenation Potion,Alchemy,discovery,375,wh:learn,375,db2,380,db2,377,0,375,377,380,375,,True
28587,Flask of Fortification,Alchemy,discovery,375,wh:learn,375,db2,380,db2,377,0,375,377,380,375,,True
28588,Flask of Mighty Restoration,Alchemy,discovery,375,wh:learn,375,db2,380,db2,377,0,375,377,380,375,,True
28589,Flask of Relentless Assault,Alchemy,discovery,375,wh:learn,375,db2,380,db2,377,0,375,377,380,375,,True
28590,Flask of Blinding Light,Alchemy,discovery,375,wh:learn,375,db2,380,db2,377,0,375,377,380,375,,True
28591,Flask of Pure Death,Alchemy,discovery,375,wh:learn,375,db2,380,db2,377,0,375,377,380,375,,True
29688,Transmute: Primal Might,Alchemy,item,350,db2:item-req,365,db2,380,db2,372,350,365,372,380,350,world,True
32765,Transmute: Earthstorm Diamond,Alchemy,item,350,db2:item-req,365,db2,380,db2,372,350,365,372,380,350,world,True
32766,Transmute: Skyfire Diamond,Alchemy,item,350,db2:item-req,365,db2,380,db2,372,350,365,372,380,350,world,True
33732,Volatile Healing Potion,Alchemy,trainer,300,wh:learn,315,db2,330,db2,322,300,315,322,330,300,trainer,True
33733,Unstable Mana Potion,Alchemy,trainer,310,wh:learn,325,db2,340,db2,332,310,325,332,340,310,trainer,True
33738,Onslaught Elixir,Alchemy,trainer,300,wh:learn,315,db2,330,db2,322,300,315,322,330,300,trainer,True
33740,Adept's Elixir,Alchemy,trainer,300,wh:learn,315,db2,330,db2,322,300,315,322,330,300,trainer,True
33741,Elixir of Mastery,Alchemy,trainer,315,wh:learn,330,db2,345,db2,337,315,330,337,345,315,trainer,True
38070,Mercurial Stone,Alchemy,trainer,325,wh:learn,340,db2,355,db2,347,325,340,347,355,325,trainer,False
38960,Fel Strength Elixir,Alchemy,item,335,db2:item-req,350,db2,365,db2,357,335,350,357,365,335,quest,True
38961,Fel Mana Potion,Alchemy,item,360,db2:item-req,375,db2,380,db2,377,360,375,377,380,360,quest,True
38962,Fel Regeneration Potion,Alchemy,item,345,db2:item-req,360,db2,375,db2,367,345,360,367,375,345,quest,True
39636,Elixir of Major Fortitude,Alchemy,trainer,310,wh:learn,325,db2,340,db2,332,310,325,332,340,310,trainer,True
39637,Earthen Elixir,Alchemy,item,320,db2:item-req,335,db2,350,db2,342,320,335,342,350,320,world,True
39638,Elixir of Draenic Wisdom,Alchemy,trainer,320,wh:learn,335,db2,350,db2,342,320,335,342,350,320,trainer,True
39639,Elixir of Ironskin,Alchemy,item,330,db2:item-req,345,db2,360,db2,352,330,345,352,360,330,world,True
41458,Cauldron of Major Arcane Protection,Alchemy,discovery,360,wh:learn,360,db2,380,db2,370,0,360,370,380,360,,False
41500,Cauldron of Major Fire Protection,Alchemy,discovery,360,wh:learn,360,db2,380,db2,370,0,360,370,380,360,,False
41501,Cauldron of Major Frost Protection,Alchemy,discovery,360,wh:learn,360,db2,380,db2,370,0,360,370,380,360,,False
41502,Cauldron of Major Nature Protection,Alchemy,discovery,360,wh:learn,360,db2,380,db2,370,0,360,370,380,360,,False
41503,Cauldron of Major Shadow Protection,Alchemy,discovery,360,wh:learn,360,db2,380,db2,370,0,360,370,380,360,,False
45061,Mad Alchemist's Potion,Alchemy,item,325,db2:item-req,335,db2,350,db2,342,325,335,342,350,325,trainer,True
47046,Guardian's Alchemist Stone,Alchemy,item,375,db2:item-req,380,db2,390,db2,385,375,380,385,390,375,world,False
47048,Sorcerer's Alchemist Stone,Alchemy,item,375,db2:item-req,380,db2,390,db2,385,375,380,385,390,375,world,False
47049,Redeemer's Alchemist Stone,Alchemy,item,375,db2:item-req,380,db2,390,db2,385,375,380,385,390,375,world,False
47050,Assassin's Alchemist Stone,Alchemy,item,375,db2:item-req,380,db2,390,db2,385,375,380,385,390,375,world,False
53771,Transmute: Eternal Life to Shadow,Alchemy,discovery,405,wh:learn,405,db2,425,db2,415,0,405,415,425,405,,True
53773,Transmute: Eternal Life to Fire,Alchemy,discovery,405,wh:learn,405,db2,425,db2,415,0,405,415,425,405,,True
53774,Transmute: Eternal Fire to Water,Alchemy,discovery,405,wh:learn,405,db2,425,db2,415,0,405,415,425,405,,True
53775,Transmute: Eternal Fire to Life,Alchemy,discovery,405,wh:learn,405,db2,425,db2,415,0,405,415,425,405,,True
53776,Transmute: Eternal Air to Water,Alchemy,discovery,405,wh:learn,405,db2,425,db2,415,0,405,415,425,405,,True
53777,Transmute: Eternal Air to Earth,Alchemy,discovery,405,wh:learn,405,db2,425,db2,415,0,405,415,425,405,,True
53779,Transmute: Eternal Shadow to Earth,Alchemy,discovery,405,wh:learn,405,db2,425,db2,415,0,405,415,425,405,,True
53780,Transmute: Eternal Shadow to Life,Alchemy,discovery,405,wh:learn,405,db2,425,db2,415,0,405,415,425,405,,True
53781,Transmute: Eternal Earth to Air,Alchemy,discovery,405,wh:learn,405,db2,425,db2,415,0,405,415,425,405,,True
53782,Transmute: Eternal Earth to Shadow,Alchemy,discovery,405,wh:learn,405,db2,425,db2,415,0,405,415,425,405,,True
53783,Transmute: Eternal Water to Air,Alchemy,discovery,405,wh:learn,405,db2,425,db2,415,0,405,415,425,405,,True
53784,Transmute: Eternal Water to Fire,Alchemy,discovery,405,wh:learn,405,db2,425,db2,415,0,405,415,425,405,,True
53812,Pygmy Oil,Alchemy,trainer,375,wh:learn,380,db2,390,db2,385,375,380,385,390,375,trainer,False
53836,Runic Healing Potion,Alchemy,trainer,405,wh:learn,410,db2,425,db2,417,405,410,417,425,405,trainer,True
53837,Runic Mana Potion,Alchemy,trainer,410,wh:learn,415,db2,430,db2,422,410,415,422,430,410,trainer,True
53838,Resurgent Healing Potion,Alchemy,trainer,350,wh:learn,360,db2,380,db2,370,350,360,370,380,350,trainer,True
53839,Icy Mana Potion,Alchemy,trainer,360,wh:learn,365,db2,385,db2,375,360,365,375,385,360,trainer,True
53840,Elixir of Mighty Agility,Alchemy,trainer,395,wh:learn,400,db2,415,db2,407,395,400,407,415,395,trainer,True
53841,Wrath Elixir,Alchemy,trainer,355,wh:learn,365,db2,385,db2,375,355,365,375,385,355,trainer,True
53842,Spellpower Elixir,Alchemy,trainer,365,wh:learn,375,db2,390,db2,382,365,375,382,390,365,trainer,True
53847,Elixir of Spirit,Alchemy,trainer,385,wh:learn,390,db2,400,db2,395,385,390,395,400,385,trainer,True
53848,Guru's Elixir,Alchemy,trainer,375,wh:learn,380,db2,390,db2,385,375,380,385,390,375,trainer,True
53895,Crazy Alchemist's Potion,Alchemy,discovery,400,wh:learn,415,db2,430,db2,422,400,415,422,430,400,discovery,True
53898,Elixir of Mighty Fortitude,Alchemy,trainer,390,wh:learn,395,db2,405,db2,400,390,395,400,405,390,trainer,True
53899,Lesser Flask of Toughness,Alchemy,trainer,375,wh:learn,380,db2,390,db2,385,375,380,385,390,375,trainer,True
53900,Potion of Nightmares,Alchemy,trainer,380,wh:learn,385,db2,395,db2,390,380,385,390,395,380,trainer,True
53901,Flask of the Frost Wyrm,Alchemy,trainer,435,wh:learn,450,db2,465,db2,457,435,450,457,465,435,trainer,True
53902,Flask of Stoneblood,Alchemy,trainer,435,wh:learn,450,db2,465,db2,457,435,450,457,465,435,trainer,True
53903,Flask of Endless Rage,Alchemy,trainer,435,wh:learn,450,db2,465,db2,457,435,450,457,465,435,trainer,True
53904,Powerful Rejuvenation Potion,Alchemy,discovery,400,wh:learn,415,db2,430,db2,422,400,415,422,430,400,discovery,True
53905,Indestructible Potion,Alchemy,trainer,395,wh:learn,415,db2,430,db2,422,395,415,422,430,395,trainer,True
53936,Mighty Arcane Protection Potion,Alchemy,item,400,db2:item-req,410,db2,420,db2,415,400,410,415,420,400,quest,True
53937,Mighty Frost Protection Potion,Alchemy,item,400,db2:item-req,410,db2,420,db2,415,400,410,415,420,400,quest,True
53938,Mighty Shadow Protection Potion,Alchemy,item,400,db2:item-req,410,db2,420,db2,415,400,410,415,420,400,quest,True
53939,Mighty Fire Protection Potion,Alchemy,item,400,db2:item-req,410,db2,420,db2,415,400,410,415,420,400,quest,True
53942,Mighty Nature Protection Potion,Alchemy,item,400,db2:item-req,410,db2,420,db2,415,400,410,415,420,400,quest,True
54020,Transmute: Eternal Might,Alchemy,unobtainable,,,445,,460,,,,,,,,,True
54213,Flask of Pure Mojo,Alchemy,trainer,435,wh:learn,450,db2,465,db2,457,435,450,457,465,435,trainer,True
54218,Elixir of Mighty Strength,Alchemy,trainer,385,wh:learn,390,db2,400,db2,395,385,390,395,400,385,trainer,True
54220,Elixir of Protection,Alchemy,discovery,400,wh:learn,415,db2,430,db2,422,400,415,422,430,400,discovery,True
54221,Potion of Speed,Alchemy,discovery,400,wh:learn,415,db2,430,db2,422,400,415,422,430,400,discovery,True
54222,Potion of Wild Magic,Alchemy,discovery,400,wh:learn,415,db2,430,db2,422,400,415,422,430,400,discovery,True
56519,Elixir of Mighty Mageblood,Alchemy,discovery,400,wh:learn,415,db2,430,db2,422,400,415,422,430,400,discovery,True
57425,Transmute: Skyflare Diamond,Alchemy,trainer,430,wh:learn,440,db2,450,db2,445,430,440,445,450,430,trainer,True
57427,Transmute: Earthsiege Diamond,Alchemy,trainer,425,wh:learn,435,db2,445,db2,440,425,435,440,445,425,trainer,True
58868,Endless Mana Potion,Alchemy,trainer,410,wh:learn,415,db2,420,db2,417,410,415,417,420,410,trainer,False
58871,Endless Healing Potion,Alchemy,trainer,410,wh:learn,410,db2,415,db2,412,410,410,412,415,410,trainer,False
60350,Transmute: Titanium,Alchemy,trainer,395,wh:learn,420,db2,440,db2,430,395,420,430,440,395,trainer,True
60354,Elixir of Accuracy,Alchemy,discovery,400,wh:learn,415,db2,430,db2,422,400,415,422,430,400,discovery,True
60355,Elixir of Deadly Strikes,Alchemy,discovery,400,wh:learn,415,db2,430,db2,422,400,415,422,430,400,discovery,True
60356,Elixir of Mighty Defense,Alchemy,discovery,400,wh:learn,415,db2,430,db2,422,400,415,422,430,400,discovery,True
60357,Elixir of Expertise,Alchemy,discovery,400,wh:learn,415,db2,430,db2,422,400,415,422,430,400,discovery,True
60365,Elixir of Armor Piercing,Alchemy,discovery,400,wh:learn,415,db2,430,db2,422,400,415,422,430,400,discovery,True
60366,Elixir of Lightning Speed,Alchemy,discovery,400,wh:learn,415,db2,430,db2,422,400,415,422,430,400,discovery,True
60367,Elixir of Mighty Thoughts,Alchemy,trainer,395,wh:learn,400,db2,415,db2,407,395,400,407,415,395,trainer,True
60396,Mercurial Alchemist Stone,Alchemy,trainer,400,wh:learn,420,db2,430,db2,425,400,420,425,430,400,trainer,False
60403,Indestructible Alchemist Stone,Alchemy,trainer,400,wh:learn,420,db2,430,db2,425,400,420,425,430,400,trainer,False
60405,Mighty Alchemist Stone,Alchemy,trainer,400,wh:learn,420,db2,430,db2,425,400,420,425,430,400,trainer,False
60893,Northrend Alchemy Research,Alchemy,trainer,400,wh:learn,415,db2,430,db2,422,400,415,422,430,400,trainer,False
62409,Ethereal Oil,Alchemy,trainer,375,wh:learn,380,db2,390,db2,385,375,380,385,390,375,trainer,False
62410,Elixir of Water Walking,Alchemy,discovery,400,wh:learn,415,db2,430,db2,422,400,415,422,430,400,discovery,False
63732,Elixir of Minor Accuracy,Alchemy,trainer,135,wh:learn,160,db2,200,db2,180,135,160,180,200,135,trainer,False
66658,Transmute: Ametrine,Alchemy,special,450,wh:learn,440,db2,465,db2,452,0,450,452,465,450,trainer,True
66659,Transmute: Cardinal Ruby,Alchemy,special,440,wh:learn,440,db2,465,db2,452,0,440,452,465,440,vendor,True
66660,Transmute: King's Amber,Alchemy,special,450,wh:learn,440,db2,465,db2,452,0,450,452,465,450,trainer,True
66662,Transmute: Dreadstone,Alchemy,special,450,wh:learn,440,db2,465,db2,452,0,450,452,465,450,trainer,True
66663,Transmute: Majestic Zircon,Alchemy,special,450,wh:learn,440,db2,465,db2,452,0,450,452,465,450,trainer,True
66664,Transmute: Eye of Zul,Alchemy,special,450,wh:learn,440,db2,465,db2,452,0,450,452,465,450,vendor+trainer,True
78866,Transmute: Living Elements,Alchemy,trainer,485,wh:learn,510,db2,520,db2,515,485,510,515,520,485,trainer,True
80237,Transmute: Shadowspirit Diamond,Alchemy,trainer,525,wh:learn,525,db2,535,db2,530,525,525,530,535,525,trainer,True
80243,Transmute: Truegold,Alchemy,trainer,525,wh:learn,525,db2,535,db2,530,525,525,530,535,525,trainer,True
80244,Transmute: Pyrium Bar,Alchemy,trainer,520,wh:learn,525,db2,535,db2,530,520,525,530,535,520,trainer,True
80245,Transmute: Inferno Ruby,Alchemy,trainer,525,wh:learn,525,db2,535,db2,530,525,525,530,535,525,trainer,True
80246,Transmute: Ocean Sapphire,Alchemy,trainer,515,wh:learn,520,db2,530,db2,525,515,520,525,530,515,trainer,True
80247,Transmute: Amberjewel,Alchemy,trainer,520,wh:learn,525,db2,535,db2,530,520,525,530,535,520,trainer,True
80248,Transmute: Demonseye,Alchemy,trainer,515,wh:learn,520,db2,530,db2,525,515,520,525,530,515,trainer,True
80250,Transmute: Ember Topaz,Alchemy,trainer,510,wh:learn,515,db2,525,db2,520,510,515,520,525,510,trainer,True
80251,Transmute: Dream Emerald,Alchemy,trainer,505,wh:learn,510,db2,520,db2,515,505,510,515,520,505,trainer,True
80269,Potion of Illusion,Alchemy,trainer,460,wh:learn,470,db2,480,db2,475,460,470,475,480,460,trainer,True
80477,Ghost Elixir,Alchemy,trainer,450,wh:learn,455,db2,465,db2,460,450,455,460,465,450,trainer,True
80478,Earthen Potion,Alchemy,trainer,450,wh:learn,455,db2,465,db2,460,450,455,460,465,450,trainer,True
80479,Deathblood Venom,Alchemy,trainer,455,wh:learn,460,db2,470,db2,465,455,460,465,470,455,trainer,True
80480,Elixir of the Naga,Alchemy,trainer,455,wh:learn,460,db2,470,db2,465,455,460,465,470,455,trainer,True
80481,Volcanic Potion,Alchemy,trainer,460,wh:learn,465,db2,475,db2,470,460,465,470,475,460,trainer,True
80482,Potion of Concentration,Alchemy,trainer,465,wh:learn,470,db2,480,db2,475,465,470,475,480,465,trainer,True
80484,Elixir of the Cobra,Alchemy,trainer,465,wh:learn,470,db2,480,db2,475,465,470,475,480,465,trainer,True
80486,Deepstone Oil,Alchemy,trainer,470,wh:learn,475,db2,485,db2,480,470,475,480,485,470,trainer,True
80487,Mysterious Potion,Alchemy,trainer,470,wh:learn,475,db2,485,db2,480,470,475,480,485,470,trainer,True
80488,Elixir of Deep Earth,Alchemy,trainer,475,wh:learn,480,db2,490,db2,485,475,480,485,490,475,trainer,True
80490,Mighty Rejuvenation Potion,Alchemy,trainer,475,wh:learn,480,db2,490,db2,485,475,480,485,490,475,trainer,True
80491,Elixir of Impossible Accuracy,Alchemy,trainer,480,wh:learn,485,db2,495,db2,490,480,485,490,495,480,trainer,True
80492,Prismatic Elixir,Alchemy,trainer,480,wh:learn,485,db2,495,db2,490,480,485,490,495,480,trainer,True
80493,Elixir of Mighty Speed,Alchemy,trainer,490,wh:learn,495,db2,505,db2,500,490,495,500,505,490,trainer,True
80494,Mythical Mana Potion,Alchemy,trainer,485,wh:learn,490,db2,500,db2,495,485,490,495,500,485,trainer,True
80495,Potion of the Tol'vir,Alchemy,trainer,485,wh:learn,490,db2,500,db2,495,485,490,495,500,485,trainer,True
80496,Golemblood Potion,Alchemy,trainer,490,wh:learn,495,db2,505,db2,500,490,495,500,505,490,trainer,True
80497,Elixir of the Master,Alchemy,trainer,495,wh:learn,500,db2,510,db2,505,495,500,505,510,495,trainer,True
80498,Mythical Healing Potion,Alchemy,trainer,495,wh:learn,500,db2,510,db2,505,495,500,505,510,495,trainer,True
80508,Lifebound Alchemist Stone,Alchemy,trainer,500,wh:learn,510,db2,515,db2,512,500,510,512,515,500,trainer,False
80719,Flask of Steelskin,Alchemy,trainer,500,wh:learn,505,db2,515,db2,510,500,505,510,515,500,trainer,True
80720,Flask of the Draconic Mind,Alchemy,trainer,505,wh:learn,510,db2,520,db2,515,505,510,515,520,505,trainer,True
80721,Flask of the Winds,Alchemy,trainer,510,wh:learn,515,db2,525,db2,520,510,515,520,525,510,trainer,True
80723,Flask of Titanic Strength,Alchemy,trainer,510,wh:learn,515,db2,525,db2,520,510,515,520,525,510,trainer,True
80725,Potion of Deepholm,Alchemy,trainer,525,wh:learn,525,db2,535,db2,530,525,525,530,535,525,trainer,True
80726,Potion of Treasure Finding,Alchemy,trainer,525,wh:learn,525,db2,535,db2,530,525,525,530,535,525,trainer,True
92643,Cauldron of Battle,Alchemy,item,525,db2:item-req,525,db2,525,db2,525,525,525,525,525,525,world+achievement,False
92688,Big Cauldron of Battle,Alchemy,item,525,db2:item-req,525,db2,525,db2,525,525,525,525,525,525,world+achievement,False
93328,Vial of the Sands,Alchemy,item,525,db2:item-req,525,db2,535,db2,530,525,525,530,535,525,quest,True
93935,Draught of War,Alchemy,trainer,425,wh:learn,440,db2,460,db2,450,425,440,450,460,425,trainer,True
94162,Flask of Flowing Water,Alchemy,trainer,500,wh:learn,505,db2,515,db2,510,500,505,510,515,500,trainer,True
96252,Volatile Alchemist Stone,Alchemy,trainer,500,wh:learn,510,db2,515,db2,512,500,510,512,515,500,trainer,False
96253,Quicksilver Alchemist Stone,Alchemy,trainer,500,wh:learn,510,db2,515,db2,512,500,510,512,515,500,trainer,False
96254,Vibrant Alchemist Stone,Alchemy,trainer,500,wh:learn,510,db2,515,db2,512,500,510,512,515,500,trainer,False
114751,Alchemist's Rejuvenation,Alchemy,item,500,db2:item-req,515,db2,535,db2,525,500,515,525,535,500,trainer,True
114752,Master Healing Potion,Alchemy,item,500,db2:item-req,515,db2,535,db2,525,500,515,525,535,500,trainer,True
114753,Potion of the Mountains,Alchemy,item,525,db2:item-req,540,db2,565,db2,552,525,540,552,565,525,,True
114754,Mad Hozen Elixir,Alchemy,item,525,db2:item-req,540,db2,565,db2,552,525,540,552,565,525,,True
114755,Mantid Elixir,Alchemy,item,525,db2:item-req,540,db2,565,db2,552,525,540,552,565,525,,True
114756,Elixir of Weaponry,Alchemy,item,525,db2:item-req,540,db2,565,db2,552,525,540,552,565,525,,True
114757,Potion of the Jade Serpent,Alchemy,item,525,db2:item-req,540,db2,565,db2,552,525,540,552,565,525,,True
114758,Monk's Elixir,Alchemy,item,525,db2:item-req,540,db2,565,db2,552,525,540,552,565,525,,True
114759,Elixir of the Rapids,Alchemy,item,550,db2:item-req,565,db2,590,db2,577,550,565,577,590,550,,True
114760,Potion of Mogu Power,Alchemy,item,550,db2:item-req,565,db2,590,db2,577,550,565,577,590,550,,True
114761,Desecrated Oil,Alchemy,item,550,db2:item-req,540,db2,565,db2,552,0,550,552,565,550,,True
114762,Elixir of Perfection,Alchemy,item,550,db2:item-req,565,db2,590,db2,577,550,565,577,590,550,,True
114763,Elixir of Mirrors,Alchemy,item,550,db2:item-req,565,db2,590,db2,577,550,565,577,590,550,,True
114764,Elixir of Peace,Alchemy,item,550,db2:item-req,565,db2,590,db2,577,550,565,577,590,550,,True
114765,Virmen's Bite,Alchemy,item,550,db2:item-req,565,db2,590,db2,577,550,565,577,590,550,,True
114766,Transmute: River's Heart,Alchemy,item,550,db2:item-req,600,db2,610,db2,605,550,600,605,610,550,,True
114767,Transmute: Wild Jade,Alchemy,item,550,db2:item-req,600,db2,610,db2,605,550,600,605,610,550,,True
114769,Flask of Spring Blossoms,Alchemy,item,550,db2:item-req,600,db2,605,db2,602,550,600,602,605,550,,True
114770,Flask of the Earth,Alchemy,item,550,db2:item-req,600,db2,605,db2,602,550,600,602,605,550,,True
114771,Flask of the Warm Sun,Alchemy,item,550,db2:item-req,600,db2,605,db2,602,550,600,602,605,550,,True
114772,Flask of Falling Leaves,Alchemy,item,550,db2:item-req,600,db2,605,db2,602,550,600,602,605,550,,True
114773,Flask of Winter's Bite,Alchemy,item,550,db2:item-req,600,db2,605,db2,602,550,600,602,605,550,,True
114774,Darkwater Potion,Alchemy,item,575,db2:item-req,565,db2,590,db2,577,0,575,577,590,575,,True
114775,Master Mana Potion,Alchemy,item,575,db2:item-req,600,db2,605,db2,602,575,600,602,605,575,,True
114776,Transmute: Vermilion Onyx,Alchemy,item,575,db2:item-req,600,db2,610,db2,605,575,600,605,610,575,,True
114777,Transmute: Imperial Amethyst,Alchemy,item,575,db2:item-req,600,db2,610,db2,605,575,600,605,610,575,,True
114778,Transmute: Sun's Radiance,Alchemy,item,575,db2:item-req,600,db2,610,db2,605,575,600,605,610,575,,True
114779,Potion of Luck,Alchemy,item,600,db2:item-req,605,db2,615,db2,610,600,605,610,615,600,,True
114780,Transmute: Living Steel,Alchemy,item,600,db2:item-req,605,db2,615,db2,610,600,605,610,615,600,,True
114781,Transmute: Primal Diamond,Alchemy,item,600,db2:item-req,600,db2,610,db2,605,600,600,605,610,600,,True
114782,Potion of Focus,Alchemy,item,600,db2:item-req,565,db2,590,db2,577,0,0,0,600,600,,True
114783,Transmute: Trillium Bar,Alchemy,item,600,db2:item-req,600,db2,610,db2,605,600,600,605,610,600,,True
114784,Transmute: Primordial Ruby,Alchemy,item,600,db2:item-req,600,db2,610,db2,605,600,600,605,610,600,,True
114786,Alchemist's Flask,Alchemy,item,300,wh:learn<item,315,db2,325,db2,320,300,315,320,325,300,trainer,True
130326,Riddle of Steel,Alchemy,discovery,605,wh:learn,605,db2,615,db2,610,0,605,610,615,605,,True
136197,Zen Alchemist Stone,Alchemy,trainer,500,wh:learn,515,db2,535,db2,525,500,515,525,535,500,trainer,True
1245411,Venerable Potion of Invisibility,Alchemy,item,550,db2:item-req,540,db2,565,db2,552,0,550,552,565,550,world,False
2660,Rough Sharpening Stone,Blacksmithing,auto,1,wh:grant,15,db2,55,db2,35,1,15,35,55,1,,False
2661,Copper Chain Belt,Blacksmithing,trainer,35,wh:learn,75,db2,115,db2,95,35,75,95,115,35,trainer,False
2662,Copper Chain Pants,Blacksmithing,trainer,1,wh:learn,50,db2,90,db2,70,1,50,70,90,1,trainer,False
2663,Copper Bracers,Blacksmithing,auto,1,wh:grant,20,db2,60,db2,40,1,20,40,60,1,,False
2664,Runed Copper Bracers,Blacksmithing,trainer,90,wh:learn,115,db2,140,db2,127,90,115,127,140,90,trainer,False
2665,Coarse Sharpening Stone,Blacksmithing,trainer,65,wh:learn,65,db2,80,db2,72,65,65,72,80,65,trainer,False
2666,Runed Copper Belt,Blacksmithing,trainer,70,wh:learn,110,db2,150,db2,130,70,110,130,150,70,trainer,False
2667,Runed Copper Breastplate,Blacksmithing,item,80,db2:item-req,120,db2,160,db2,140,80,120,140,160,80,quest+questreward,False
2668,Rough Bronze Leggings,Blacksmithing,trainer,105,wh:learn,145,db2,175,db2,160,105,145,160,175,105,trainer,False
2670,Rough Bronze Cuirass,Blacksmithing,trainer,105,wh:learn,145,db2,175,db2,160,105,145,160,175,105,trainer,False
2671,Rough Bronze Bracers,Blacksmithing,item,100,db2:item-req,145,db2,175,db2,160,,,,,,,False
2672,Patterned Bronze Bracers,Blacksmithing,trainer,120,wh:learn,150,db2,180,db2,165,120,150,165,180,120,trainer,False
2673,Silvered Bronze Breastplate,Blacksmithing,item,130,db2:item-req,160,db2,190,db2,175,130,160,175,190,130,quest,False
2674,Heavy Sharpening Stone,Blacksmithing,trainer,125,wh:learn,125,db2,140,db2,132,125,125,132,140,125,trainer,False
2675,Shining Silver Breastplate,Blacksmithing,trainer,145,wh:learn,175,db2,205,db2,190,145,175,190,205,145,trainer,False
2737,Copper Mace,Blacksmithing,trainer,15,wh:learn,55,db2,95,db2,75,15,55,75,95,15,trainer,False
2738,Copper Axe,Blacksmithing,trainer,20,wh:learn,60,db2,100,db2,80,20,60,80,100,20,trainer,False
2739,Copper Shortsword,Blacksmithing,trainer,25,wh:learn,65,db2,105,db2,85,25,65,85,105,25,trainer,False
2740,Bronze Mace,Blacksmithing,trainer,110,wh:learn,140,db2,170,db2,155,110,140,155,170,110,trainer,False
2741,Bronze Axe,Blacksmithing,trainer,115,wh:learn,145,db2,175,db2,160,115,145,160,175,115,trainer,False
2742,Bronze Shortsword,Blacksmithing,trainer,120,wh:learn,150,db2,180,db2,165,120,150,165,180,120,trainer,False
3115,Rough Weightstone,Blacksmithing,auto,1,wh:grant,15,db2,55,db2,35,1,15,35,55,1,,False
3116,Coarse Weightstone,Blacksmithing,trainer,65,wh:learn,65,db2,80,db2,72,65,65,72,80,65,trainer,False
3117,Heavy Weightstone,Blacksmithing,trainer,125,wh:learn,125,db2,140,db2,132,125,125,132,140,125,trainer,False
3292,Heavy Copper Broadsword,Blacksmithing,trainer,95,wh:learn,135,db2,175,db2,155,95,135,155,175,95,trainer,False
3293,Copper Battle Axe,Blacksmithing,trainer,35,wh:learn,75,db2,115,db2,95,35,75,95,115,35,trainer,False
3294,Thick War Axe,Blacksmithing,trainer,70,wh:learn,110,db2,150,db2,130,70,110,130,150,70,trainer,False
3295,Deadly Bronze Poniard,Blacksmithing,item,125,db2:item-req,155,db2,185,db2,170,125,155,170,185,125,quest+world,False
3296,Heavy Bronze Mace,Blacksmithing,trainer,130,wh:learn,160,db2,190,db2,175,130,160,175,190,130,trainer,False
3297,Mighty Iron Hammer,Blacksmithing,item,145,db2:item-req,175,db2,205,db2,190,145,175,190,205,145,quest,False
3319,Copper Chain Boots,Blacksmithing,trainer,20,wh:learn,60,db2,100,db2,80,20,60,80,100,20,trainer,False
3320,Rough Grinding Stone,Blacksmithing,trainer,25,wh:learn,45,db2,85,db2,65,25,45,65,85,25,trainer,False
3321,Copper Chain Vest,Blacksmithing,item,35,db2:item-req,75,db2,115,db2,95,35,75,95,115,35,quest+world+questreward,False
3323,Runed Copper Gauntlets,Blacksmithing,trainer,40,wh:learn,80,db2,120,db2,100,40,80,100,120,40,trainer,False
3324,Runed Copper Pants,Blacksmithing,trainer,45,wh:learn,85,db2,125,db2,105,45,85,105,125,45,trainer,False
3325,Gemmed Copper Gauntlets,Blacksmithing,item,60,db2:item-req,100,db2,140,db2,120,60,100,120,140,60,quest+world+questreward,False
3326,Coarse Grinding Stone,Blacksmithing,trainer,75,wh:learn,75,db2,100,db2,87,75,75,87,100,75,trainer,False
3328,Rough Bronze Shoulders,Blacksmithing,trainer,110,wh:learn,140,db2,170,db2,155,110,140,155,170,110,trainer,False
3330,Silvered Bronze Shoulders,Blacksmithing,item,125,db2:item-req,155,db2,185,db2,170,125,155,170,185,125,quest,False
3331,Silvered Bronze Boots,Blacksmithing,trainer,130,wh:learn,160,db2,190,db2,175,130,160,175,190,130,trainer,False
3333,Silvered Bronze Gauntlets,Blacksmithing,trainer,135,wh:learn,165,db2,195,db2,180,135,165,180,195,135,trainer,False
3334,Green Iron Boots,Blacksmithing,item,145,db2:item-req,175,db2,205,db2,190,145,175,190,205,145,quest,False
3336,Green Iron Gauntlets,Blacksmithing,item,150,db2:item-req,180,db2,210,db2,195,150,180,195,210,150,quest,False
3337,Heavy Grinding Stone,Blacksmithing,trainer,125,wh:learn,125,db2,150,db2,137,125,125,137,150,125,trainer,False
3491,Big Bronze Knife,Blacksmithing,trainer,105,wh:learn,135,db2,165,db2,150,105,135,150,165,105,trainer,False
3492,Hardened Iron Shortsword,Blacksmithing,item,160,db2:item-req,185,db2,210,db2,197,160,185,197,210,160,world,False
3493,Jade Serpentblade,Blacksmithing,item,175,db2:item-req,200,db2,225,db2,212,175,200,212,225,175,quest+world,False
3494,Solid Iron Maul,Blacksmithing,item,155,db2:item-req,180,db2,205,db2,192,155,180,192,205,155,world,False
3495,Golden Iron Destroyer,Blacksmithing,item,170,db2:item-req,195,db2,220,db2,207,170,195,207,220,170,quest,False
3496,Moonsteel Broadsword,Blacksmithing,item,180,db2:item-req,205,db2,230,db2,217,180,205,217,230,180,world,False
3497,Frost Tiger Blade,Blacksmithing,item,200,db2:item-req,225,db2,250,db2,237,200,225,237,250,200,quest,False
3498,Massive Iron Axe,Blacksmithing,item,185,db2:item-req,210,db2,235,db2,222,185,210,222,235,185,world,False
3500,Shadow Crescent Axe,Blacksmithing,item,200,db2:item-req,225,db2,250,db2,237,200,225,237,250,200,quest,False
3501,Green Iron Bracers,Blacksmithing,trainer,165,wh:learn,190,db2,215,db2,202,165,190,202,215,165,trainer,False
3502,Green Iron Helm,Blacksmithing,trainer,170,wh:learn,195,db2,220,db2,207,170,195,207,220,170,trainer,False
3503,Golden Scale Coif,Blacksmithing,item,190,db2:item-req,215,db2,240,db2,227,190,215,227,240,190,world,False
3504,Green Iron Shoulders,Blacksmithing,item,160,db2:item-req,185,db2,210,db2,197,160,185,197,210,160,quest,False
3505,Golden Scale Shoulders,Blacksmithing,item,175,db2:item-req,200,db2,225,db2,212,175,200,212,225,175,quest,False
3506,Green Iron Leggings,Blacksmithing,trainer,155,wh:learn,180,db2,205,db2,192,155,180,192,205,155,trainer,False
3507,Golden Scale Leggings,Blacksmithing,item,170,db2:item-req,195,db2,220,db2,207,170,195,207,220,170,quest,False
3508,Green Iron Hauberk,Blacksmithing,trainer,180,wh:learn,205,db2,230,db2,217,180,205,217,230,180,trainer,False
3511,Golden Scale Cuirass,Blacksmithing,item,195,db2:item-req,220,db2,245,db2,232,195,220,232,245,195,quest,False
3513,Polished Steel Boots,Blacksmithing,item,185,db2:item-req,210,db2,235,db2,222,185,210,222,235,185,quest,False
3515,Golden Scale Boots,Blacksmithing,item,200,db2:item-req,225,db2,250,db2,237,200,225,237,250,200,quest,False
6517,Pearl-handled Dagger,Blacksmithing,trainer,110,wh:learn,140,db2,170,db2,155,110,140,155,170,110,trainer,False
6518,Iridescent Hammer,Blacksmithing,item,140,db2:item-req,170,db2,200,db2,185,140,170,185,200,140,quest,False
7221,Iron Shield Spike,Blacksmithing,item,150,db2:item-req,180,db2,210,db2,195,150,180,195,210,150,quest,False
7222,Iron Counterweight,Blacksmithing,item,165,db2:item-req,190,db2,215,db2,202,165,190,202,215,165,quest,False
7223,Golden Scale Bracers,Blacksmithing,trainer,185,wh:learn,210,db2,235,db2,222,185,210,222,235,185,trainer,False
7224,Steel Weapon Chain,Blacksmithing,item,190,db2:item-req,215,db2,240,db2,227,190,215,227,240,190,quest,False
7408,Heavy Copper Maul,Blacksmithing,trainer,65,wh:learn,105,db2,145,db2,125,65,105,125,145,65,trainer,False
7817,Rough Bronze Boots,Blacksmithing,trainer,95,wh:learn,125,db2,155,db2,140,95,125,140,155,95,trainer,False
8366,Ironforge Chain,Blacksmithing,item,70,db2:item-req,110,db2,150,db2,130,,,,,,,False
8367,Ironforge Breastplate,Blacksmithing,item,100,db2:item-req,140,db2,180,db2,160,100,140,160,180,100,vendor,False
8368,Ironforge Gauntlets,Blacksmithing,item,140,db2:item-req,170,db2,200,db2,185,,,,,,,False
8768,Iron Buckle,Blacksmithing,trainer,150,wh:learn,150,db2,155,db2,152,150,150,152,155,150,trainer,False
8880,Copper Dagger,Blacksmithing,trainer,30,wh:learn,70,db2,110,db2,90,30,70,90,110,30,trainer,False
9811,Barbaric Iron Shoulders,Blacksmithing,item,160,db2:item-req,185,db2,210,db2,197,160,185,197,210,160,vendor,False
9813,Barbaric Iron Breastplate,Blacksmithing,item,160,db2:item-req,185,db2,210,db2,197,160,185,197,210,160,vendor,False
9814,Barbaric Iron Helm,Blacksmithing,item,175,db2:item-req,200,db2,225,db2,212,175,200,212,225,175,vendor,False
9818,Barbaric Iron Boots,Blacksmithing,item,180,db2:item-req,205,db2,230,db2,217,180,205,217,230,180,vendor,False
9820,Barbaric Iron Gloves,Blacksmithing,item,185,db2:item-req,210,db2,235,db2,222,185,210,222,235,185,vendor,False
9916,Steel Breastplate,Blacksmithing,trainer,200,wh:learn,225,db2,250,db2,237,200,225,237,250,200,trainer,False
9918,Solid Sharpening Stone,Blacksmithing,trainer,200,wh:learn,200,db2,210,db2,205,200,200,205,210,200,trainer,False
9920,Solid Grinding Stone,Blacksmithing,trainer,200,wh:learn,200,db2,210,db2,205,200,200,205,210,200,trainer,False
9921,Solid Weightstone,Blacksmithing,trainer,200,wh:learn,200,db2,210,db2,205,200,200,205,210,200,trainer,False
9926,Heavy Mithril Shoulder,Blacksmithing,trainer,205,wh:learn,225,db2,245,db2,235,205,225,235,245,205,trainer,False
9928,Heavy Mithril Gauntlet,Blacksmithing,trainer,205,wh:learn,225,db2,245,db2,235,205,225,235,245,205,trainer,False
9931,Mithril Scale Pants,Blacksmithing,trainer,210,wh:learn,230,db2,250,db2,240,210,230,240,250,210,trainer,False
9933,Heavy Mithril Pants,Blacksmithing,item,210,db2:item-req,230,db2,250,db2,240,210,230,240,250,210,quest+world,False
9935,Steel Plate Helm,Blacksmithing,trainer,215,wh:learn,235,db2,255,db2,245,215,235,245,255,215,trainer,False
9937,Mithril Scale Bracers,Blacksmithing,item,215,db2:item-req,235,db2,255,db2,245,215,235,245,255,215,world,False
9939,Mithril Shield Spike,Blacksmithing,item,215,db2:item-req,235,db2,255,db2,245,215,235,245,255,215,quest,False
9942,Mithril Scale Gloves,Blacksmithing,item,220,db2:item-req,240,db2,260,db2,250,,,,,,,False
9945,Ornate Mithril Pants,Blacksmithing,item,220,db2:item-req,240,db2,260,db2,250,220,240,250,260,220,,False
9950,Ornate Mithril Gloves,Blacksmithing,item,220,db2:item-req,240,db2,260,db2,250,220,240,250,260,220,,False
9952,Ornate Mithril Shoulder,Blacksmithing,item,225,db2:item-req,245,db2,265,db2,255,225,245,255,265,225,,False
9954,Truesilver Gauntlets,Blacksmithing,spec,225,wh:learn,245,db2,265,db2,255,225,245,255,265,225,,False
9957,Orcish War Leggings,Blacksmithing,item,230,db2:item-req,250,db2,270,db2,260,230,250,260,270,230,,False
9959,Heavy Mithril Breastplate,Blacksmithing,trainer,230,wh:learn,250,db2,270,db2,260,230,250,260,270,230,trainer,False
9961,Mithril Coif,Blacksmithing,trainer,230,wh:learn,250,db2,270,db2,260,230,250,260,270,230,trainer,False
9964,Mithril Spurs,Blacksmithing,item,235,db2:item-req,255,db2,275,db2,265,235,255,265,275,235,quest,False
9966,Mithril Scale Shoulders,Blacksmithing,item,235,db2:item-req,255,db2,275,db2,265,235,255,265,275,235,quest,False
9968,Heavy Mithril Boots,Blacksmithing,trainer,235,wh:learn,255,db2,275,db2,265,235,255,265,275,235,trainer,False
9970,Heavy Mithril Helm,Blacksmithing,item,245,db2:item-req,255,db2,275,db2,265,245,255,265,275,245,quest,False
9972,Ornate Mithril Breastplate,Blacksmithing,item,240,db2:item-req,260,db2,280,db2,270,240,260,270,280,240,,False
9974,Truesilver Breastplate,Blacksmithing,spec,245,wh:learn,265,db2,285,db2,275,245,265,275,285,245,,False
9979,Ornate Mithril Boots,Blacksmithing,item,245,db2:item-req,265,db2,285,db2,275,245,265,275,285,245,,False
9980,Ornate Mithril Helm,Blacksmithing,item,245,db2:item-req,265,db2,285,db2,275,245,265,275,285,245,,False
9983,Copper Claymore,Blacksmithing,trainer,30,wh:learn,70,db2,110,db2,90,30,70,90,110,30,trainer,False
9985,Bronze Warhammer,Blacksmithing,trainer,125,wh:learn,155,db2,185,db2,170,125,155,170,185,125,trainer,False
9986,Bronze Greatsword,Blacksmithing,trainer,130,wh:learn,160,db2,190,db2,175,130,160,175,190,130,trainer,False
9987,Bronze Battle Axe,Blacksmithing,trainer,135,wh:learn,165,db2,195,db2,180,135,165,180,195,135,trainer,False
9993,Heavy Mithril Axe,Blacksmithing,trainer,210,wh:learn,235,db2,260,db2,247,210,235,247,260,210,trainer,False
9995,Blue Glittering Axe,Blacksmithing,item,220,db2:item-req,245,db2,270,db2,257,220,245,257,270,220,quest+world,False
9997,Wicked Mithril Blade,Blacksmithing,item,225,db2:item-req,250,db2,275,db2,262,225,250,262,275,225,quest,False
10001,Big Black Mace,Blacksmithing,trainer,230,wh:learn,255,db2,280,db2,267,230,255,267,280,230,trainer,False
10003,The Shatterer,Blacksmithing,spec,235,wh:learn,260,db2,285,db2,272,235,260,272,285,235,,False
10005,Dazzling Mithril Rapier,Blacksmithing,item,240,db2:item-req,265,db2,290,db2,277,240,265,277,290,240,quest,False
10007,Phantom Blade,Blacksmithing,item,245,wh:learn<item,270,db2,295,db2,282,245,270,282,295,245,quest,False
10009,Runed Mithril Hammer,Blacksmithing,item,245,db2:item-req,270,db2,295,db2,282,245,270,282,295,245,quest,False
10011,Blight,Blacksmithing,spec,250,wh:learn,275,db2,300,db2,287,250,275,287,300,250,,False
10013,Ebon Shiv,Blacksmithing,item,255,db2:item-req,280,db2,305,db2,292,255,280,292,305,255,world,False
10015,Truesilver Champion,Blacksmithing,spec,260,wh:learn,285,db2,310,db2,297,260,285,297,310,260,,False
11454,Inlaid Mithril Cylinder,Blacksmithing,item,200,db2:item-req,225,db2,250,db2,237,200,225,237,250,200,drop,False
11643,Golden Scale Gauntlets,Blacksmithing,item,205,db2:item-req,225,db2,245,db2,235,205,225,235,245,205,,False
12259,Silvered Bronze Leggings,Blacksmithing,item,155,db2:item-req,180,db2,205,db2,192,155,180,192,205,155,quest,False
12260,Rough Copper Vest,Blacksmithing,auto,1,wh:grant,15,db2,55,db2,35,1,15,35,55,1,,False
15292,Dark Iron Pulverizer,Blacksmithing,item,265,db2:item-req,285,db2,305,db2,295,265,285,295,305,265,quest,False
15293,Dark Iron Mail,Blacksmithing,item,270,db2:item-req,290,db2,310,db2,300,270,290,300,310,270,quest,False
15294,Dark Iron Sunderer,Blacksmithing,item,275,db2:item-req,295,db2,315,db2,305,275,295,305,315,275,quest,False
15295,Dark Iron Shoulders,Blacksmithing,item,280,db2:item-req,300,db2,320,db2,310,280,300,310,320,280,quest,False
15296,Dark Iron Plate,Blacksmithing,item,285,db2:item-req,305,db2,325,db2,315,285,305,315,325,285,quest,False
15972,Glinting Steel Dagger,Blacksmithing,trainer,180,wh:learn,205,db2,230,db2,217,180,205,217,230,180,trainer,False
15973,Searing Golden Blade,Blacksmithing,item,190,db2:item-req,215,db2,240,db2,227,190,215,227,240,190,quest,False
16639,Dense Grinding Stone,Blacksmithing,trainer,250,wh:learn,255,db2,260,db2,257,250,255,257,260,250,trainer,False
16640,Dense Weightstone,Blacksmithing,trainer,250,wh:learn,255,db2,260,db2,257,250,255,257,260,250,trainer,False
16641,Dense Sharpening Stone,Blacksmithing,trainer,250,wh:learn,255,db2,260,db2,257,250,255,257,260,250,trainer,False
16642,Thorium Armor,Blacksmithing,item,250,db2:item-req,270,db2,290,db2,280,250,270,280,290,250,quest+trainer,False
16643,Thorium Belt,Blacksmithing,item,250,db2:item-req,270,db2,290,db2,280,250,270,280,290,250,quest+trainer,False
16644,Thorium Bracers,Blacksmithing,item,255,db2:item-req,275,db2,295,db2,285,255,275,285,295,255,quest+trainer,False
16645,Radiant Belt,Blacksmithing,item,260,db2:item-req,280,db2,300,db2,290,260,280,290,300,260,quest,False
16646,Imperial Plate Shoulders,Blacksmithing,item,265,db2:item-req,285,db2,305,db2,295,265,285,295,305,265,vendor+trainer,False
16647,Imperial Plate Belt,Blacksmithing,item,265,db2:item-req,285,db2,305,db2,295,265,285,295,305,265,vendor+trainer,False
16648,Radiant Breastplate,Blacksmithing,item,270,db2:item-req,290,db2,310,db2,300,270,290,300,310,270,quest,False
16649,Imperial Plate Bracers,Blacksmithing,item,270,db2:item-req,290,db2,310,db2,300,270,290,300,310,270,vendor+trainer,False
16650,Wildthorn Mail,Blacksmithing,item,270,db2:item-req,290,db2,310,db2,300,270,290,300,310,270,quest,False
16651,Thorium Shield Spike,Blacksmithing,item,275,db2:item-req,295,db2,315,db2,305,275,295,305,315,275,quest,False
16652,Thorium Boots,Blacksmithing,item,280,db2:item-req,300,db2,320,db2,310,280,300,310,320,280,quest+trainer,False
16653,Thorium Helm,Blacksmithing,item,280,db2:item-req,300,db2,320,db2,310,280,300,310,320,280,quest+trainer,False
16654,Radiant Gloves,Blacksmithing,item,285,db2:item-req,305,db2,325,db2,315,285,305,315,325,285,quest,False
16655,Fiery Plate Gauntlets,Blacksmithing,item,290,db2:item-req,310,db2,330,db2,320,290,310,320,330,290,,False
16656,Radiant Boots,Blacksmithing,item,290,db2:item-req,310,db2,330,db2,320,290,310,320,330,290,quest,False
16657,Imperial Plate Boots,Blacksmithing,item,295,db2:item-req,315,db2,335,db2,325,295,315,325,335,295,vendor+trainer,False
16658,Imperial Plate Helm,Blacksmithing,item,295,db2:item-req,315,db2,335,db2,325,295,315,325,335,295,vendor+trainer,False
16659,Radiant Circlet,Blacksmithing,item,295,db2:item-req,315,db2,335,db2,325,295,315,325,335,295,quest,False
16660,Dawnbringer Shoulders,Blacksmithing,item,290,db2:item-req,310,db2,330,db2,320,290,310,320,330,290,quest,False
16661,Storm Gauntlets,Blacksmithing,item,295,db2:item-req,315,db2,335,db2,325,295,315,325,335,295,quest+world,False
16662,Thorium Leggings,Blacksmithing,item,300,db2:item-req,320,db2,340,db2,330,300,320,330,340,300,quest+trainer,False
16663,Imperial Plate Chest,Blacksmithing,item,300,db2:item-req,320,db2,340,db2,330,300,320,330,340,300,vendor+trainer,False
16664,Runic Plate Shoulders,Blacksmithing,item,300,db2:item-req,320,db2,340,db2,330,300,320,330,340,300,quest+world,False
16665,Runic Plate Boots,Blacksmithing,item,300,db2:item-req,320,db2,340,db2,330,300,320,330,340,300,quest+world,False
16667,Demon Forged Breastplate,Blacksmithing,item,285,db2:item-req,305,db2,325,db2,315,285,305,315,325,285,,False
16724,Whitesoul Helm,Blacksmithing,item,300,db2:item-req,320,db2,340,db2,330,300,320,330,340,300,quest,False
16725,Radiant Leggings,Blacksmithing,item,300,db2:item-req,320,db2,340,db2,330,300,320,330,340,300,quest,False
16726,Runic Plate Helm,Blacksmithing,item,300,db2:item-req,320,db2,340,db2,330,300,320,330,340,300,quest+world,False
16728,Helm of the Great Chief,Blacksmithing,item,300,db2:item-req,320,db2,340,db2,330,300,320,330,340,300,quest,False
16729,Lionheart Helm,Blacksmithing,item,300,db2:item-req,320,db2,340,db2,330,300,320,330,340,300,quest,False
16730,Imperial Plate Leggings,Blacksmithing,item,300,db2:item-req,320,db2,340,db2,330,300,320,330,340,300,vendor+trainer,False
16731,Runic Breastplate,Blacksmithing,item,300,db2:item-req,320,db2,340,db2,330,300,320,330,340,300,quest,False
16732,Runic Plate Leggings,Blacksmithing,item,300,db2:item-req,320,db2,340,db2,330,300,320,330,340,300,quest+world,False
16741,Stronghold Gauntlets,Blacksmithing,item,300,db2:item-req,320,db2,340,db2,330,300,320,330,340,300,quest,False
16742,Enchanted Thorium Helm,Blacksmithing,item,300,db2:item-req,320,db2,340,db2,330,300,320,330,340,300,,False
16744,Enchanted Thorium Leggings,Blacksmithing,item,300,db2:item-req,320,db2,340,db2,330,300,320,330,340,300,,False
16745,Enchanted Thorium Breastplate,Blacksmithing,item,300,db2:item-req,320,db2,340,db2,330,300,320,330,340,300,,False
16746,Invulnerable Mail,Blacksmithing,item,300,db2:item-req,320,db2,340,db2,330,300,320,330,340,300,quest,False
16960,Thorium Greatsword,Blacksmithing,item,260,db2:item-req,285,db2,310,db2,297,,,,,,,False
16965,Bleakwood Hew,Blacksmithing,item,270,db2:item-req,295,db2,320,db2,307,,,,,,,False
16967,Inlaid Thorium Hammer,Blacksmithing,item,270,db2:item-req,295,db2,320,db2,307,,,,,,,False
16969,Ornate Thorium Handaxe,Blacksmithing,item,275,db2:item-req,300,db2,325,db2,312,275,300,312,325,275,world+trainer,False
16970,Dawn's Edge,Blacksmithing,item,275,db2:item-req,300,db2,325,db2,312,275,300,312,325,275,,False
16971,Huge Thorium Battleaxe,Blacksmithing,item,280,db2:item-req,305,db2,330,db2,317,280,305,317,330,280,world+trainer,False
16973,Enchanted Battlehammer,Blacksmithing,item,280,db2:item-req,305,db2,330,db2,317,280,305,317,330,280,vendor,False
16978,Blazing Rapier,Blacksmithing,item,280,db2:item-req,305,db2,330,db2,317,280,305,317,330,280,,False
16980,Rune Edge,Blacksmithing,item,285,db2:item-req,310,db2,335,db2,322,,,,,,,False
16983,Serenity,Blacksmithing,item,285,db2:item-req,310,db2,335,db2,322,285,310,322,335,285,quest,False
16984,Volcanic Hammer,Blacksmithing,item,290,db2:item-req,315,db2,340,db2,327,290,315,327,340,290,quest,False
16985,Corruption,Blacksmithing,item,290,db2:item-req,315,db2,340,db2,327,290,315,327,340,290,quest,False
16986,Blood Talon,Blacksmithing,item,300,db2:item-req,325,db2,350,db2,337,,,,,,,False
16987,Darkspear,Blacksmithing,item,300,db2:item-req,325,db2,350,db2,337,,,,,,,False
16988,Hammer of the Titans,Blacksmithing,item,300,db2:item-req,320,db2,340,db2,330,300,320,330,340,300,quest,False
16990,Arcanite Champion,Blacksmithing,item,300,db2:item-req,320,db2,340,db2,330,300,320,330,340,300,quest,False
16991,Annihilator,Blacksmithing,item,300,db2:item-req,320,db2,340,db2,330,300,320,330,340,300,quest,False
16992,Frostguard,Blacksmithing,item,300,db2:item-req,320,db2,340,db2,330,300,320,330,340,300,quest+world,False
16993,Masterwork Stormhammer,Blacksmithing,item,300,db2:item-req,320,db2,340,db2,330,300,320,330,340,300,quest,False
16994,Arcanite Reaper,Blacksmithing,item,300,db2:item-req,320,db2,340,db2,330,300,320,330,340,300,quest,False
16995,Heartseeker,Blacksmithing,item,300,db2:item-req,320,db2,340,db2,330,300,320,330,340,300,quest,False
19666,Silver Skeleton Key,Blacksmithing,trainer,100,wh:learn,100,db2,120,db2,110,100,100,110,120,100,trainer,False
19667,Golden Skeleton Key,Blacksmithing,trainer,150,wh:learn,150,db2,170,db2,160,150,150,160,170,150,trainer,False
19668,Truesilver Skeleton Key,Blacksmithing,trainer,200,wh:learn,200,db2,220,db2,210,200,200,210,220,200,trainer,False
19669,Arcanite Skeleton Key,Blacksmithing,trainer,275,wh:learn,275,db2,285,db2,280,275,275,280,285,275,trainer,False
20872,Fiery Chain Girdle,Blacksmithing,item,295,db2:item-req,315,db2,335,db2,325,295,315,325,335,295,world,False
20873,Fiery Chain Shoulders,Blacksmithing,item,300,db2:item-req,320,db2,340,db2,330,300,320,330,340,300,world,False
20874,Dark Iron Bracers,Blacksmithing,item,295,db2:item-req,315,db2,335,db2,325,295,315,325,335,295,world,False
20876,Dark Iron Leggings,Blacksmithing,item,300,db2:item-req,320,db2,340,db2,330,300,320,330,340,300,world,False
20890,Dark Iron Reaver,Blacksmithing,item,300,db2:item-req,320,db2,340,db2,330,300,320,330,340,300,world,False
20897,Dark Iron Destroyer,Blacksmithing,item,300,db2:item-req,320,db2,340,db2,330,300,320,330,340,300,world,False
21161,Sulfuron Hammer,Blacksmithing,item,300,db2:item-req,325,db2,350,db2,337,300,325,337,350,300,vendor,False
21913,Edge of Winter,Blacksmithing,item,190,db2:item-req,215,db2,240,db2,227,190,215,227,240,190,quest,False
22757,Elemental Sharpening Stone,Blacksmithing,item,300,db2:item-req,300,db2,320,db2,310,300,300,310,320,300,quest,False
23628,Heavy Timbermaw Belt,Blacksmithing,item,290,db2:item-req,310,db2,330,db2,320,290,310,320,330,290,world,False
23629,Heavy Timbermaw Boots,Blacksmithing,item,300,db2:item-req,320,db2,340,db2,330,300,320,330,340,300,world,False
23632,Girdle of the Dawn,Blacksmithing,item,290,db2:item-req,310,db2,330,db2,320,290,310,320,330,290,world,False
23633,Gloves of the Dawn,Blacksmithing,item,300,db2:item-req,320,db2,340,db2,330,300,320,330,340,300,world,False
23636,Dark Iron Helm,Blacksmithing,item,300,db2:item-req,320,db2,340,db2,330,300,320,330,340,300,world,False
23637,Dark Iron Gauntlets,Blacksmithing,item,300,db2:item-req,320,db2,340,db2,330,300,320,330,340,300,world,False
23638,Black Amnesty,Blacksmithing,item,300,db2:item-req,320,db2,340,db2,330,300,320,330,340,300,world,False
23639,Blackfury,Blacksmithing,item,300,db2:item-req,320,db2,340,db2,330,300,320,330,340,300,world,False
23650,Ebon Hand,Blacksmithing,item,300,db2:item-req,320,db2,340,db2,330,300,320,330,340,300,world,False
23652,Blackguard,Blacksmithing,item,300,db2:item-req,320,db2,340,db2,330,300,320,330,340,300,world,False
23653,Nightfall,Blacksmithing,item,300,db2:item-req,320,db2,340,db2,330,300,320,330,340,300,world,False
24136,Bloodsoul Breastplate,Blacksmithing,item,300,db2:item-req,320,db2,340,db2,330,300,320,330,340,300,world,False
24137,Bloodsoul Shoulders,Blacksmithing,item,300,db2:item-req,320,db2,340,db2,330,300,320,330,340,300,world,False
24138,Bloodsoul Gauntlets,Blacksmithing,item,300,db2:item-req,320,db2,340,db2,330,300,320,330,340,300,world,False
24139,Darksoul Breastplate,Blacksmithing,item,300,db2:item-req,320,db2,340,db2,330,300,320,330,340,300,world,False
24140,Darksoul Leggings,Blacksmithing,item,300,db2:item-req,320,db2,340,db2,330,300,320,330,340,300,world,False
24141,Darksoul Shoulders,Blacksmithing,item,300,db2:item-req,320,db2,340,db2,330,300,320,330,340,300,world,False
24399,Dark Iron Boots,Blacksmithing,item,300,db2:item-req,320,db2,340,db2,330,300,320,330,340,300,world,False
24912,Darkrune Gauntlets,Blacksmithing,item,300,db2:item-req,320,db2,340,db2,330,300,320,330,340,300,quest,False
24913,Darkrune Helm,Blacksmithing,item,300,db2:item-req,320,db2,340,db2,330,300,320,330,340,300,quest,False
24914,Darkrune Breastplate,Blacksmithing,item,300,db2:item-req,320,db2,340,db2,330,300,320,330,340,300,quest,False
27585,Heavy Obsidian Belt,Blacksmithing,item,300,db2:item-req,320,db2,340,db2,330,300,320,330,340,300,world,False
27586,Jagged Obsidian Shield,Blacksmithing,item,300,db2:item-req,320,db2,340,db2,330,300,320,330,340,300,world,False
27587,Thick Obsidian Breastplate,Blacksmithing,item,300,db2:item-req,320,db2,340,db2,330,300,320,330,340,300,quest,False
27588,Light Obsidian Belt,Blacksmithing,item,300,db2:item-req,320,db2,340,db2,330,300,320,330,340,300,world,False
27589,Black Grasp of the Destroyer,Blacksmithing,item,300,db2:item-req,320,db2,340,db2,330,300,320,330,340,300,quest,False
27590,Obsidian Mail Tunic,Blacksmithing,item,300,db2:item-req,320,db2,340,db2,330,300,320,330,340,300,world,False
27829,Titanic Leggings,Blacksmithing,item,300,db2:item-req,320,db2,340,db2,330,300,320,330,340,300,quest,False
27830,Persuader,Blacksmithing,item,300,db2:item-req,320,db2,340,db2,330,300,320,330,340,300,quest,False
27832,Sageblade,Blacksmithing,item,300,db2:item-req,320,db2,340,db2,330,300,320,330,340,300,quest,False
28242,Icebane Breastplate,Blacksmithing,item,300,db2:item-req,320,db2,340,db2,330,300,320,330,340,300,,False
28243,Icebane Gauntlets,Blacksmithing,item,300,db2:item-req,320,db2,340,db2,330,300,320,330,340,300,,False
28244,Icebane Bracers,Blacksmithing,item,300,db2:item-req,320,db2,340,db2,330,300,320,330,340,300,,False
28461,Ironvine Breastplate,Blacksmithing,item,300,db2:item-req,320,db2,340,db2,330,300,320,330,340,300,world,False
28462,Ironvine Gloves,Blacksmithing,item,300,db2:item-req,320,db2,340,db2,330,300,320,330,340,300,world,False
28463,Ironvine Belt,Blacksmithing,item,300,db2:item-req,320,db2,340,db2,330,300,320,330,340,300,world,False
29545,Fel Iron Plate Gloves,Blacksmithing,trainer,300,wh:learn,310,db2,330,db2,320,300,310,320,330,300,trainer,False
29547,Fel Iron Plate Belt,Blacksmithing,trainer,305,wh:learn,315,db2,335,db2,325,305,315,325,335,305,trainer,False
29548,Fel Iron Plate Boots,Blacksmithing,trainer,315,wh:learn,325,db2,345,db2,335,315,325,335,345,315,trainer,False
29549,Fel Iron Plate Pants,Blacksmithing,trainer,315,wh:learn,325,db2,345,db2,335,315,325,335,345,315,trainer,False
29550,Fel Iron Breastplate,Blacksmithing,trainer,325,wh:learn,335,db2,355,db2,345,325,335,345,355,325,trainer,False
29551,Fel Iron Chain Coif,Blacksmithing,trainer,300,wh:learn,310,db2,330,db2,320,300,310,320,330,300,trainer,False
29552,Fel Iron Chain Gloves,Blacksmithing,trainer,310,wh:learn,320,db2,340,db2,330,310,320,330,340,310,trainer,False
29553,Fel Iron Chain Bracers,Blacksmithing,trainer,315,wh:learn,325,db2,345,db2,335,315,325,335,345,315,trainer,False
29556,Fel Iron Chain Tunic,Blacksmithing,trainer,320,wh:learn,330,db2,350,db2,340,320,330,340,350,320,trainer,False
29557,Fel Iron Hatchet,Blacksmithing,trainer,310,wh:learn,320,db2,340,db2,330,310,320,330,340,310,trainer,False
29558,Fel Iron Hammer,Blacksmithing,trainer,315,wh:learn,325,db2,345,db2,335,315,325,335,345,315,trainer,False
29565,Fel Iron Greatsword,Blacksmithing,trainer,320,wh:learn,330,db2,350,db2,340,320,330,340,350,320,trainer,False
29566,Adamantite Maul,Blacksmithing,item,325,db2:item-req,335,db2,355,db2,345,325,335,345,355,325,world,False
29568,Adamantite Cleaver,Blacksmithing,item,330,db2:item-req,340,db2,360,db2,350,330,340,350,360,330,world,False
29569,Adamantite Dagger,Blacksmithing,item,330,db2:item-req,340,db2,360,db2,350,330,340,350,360,330,world,False
29571,Adamantite Rapier,Blacksmithing,item,335,db2:item-req,345,db2,365,db2,355,335,345,355,365,335,world,False
29603,Adamantite Plate Bracers,Blacksmithing,item,335,db2:item-req,345,db2,365,db2,355,335,345,355,365,335,world,False
29605,Adamantite Plate Gloves,Blacksmithing,item,335,db2:item-req,345,db2,365,db2,355,335,345,355,365,335,world,False
29606,Adamantite Breastplate,Blacksmithing,item,340,db2:item-req,350,db2,370,db2,360,340,350,360,370,340,world,False
29608,Enchanted Adamantite Belt,Blacksmithing,item,355,db2:item-req,365,db2,385,db2,375,355,365,375,385,355,world,False
29610,Enchanted Adamantite Breastplate,Blacksmithing,item,360,db2:item-req,370,db2,390,db2,380,360,370,380,390,360,world,False
29611,Enchanted Adamantite Boots,Blacksmithing,item,355,db2:item-req,365,db2,385,db2,375,355,365,375,385,355,world,False
29613,Enchanted Adamantite Leggings,Blacksmithing,item,365,db2:item-req,375,db2,395,db2,385,365,375,385,395,365,world,False
29614,Flamebane Bracers,Blacksmithing,item,350,db2:item-req,360,db2,380,db2,370,350,360,370,380,350,world,False
29615,Flamebane Helm,Blacksmithing,item,355,db2:item-req,365,db2,385,db2,375,355,365,375,385,355,world,False
29616,Flamebane Gloves,Blacksmithing,item,360,db2:item-req,370,db2,390,db2,380,360,370,380,390,360,world,False
29617,Flamebane Breastplate,Blacksmithing,item,365,db2:item-req,375,db2,395,db2,385,365,375,385,395,365,world,False
29619,Felsteel Gloves,Blacksmithing,item,360,db2:item-req,370,db2,390,db2,380,360,370,380,390,360,quest,False
29620,Felsteel Leggings,Blacksmithing,item,360,db2:item-req,370,db2,390,db2,380,360,370,380,390,360,quest,False
29621,Felsteel Helm,Blacksmithing,item,365,db2:item-req,375,db2,395,db2,385,365,375,385,395,365,quest,False
29622,Gauntlets of the Iron Tower,Blacksmithing,item,365,db2:item-req,375,db2,395,db2,385,365,375,385,395,365,quest,False
29628,Khorium Belt,Blacksmithing,item,360,db2:item-req,370,db2,390,db2,380,360,370,380,390,360,quest,False
29629,Khorium Pants,Blacksmithing,item,360,db2:item-req,370,db2,390,db2,380,360,370,380,390,360,quest,False
29630,Khorium Boots,Blacksmithing,item,365,db2:item-req,375,db2,395,db2,385,365,375,385,395,365,quest,False
29642,Ragesteel Gloves,Blacksmithing,item,365,db2:item-req,375,db2,395,db2,385,365,375,385,395,365,quest,False
29643,Ragesteel Helm,Blacksmithing,item,365,db2:item-req,375,db2,395,db2,385,365,375,385,395,365,quest,False
29645,Ragesteel Breastplate,Blacksmithing,item,370,db2:item-req,380,db2,400,db2,390,370,380,390,400,370,quest,False
29648,Swiftsteel Gloves,Blacksmithing,item,370,db2:item-req,380,db2,400,db2,390,370,380,390,400,370,quest,False
29649,Earthpeace Breastplate,Blacksmithing,item,370,db2:item-req,380,db2,400,db2,390,370,380,390,400,370,quest,False
29654,Fel Sharpening Stone,Blacksmithing,trainer,300,wh:learn,300,db2,310,db2,305,300,300,305,310,300,trainer,False
29656,Adamantite Sharpening Stone,Blacksmithing,item,350,db2:item-req,350,db2,360,db2,355,350,350,355,360,350,world,False
29657,Felsteel Shield Spike,Blacksmithing,item,360,db2:item-req,370,db2,390,db2,380,360,370,380,390,360,world,False
29658,Felfury Gauntlets,Blacksmithing,item,365,db2:item-req,375,db2,395,db2,385,365,375,385,395,365,quest,False
29662,Steelgrip Gauntlets,Blacksmithing,item,365,db2:item-req,375,db2,395,db2,385,365,375,385,395,365,quest,False
29663,Storm Helm,Blacksmithing,item,365,db2:item-req,375,db2,395,db2,385,365,375,385,395,365,quest,False
29664,Helm of the Stalwart Defender,Blacksmithing,item,365,db2:item-req,375,db2,395,db2,385,365,375,385,395,365,quest,False
29668,Oathkeeper's Helm,Blacksmithing,item,365,db2:item-req,375,db2,395,db2,385,365,375,385,395,365,quest,False
29669,Black Felsteel Bracers,Blacksmithing,item,365,db2:item-req,375,db2,395,db2,385,365,375,385,395,365,quest,False
29671,Bracers of the Green Fortress,Blacksmithing,item,365,db2:item-req,375,db2,395,db2,385,365,375,385,395,365,quest,False
29672,Blessed Bracers,Blacksmithing,item,365,db2:item-req,375,db2,395,db2,385,365,375,385,395,365,quest,False
29692,Felsteel Longblade,Blacksmithing,item,365,db2:item-req,375,db2,395,db2,385,365,375,385,395,365,quest,False
29693,Khorium Champion,Blacksmithing,item,365,db2:item-req,375,db2,395,db2,385,365,375,385,395,365,quest,False
29694,Fel Edged Battleaxe,Blacksmithing,item,365,db2:item-req,375,db2,395,db2,385,365,375,385,395,365,quest,False
29695,Felsteel Reaper,Blacksmithing,item,365,db2:item-req,375,db2,395,db2,385,365,375,385,395,365,quest,False
29696,Runic Hammer,Blacksmithing,item,365,db2:item-req,375,db2,395,db2,385,365,375,385,395,365,quest,False
29697,Fel Hardened Maul,Blacksmithing,item,365,db2:item-req,375,db2,395,db2,385,365,375,385,395,365,quest,False
29698,Eternium Runed Blade,Blacksmithing,item,365,db2:item-req,375,db2,395,db2,385,365,375,385,395,365,quest,False
29699,Dirge,Blacksmithing,item,365,db2:item-req,375,db2,395,db2,385,365,375,385,395,365,quest,False
29700,Hand of Eternity,Blacksmithing,item,365,db2:item-req,375,db2,395,db2,385,365,375,385,395,365,quest,False
29728,Lesser Ward of Shielding,Blacksmithing,item,340,db2:item-req,340,db2,350,db2,345,340,340,345,350,340,world,False
29729,Greater Ward of Shielding,Blacksmithing,item,375,db2:item-req,375,db2,375,db2,375,375,375,375,375,375,quest,False
32284,Lesser Rune of Warding,Blacksmithing,trainer,325,wh:learn,325,db2,335,db2,330,325,325,330,335,325,trainer,False
32285,Greater Rune of Warding,Blacksmithing,item,350,db2:item-req,350,db2,360,db2,355,350,350,355,360,350,world,False
34529,Nether Chain Shirt,Blacksmithing,legacy-spec,350,wh:learn,360,db2,380,db2,370,350,360,370,380,350,,False
34530,Twisting Nether Chain Shirt,Blacksmithing,legacy-spec,375,wh:learn,385,db2,405,db2,395,375,385,395,405,375,,False
34533,Breastplate of Kings,Blacksmithing,legacy-spec,350,wh:learn,360,db2,380,db2,370,350,360,370,380,350,,False
34534,Bulwark of Kings,Blacksmithing,legacy-spec,375,wh:learn,385,db2,405,db2,395,375,385,395,405,375,,False
34535,Fireguard,Blacksmithing,legacy-spec,350,wh:learn,360,db2,380,db2,370,350,360,370,380,350,,False
34537,Blazeguard,Blacksmithing,legacy-spec,375,wh:learn,385,db2,405,db2,395,375,385,395,405,375,,False
34538,Lionheart Blade,Blacksmithing,legacy-spec,350,wh:learn,360,db2,380,db2,370,350,360,370,380,350,,False
34540,Lionheart Champion,Blacksmithing,legacy-spec,375,wh:learn,385,db2,405,db2,395,375,385,395,405,375,,False
34541,The Planar Edge,Blacksmithing,legacy-spec,350,wh:learn,360,db2,380,db2,370,350,360,370,380,350,,False
34542,Black Planar Edge,Blacksmithing,legacy-spec,375,wh:learn,385,db2,405,db2,395,375,385,395,405,375,,False
34543,Lunar Crescent,Blacksmithing,legacy-spec,350,wh:learn,360,db2,380,db2,370,350,360,370,380,350,,False
34544,Mooncleaver,Blacksmithing,legacy-spec,375,wh:learn,385,db2,405,db2,395,375,385,395,405,375,,False
34545,Drakefist Hammer,Blacksmithing,legacy-spec,350,wh:learn,360,db2,380,db2,370,350,360,370,380,350,,False
34546,Dragonmaw,Blacksmithing,legacy-spec,375,wh:learn,385,db2,405,db2,395,375,385,395,405,375,,False
34547,Thunder,Blacksmithing,legacy-spec,350,wh:learn,360,db2,380,db2,370,350,360,370,380,350,,False
34548,Deep Thunder,Blacksmithing,legacy-spec,375,wh:learn,385,db2,405,db2,395,375,385,395,405,375,,False
34607,Fel Weightstone,Blacksmithing,trainer,300,wh:learn,300,db2,310,db2,305,300,300,305,310,300,trainer,False
34608,Adamantite Weightstone,Blacksmithing,item,350,db2:item-req,350,db2,360,db2,355,350,350,355,360,350,world,False
36122,Earthforged Leggings,Blacksmithing,legacy-spec,260,wh:learn,280,db2,300,db2,290,260,280,290,300,260,,False
36124,Windforged Leggings,Blacksmithing,legacy-spec,260,wh:learn,280,db2,300,db2,290,260,280,290,300,260,,False
36125,Light Earthforged Blade,Blacksmithing,legacy-spec,260,wh:learn,280,db2,300,db2,290,260,280,290,300,260,,False
36126,Light Skyforged Axe,Blacksmithing,legacy-spec,260,wh:learn,280,db2,300,db2,290,260,280,290,300,260,,False
36128,Light Emberforged Hammer,Blacksmithing,legacy-spec,260,wh:learn,280,db2,300,db2,290,260,280,290,300,260,,False
36129,Heavy Earthforged Breastplate,Blacksmithing,legacy-spec,330,wh:learn,340,db2,360,db2,350,330,340,350,360,330,,False
36130,Stormforged Hauberk,Blacksmithing,legacy-spec,330,wh:learn,340,db2,360,db2,350,330,340,350,360,330,,False
36131,Windforged Rapier,Blacksmithing,legacy-spec,330,wh:learn,340,db2,360,db2,350,330,340,350,360,330,,False
36133,Stoneforged Claymore,Blacksmithing,legacy-spec,330,wh:learn,340,db2,360,db2,350,330,340,350,360,330,,False
36134,Stormforged Axe,Blacksmithing,legacy-spec,330,wh:learn,340,db2,360,db2,350,330,340,350,360,330,,False
36135,Skyforged Great Axe,Blacksmithing,legacy-spec,330,wh:learn,340,db2,360,db2,350,330,340,350,360,330,,False
36136,Lavaforged Warhammer,Blacksmithing,legacy-spec,330,wh:learn,340,db2,360,db2,350,330,340,350,360,330,,False
36137,Great Earthforged Hammer,Blacksmithing,legacy-spec,330,wh:learn,340,db2,360,db2,350,330,340,350,360,330,,False
36256,Embrace of the Twisting Nether,Blacksmithing,legacy-spec,375,wh:learn,385,db2,405,db2,395,375,385,395,405,375,,False
36257,Bulwark of the Ancient Kings,Blacksmithing,legacy-spec,375,wh:learn,385,db2,405,db2,395,375,385,395,405,375,,False
36258,Blazefury,Blacksmithing,legacy-spec,375,wh:learn,385,db2,405,db2,395,375,385,395,405,375,,False
36259,Lionheart Executioner,Blacksmithing,legacy-spec,375,wh:learn,385,db2,405,db2,395,375,385,395,405,375,,False
36260,Wicked Edge of the Planes,Blacksmithing,legacy-spec,375,wh:learn,385,db2,405,db2,395,375,385,395,405,375,,False
36261,Bloodmoon,Blacksmithing,legacy-spec,375,wh:learn,385,db2,405,db2,395,375,385,395,405,375,,False
36262,Dragonstrike,Blacksmithing,legacy-spec,375,wh:learn,385,db2,405,db2,395,375,385,395,405,375,,False
36263,Stormherald,Blacksmithing,legacy-spec,375,wh:learn,385,db2,405,db2,395,375,385,395,405,375,,False
36389,Belt of the Guardian,Blacksmithing,item,375,db2:item-req,385,db2,405,db2,395,375,385,395,405,375,quest,False
36390,Red Belt of Battle,Blacksmithing,item,375,db2:item-req,385,db2,405,db2,395,375,385,395,405,375,quest,False
36391,Boots of the Protector,Blacksmithing,item,375,db2:item-req,385,db2,405,db2,395,375,385,395,405,375,quest,False
36392,Red Havoc Boots,Blacksmithing,item,375,db2:item-req,385,db2,405,db2,395,375,385,395,405,375,quest,False
38473,Wildguard Breastplate,Blacksmithing,item,375,db2:item-req,385,db2,405,db2,395,375,385,395,405,375,world,False
38475,Wildguard Leggings,Blacksmithing,item,375,db2:item-req,385,db2,405,db2,395,375,385,395,405,375,world,False
38476,Wildguard Helm,Blacksmithing,item,375,db2:item-req,385,db2,405,db2,395,375,385,395,405,375,world,False
38477,Iceguard Breastplate,Blacksmithing,item,375,db2:item-req,385,db2,405,db2,395,375,385,395,405,375,world,False
38478,Iceguard Leggings,Blacksmithing,item,375,db2:item-req,385,db2,405,db2,395,375,385,395,405,375,world,False
38479,Iceguard Helm,Blacksmithing,item,375,db2:item-req,385,db2,405,db2,395,375,385,395,405,375,world,False
40033,Shadesteel Sabots,Blacksmithing,item,375,db2:item-req,385,db2,405,db2,395,375,385,395,405,375,world,False
40034,Shadesteel Bracers,Blacksmithing,item,375,db2:item-req,385,db2,405,db2,395,375,385,395,405,375,world,False
40035,Shadesteel Greaves,Blacksmithing,item,375,db2:item-req,385,db2,405,db2,395,375,385,395,405,375,world,False
40036,Shadesteel Girdle,Blacksmithing,item,375,db2:item-req,385,db2,405,db2,395,375,385,395,405,375,world,False
41132,Swiftsteel Bracers,Blacksmithing,item,375,db2:item-req,385,db2,405,db2,395,375,385,395,405,375,quest,False
41133,Swiftsteel Shoulders,Blacksmithing,item,375,db2:item-req,385,db2,405,db2,395,375,385,395,405,375,quest,False
41134,Dawnsteel Bracers,Blacksmithing,item,375,db2:item-req,385,db2,405,db2,395,375,385,395,405,375,quest,False
41135,Dawnsteel Shoulders,Blacksmithing,item,375,db2:item-req,385,db2,405,db2,395,375,385,395,405,375,quest,False
42662,Ragesteel Shoulders,Blacksmithing,item,365,db2:item-req,375,db2,395,db2,385,365,375,385,395,365,quest,False
42688,Adamantite Weapon Chain,Blacksmithing,item,335,db2:item-req,345,db2,355,db2,350,335,345,350,355,335,quest,False
43549,Heavy Copper Longsword,Blacksmithing,item,35,db2:item-req,75,db2,115,db2,95,35,75,95,115,35,vendor,False
43846,Hammer of Righteous Might,Blacksmithing,item,365,db2:item-req,375,db2,395,db2,385,365,375,385,395,365,quest,False
46140,Sunblessed Gauntlets,Blacksmithing,item,365,db2:item-req,375,db2,410,db2,392,365,375,392,410,365,quest,False
46141,Hard Khorium Battlefists,Blacksmithing,item,365,db2:item-req,375,db2,410,db2,392,365,375,392,410,365,quest,False
46142,Sunblessed Breastplate,Blacksmithing,item,365,db2:item-req,375,db2,410,db2,392,365,375,392,410,365,quest,False
46144,Hard Khorium Battleplate,Blacksmithing,item,365,db2:item-req,375,db2,410,db2,392,365,375,392,410,365,quest,False
52567,Cobalt Legplates,Blacksmithing,trainer,370,wh:learn,375,db2,385,db2,380,370,375,380,385,370,trainer,False
52568,Cobalt Belt,Blacksmithing,trainer,350,wh:learn,360,db2,380,db2,370,350,360,370,380,350,trainer,False
52569,Cobalt Boots,Blacksmithing,trainer,350,wh:learn,360,db2,380,db2,370,350,360,370,380,350,trainer,False
52570,Cobalt Chestpiece,Blacksmithing,trainer,375,wh:learn,380,db2,390,db2,385,375,380,385,390,375,trainer,False
52571,Cobalt Helm,Blacksmithing,trainer,370,wh:learn,375,db2,385,db2,380,370,375,380,385,370,trainer,False
52572,Cobalt Shoulders,Blacksmithing,trainer,360,wh:learn,370,db2,380,db2,375,360,370,375,380,360,trainer,False
54550,Cobalt Triangle Shield,Blacksmithing,trainer,360,wh:learn,370,db2,380,db2,375,360,370,375,380,360,trainer,False
54551,Tempered Saronite Belt,Blacksmithing,trainer,395,wh:learn,400,db2,410,db2,405,395,400,405,410,395,trainer,False
54552,Tempered Saronite Boots,Blacksmithing,trainer,400,wh:learn,405,db2,415,db2,410,400,405,410,415,400,trainer,False
54553,Tempered Saronite Breastplate,Blacksmithing,trainer,400,wh:learn,405,db2,415,db2,410,400,405,410,415,400,trainer,False
54554,Tempered Saronite Legplates,Blacksmithing,trainer,395,wh:learn,400,db2,410,db2,405,395,400,405,410,395,trainer,False
54555,Tempered Saronite Helm,Blacksmithing,trainer,405,wh:learn,410,db2,420,db2,415,405,410,415,420,405,trainer,False
54556,Tempered Saronite Shoulders,Blacksmithing,trainer,405,wh:learn,410,db2,420,db2,415,405,410,415,420,405,trainer,False
54557,Saronite Defender,Blacksmithing,trainer,390,wh:learn,395,db2,405,db2,400,390,395,400,405,390,trainer,False
54917,Spiked Cobalt Helm,Blacksmithing,trainer,375,wh:learn,380,db2,390,db2,385,375,380,385,390,375,trainer,False
54918,Spiked Cobalt Boots,Blacksmithing,trainer,380,wh:learn,385,db2,395,db2,390,380,385,390,395,380,trainer,False
54941,Spiked Cobalt Shoulders,Blacksmithing,trainer,385,wh:learn,390,db2,400,db2,395,385,390,395,400,385,trainer,False
54944,Spiked Cobalt Chestpiece,Blacksmithing,trainer,385,wh:learn,390,db2,400,db2,395,385,390,395,400,385,trainer,False
54945,Spiked Cobalt Gauntlets,Blacksmithing,trainer,390,wh:learn,395,db2,405,db2,400,390,395,400,405,390,trainer,False
54946,Spiked Cobalt Belt,Blacksmithing,trainer,395,wh:learn,400,db2,410,db2,405,395,400,405,410,395,trainer,False
54947,Spiked Cobalt Legplates,Blacksmithing,trainer,395,wh:learn,400,db2,410,db2,405,395,400,405,410,395,trainer,False
54948,Spiked Cobalt Bracers,Blacksmithing,trainer,400,wh:learn,405,db2,415,db2,410,400,405,410,415,400,trainer,False
54949,Horned Cobalt Helm,Blacksmithing,trainer,400,wh:learn,405,db2,415,db2,410,400,405,410,415,400,trainer,False
54978,Reinforced Cobalt Shoulders,Blacksmithing,item,375,db2:item-req,395,db2,405,db2,400,375,395,400,405,375,quest,False
54979,Reinforced Cobalt Helm,Blacksmithing,item,375,db2:item-req,405,db2,415,db2,410,375,405,410,415,375,quest,False
54980,Reinforced Cobalt Legplates,Blacksmithing,item,375,db2:item-req,410,db2,420,db2,415,375,410,415,420,375,quest,False
54981,Reinforced Cobalt Chestpiece,Blacksmithing,item,375,db2:item-req,415,db2,425,db2,420,375,415,420,425,375,quest,False
55013,Saronite Protector,Blacksmithing,trainer,390,wh:learn,395,db2,405,db2,400,390,395,400,405,390,trainer,False
55014,Saronite Bulwark,Blacksmithing,trainer,410,wh:learn,415,db2,425,db2,420,410,415,420,425,410,trainer,False
55015,Tempered Saronite Gauntlets,Blacksmithing,trainer,415,wh:learn,420,db2,430,db2,425,415,420,425,430,415,trainer,False
55017,Tempered Saronite Bracers,Blacksmithing,trainer,410,wh:learn,415,db2,425,db2,420,410,415,420,425,410,trainer,False
55055,Brilliant Saronite Legplates,Blacksmithing,trainer,395,wh:learn,400,db2,410,db2,405,395,400,405,410,395,trainer,False
55056,Brilliant Saronite Gauntlets,Blacksmithing,trainer,400,wh:learn,405,db2,415,db2,410,400,405,410,415,400,trainer,False
55057,Brilliant Saronite Boots,Blacksmithing,trainer,405,wh:learn,410,db2,420,db2,415,405,410,415,420,405,trainer,False
55058,Brilliant Saronite Breastplate,Blacksmithing,trainer,415,wh:learn,420,db2,430,db2,425,415,420,425,430,415,trainer,False
55174,Honed Cobalt Cleaver,Blacksmithing,trainer,390,wh:learn,395,db2,405,db2,400,390,395,400,405,390,trainer,False
55177,Savage Cobalt Slicer,Blacksmithing,trainer,395,wh:learn,400,db2,410,db2,405,395,400,405,410,395,trainer,False
55179,Saronite Ambusher,Blacksmithing,trainer,400,wh:learn,405,db2,415,db2,410,400,405,410,415,400,trainer,False
55181,Saronite Shiv,Blacksmithing,trainer,405,wh:learn,410,db2,420,db2,415,405,410,415,420,405,trainer,False
55182,Furious Saronite Beatstick,Blacksmithing,trainer,410,wh:learn,415,db2,425,db2,420,410,415,420,425,410,trainer,False
55183,Corroded Saronite Edge,Blacksmithing,legacy-spec,415,wh:learn,420,db2,430,db2,425,415,420,425,430,415,,False
55184,Corroded Saronite Woundbringer,Blacksmithing,legacy-spec,415,wh:learn,420,db2,430,db2,425,415,420,425,430,415,,False
55185,Saronite Mindcrusher,Blacksmithing,trainer,415,wh:learn,420,db2,430,db2,425,415,420,425,430,415,trainer,False
55186,Chestplate of Conquest,Blacksmithing,legacy-spec,415,wh:learn,420,db2,430,db2,425,415,420,425,430,415,,False
55187,Legplates of Conquest,Blacksmithing,legacy-spec,415,wh:learn,420,db2,430,db2,425,415,420,425,430,415,,False
55200,Sturdy Cobalt Quickblade,Blacksmithing,trainer,380,wh:learn,385,db2,395,db2,390,380,385,390,395,380,trainer,False
55201,Cobalt Tenderizer,Blacksmithing,trainer,380,wh:learn,385,db2,395,db2,390,380,385,390,395,380,trainer,False
55203,Forged Cobalt Claymore,Blacksmithing,trainer,385,wh:learn,390,db2,400,db2,395,385,390,395,400,385,trainer,False
55204,Notched Cobalt War Axe,Blacksmithing,trainer,390,wh:learn,395,db2,405,db2,400,390,395,400,405,390,trainer,False
55206,Deadly Saronite Dirk,Blacksmithing,trainer,405,wh:learn,415,db2,425,db2,420,405,415,420,425,405,trainer,False
55298,Vengeance Bindings,Blacksmithing,trainer,420,wh:learn,425,db2,435,db2,430,420,425,430,435,420,trainer,False
55300,Righteous Gauntlets,Blacksmithing,trainer,420,wh:learn,430,db2,450,db2,440,420,430,440,450,420,trainer,False
55301,Daunting Handguards,Blacksmithing,trainer,420,wh:learn,430,db2,450,db2,440,420,430,440,450,420,trainer,False
55302,Helm of Command,Blacksmithing,trainer,425,wh:learn,435,db2,455,db2,445,425,435,445,455,425,trainer,False
55303,Daunting Legplates,Blacksmithing,trainer,425,wh:learn,435,db2,455,db2,445,425,435,445,455,425,trainer,False
55304,Righteous Greaves,Blacksmithing,trainer,425,wh:learn,435,db2,455,db2,445,425,435,445,455,425,trainer,False
55305,Savage Saronite Bracers,Blacksmithing,trainer,420,wh:learn,425,db2,435,db2,430,420,425,430,435,420,trainer,False
55306,Savage Saronite Pauldrons,Blacksmithing,trainer,420,wh:learn,430,db2,450,db2,440,420,430,440,450,420,trainer,False
55307,Savage Saronite Waistguard,Blacksmithing,trainer,420,wh:learn,430,db2,450,db2,440,420,430,440,450,420,trainer,False
55308,Savage Saronite Walkers,Blacksmithing,trainer,420,wh:learn,430,db2,450,db2,440,420,430,440,450,420,trainer,False
55309,Savage Saronite Gauntlets,Blacksmithing,trainer,420,wh:learn,430,db2,450,db2,440,420,430,440,450,420,trainer,False
55310,Savage Saronite Legplates,Blacksmithing,trainer,425,wh:learn,435,db2,455,db2,445,425,435,445,455,425,trainer,False
55311,Savage Saronite Hauberk,Blacksmithing,trainer,425,wh:learn,435,db2,455,db2,445,425,435,445,455,425,trainer,False
55312,Savage Saronite Skullshield,Blacksmithing,trainer,425,wh:learn,435,db2,455,db2,445,425,435,445,455,425,trainer,False
55369,Titansteel Destroyer,Blacksmithing,trainer,440,wh:learn,450,db2,470,db2,460,440,450,460,470,440,trainer,False
55370,Titansteel Bonecrusher,Blacksmithing,trainer,440,wh:learn,450,db2,470,db2,460,440,450,460,470,440,trainer,False
55371,Titansteel Guardian,Blacksmithing,trainer,440,wh:learn,450,db2,470,db2,460,440,450,460,470,440,trainer,False
55372,Spiked Titansteel Helm,Blacksmithing,trainer,440,wh:learn,450,db2,470,db2,460,440,450,460,470,440,trainer,False
55373,Tempered Titansteel Helm,Blacksmithing,trainer,440,wh:learn,450,db2,470,db2,460,440,450,460,470,440,trainer,False
55374,Brilliant Titansteel Helm,Blacksmithing,trainer,440,wh:learn,450,db2,470,db2,460,440,450,460,470,440,trainer,False
55375,Spiked Titansteel Treads,Blacksmithing,trainer,440,wh:learn,450,db2,470,db2,460,440,450,460,470,440,trainer,False
55376,Tempered Titansteel Treads,Blacksmithing,trainer,440,wh:learn,450,db2,470,db2,460,440,450,460,470,440,trainer,False
55377,Brilliant Titansteel Treads,Blacksmithing,trainer,440,wh:learn,450,db2,470,db2,460,440,450,460,470,440,trainer,False
55656,Eternal Belt Buckle,Blacksmithing,trainer,415,wh:learn,420,db2,430,db2,425,415,420,425,430,415,trainer,False
55834,Cobalt Bracers,Blacksmithing,trainer,360,wh:learn,370,db2,380,db2,375,360,370,375,380,360,trainer,False
55835,Cobalt Gauntlets,Blacksmithing,trainer,370,wh:learn,380,db2,390,db2,385,370,380,385,390,370,trainer,False
55839,Titanium Weapon Chain,Blacksmithing,trainer,420,wh:learn,425,db2,435,db2,430,420,425,430,435,420,trainer,False
56234,Titansteel Shanker,Blacksmithing,trainer,440,wh:learn,450,db2,470,db2,460,440,450,460,470,440,trainer,False
56280,Cudgel of Saronite Justice,Blacksmithing,trainer,410,wh:learn,415,db2,425,db2,420,410,415,420,425,410,trainer,False
56357,Titanium Shield Spike,Blacksmithing,trainer,420,wh:learn,425,db2,435,db2,430,420,425,430,435,420,trainer,False
56400,Titansteel Shield Wall,Blacksmithing,trainer,440,wh:learn,450,db2,470,db2,460,440,450,460,470,440,trainer,False
56549,Ornate Saronite Bracers,Blacksmithing,trainer,420,wh:learn,425,db2,435,db2,430,420,425,430,435,420,trainer,False
56550,Ornate Saronite Pauldrons,Blacksmithing,trainer,420,wh:learn,430,db2,450,db2,440,420,430,440,450,420,trainer,False
56551,Ornate Saronite Waistguard,Blacksmithing,trainer,420,wh:learn,430,db2,450,db2,440,420,430,440,450,420,trainer,False
56552,Ornate Saronite Walkers,Blacksmithing,trainer,420,wh:learn,430,db2,450,db2,440,420,430,440,450,420,trainer,False
56553,Ornate Saronite Gauntlets,Blacksmithing,trainer,420,wh:learn,430,db2,450,db2,440,420,430,440,450,420,trainer,False
56554,Ornate Saronite Legplates,Blacksmithing,trainer,425,wh:learn,435,db2,455,db2,445,425,435,445,455,425,trainer,False
56555,Ornate Saronite Hauberk,Blacksmithing,trainer,425,wh:learn,435,db2,455,db2,445,425,435,445,455,425,trainer,False
56556,Ornate Saronite Skullshield,Blacksmithing,trainer,425,wh:learn,435,db2,455,db2,445,425,435,445,455,425,trainer,False
59405,Cobalt Skeleton Key,Blacksmithing,trainer,350,wh:learn,360,db2,370,db2,365,350,360,365,370,350,trainer,False
59406,Titanium Skeleton Key,Blacksmithing,trainer,430,wh:learn,435,db2,445,db2,440,430,435,440,445,430,trainer,False
59436,Brilliant Saronite Belt,Blacksmithing,trainer,395,wh:learn,400,db2,410,db2,405,395,400,405,410,395,trainer,False
59438,Brilliant Saronite Bracers,Blacksmithing,trainer,400,wh:learn,405,db2,415,db2,410,400,405,410,415,400,trainer,False
59440,Brilliant Saronite Pauldrons,Blacksmithing,trainer,405,wh:learn,410,db2,420,db2,415,405,410,415,420,405,trainer,False
59441,Brilliant Saronite Helm,Blacksmithing,trainer,415,wh:learn,420,db2,430,db2,425,415,420,425,430,415,trainer,False
59442,Saronite Spellblade,Blacksmithing,trainer,410,wh:learn,415,db2,425,db2,420,410,415,420,425,410,trainer,False
61008,Icebane Chestguard,Blacksmithing,trainer,425,wh:learn,435,db2,455,db2,445,425,435,445,455,425,trainer,False
61009,Icebane Girdle,Blacksmithing,trainer,420,wh:learn,430,db2,450,db2,440,420,430,440,450,420,trainer,False
61010,Icebane Treads,Blacksmithing,trainer,420,wh:learn,430,db2,450,db2,440,420,430,440,450,420,trainer,False
62202,Titanium Plating,Blacksmithing,item,450,db2:item-req,455,db2,465,db2,460,450,455,460,465,450,world,False
63182,Titansteel Spellblade,Blacksmithing,trainer,440,wh:learn,450,db2,470,db2,460,440,450,460,470,440,trainer,False
63187,Belt of the Titans,Blacksmithing,item,450,db2:item-req,455,db2,475,db2,465,450,455,465,475,450,quest,False
63188,Battlelord's Plate Boots,Blacksmithing,item,450,db2:item-req,455,db2,475,db2,465,450,455,465,475,450,quest,False
63189,Plate Girdle of Righteousness,Blacksmithing,item,450,db2:item-req,455,db2,475,db2,465,450,455,465,475,450,quest,False
63190,Treads of Destiny,Blacksmithing,item,450,db2:item-req,455,db2,475,db2,465,450,455,465,475,450,quest,False
63191,Indestructible Plate Girdle,Blacksmithing,item,450,db2:item-req,455,db2,475,db2,465,450,455,465,475,450,quest,False
63192,Spiked Deathdealers,Blacksmithing,item,450,db2:item-req,455,db2,475,db2,465,450,455,465,475,450,quest,False
67091,Breastplate of the White Knight,Blacksmithing,item,450,db2:item-req,460,db2,475,db2,467,450,460,467,475,450,quest,False
67092,Saronite Swordbreakers,Blacksmithing,item,450,db2:item-req,460,db2,475,db2,467,450,460,467,475,450,quest,False
67093,Titanium Razorplate,Blacksmithing,item,450,db2:item-req,460,db2,475,db2,467,450,460,467,475,450,quest,False
67094,Titanium Spikeguards,Blacksmithing,item,450,db2:item-req,460,db2,475,db2,467,450,460,467,475,450,quest,False
67095,Sunforged Breastplate,Blacksmithing,item,450,db2:item-req,460,db2,475,db2,467,450,460,467,475,450,quest,False
67096,Sunforged Bracers,Blacksmithing,item,450,db2:item-req,460,db2,475,db2,467,450,460,467,475,450,quest,False
67130,Breastplate of the White Knight,Blacksmithing,item,450,db2:item-req,460,db2,475,db2,467,450,460,467,475,450,quest,False
67131,Saronite Swordbreakers,Blacksmithing,item,450,db2:item-req,460,db2,475,db2,467,450,460,467,475,450,quest,False
67132,Titanium Razorplate,Blacksmithing,item,450,db2:item-req,460,db2,475,db2,467,450,460,467,475,450,quest,False
67133,Titanium Spikeguards,Blacksmithing,item,450,db2:item-req,460,db2,475,db2,467,450,460,467,475,450,quest,False
67134,Sunforged Breastplate,Blacksmithing,item,450,db2:item-req,460,db2,475,db2,467,450,460,467,475,450,quest,False
67135,Sunforged Bracers,Blacksmithing,item,450,db2:item-req,460,db2,475,db2,467,450,460,467,475,450,quest,False
70562,Puresteel Legplates,Blacksmithing,item,450,db2:item-req,475,db2,500,db2,487,450,475,487,500,450,world,False
70563,Protectors of Life,Blacksmithing,item,450,db2:item-req,475,db2,500,db2,487,450,475,487,500,450,world,False
70565,Legplates of Painful Death,Blacksmithing,item,450,db2:item-req,475,db2,500,db2,487,450,475,487,500,450,world,False
70566,Hellfrozen Bonegrinders,Blacksmithing,item,450,db2:item-req,475,db2,500,db2,487,450,475,487,500,450,world,False
70567,Pillars of Might,Blacksmithing,item,450,db2:item-req,475,db2,500,db2,487,450,475,487,500,450,world,False
70568,Boots of Kingly Upheaval,Blacksmithing,item,450,db2:item-req,475,db2,500,db2,487,450,475,487,500,450,world,False
76178,Folded Obsidium,Blacksmithing,trainer,425,wh:learn,450,db2,455,db2,452,425,450,452,455,425,trainer,False
76179,Hardened Obsidium Bracers,Blacksmithing,trainer,440,wh:learn,460,db2,465,db2,462,440,460,462,465,440,trainer,False
76180,Hardened Obsidium Gauntlets,Blacksmithing,item,425,db2:item-req,460,db2,465,db2,462,450,460,462,465,450,trainer,False
76181,Hardened Obsidium Belt,Blacksmithing,item,425,db2:item-req,470,db2,475,db2,472,460,470,472,475,460,trainer,False
76182,Hardened Obsidium Boots,Blacksmithing,item,425,db2:item-req,480,db2,485,db2,482,470,480,482,485,470,trainer,False
76258,Hardened Obsidium Shoulders,Blacksmithing,item,425,db2:item-req,490,db2,495,db2,492,480,490,492,495,480,trainer,False
76259,Hardened Obsidium Legguards,Blacksmithing,item,425,db2:item-req,500,db2,505,db2,502,490,500,502,505,490,trainer,False
76260,Hardened Obsidium Helm,Blacksmithing,item,425,db2:item-req,500,db2,505,db2,502,490,500,502,505,490,trainer,False
76261,Hardened Obsidium Breastplate,Blacksmithing,item,425,db2:item-req,510,db2,515,db2,512,500,510,512,515,500,trainer,False
76262,Redsteel Bracers,Blacksmithing,item,425,db2:item-req,460,db2,465,db2,462,440,460,462,465,440,trainer,False
76263,Redsteel Gauntlets,Blacksmithing,item,425,db2:item-req,460,db2,465,db2,462,450,460,462,465,450,trainer,False
76264,Redsteel Belt,Blacksmithing,item,425,db2:item-req,470,db2,475,db2,472,460,470,472,475,460,trainer,False
76265,Redsteel Boots,Blacksmithing,item,425,db2:item-req,480,db2,485,db2,482,470,480,482,485,470,trainer,False
76266,Redsteel Shoulders,Blacksmithing,item,425,db2:item-req,490,db2,495,db2,492,480,490,492,495,480,trainer,False
76267,Redsteel Legguards,Blacksmithing,item,425,db2:item-req,500,db2,505,db2,502,490,500,502,505,490,trainer,False
76269,Redsteel Helm,Blacksmithing,item,425,db2:item-req,510,db2,515,db2,512,500,510,512,515,500,trainer,False
76270,Redsteel Breastplate,Blacksmithing,item,425,db2:item-req,510,db2,515,db2,512,500,510,512,515,500,trainer,False
76280,Stormforged Bracers,Blacksmithing,item,425,db2:item-req,460,db2,465,db2,462,440,460,462,465,440,trainer,False
76281,Stormforged Gauntlets,Blacksmithing,item,425,db2:item-req,460,db2,465,db2,462,450,460,462,465,450,trainer,False
76283,Stormforged Belt,Blacksmithing,item,425,db2:item-req,470,db2,475,db2,472,460,470,472,475,460,trainer,False
76285,Stormforged Boots,Blacksmithing,item,425,db2:item-req,480,db2,485,db2,482,470,480,482,485,470,trainer,False
76286,Stormforged Shoulders,Blacksmithing,item,425,db2:item-req,490,db2,495,db2,492,480,490,492,495,480,trainer,False
76287,Stormforged Legguards,Blacksmithing,item,425,db2:item-req,490,db2,495,db2,492,480,490,492,495,480,trainer,False
76288,Stormforged Helm,Blacksmithing,item,425,db2:item-req,500,db2,505,db2,502,490,500,502,505,490,trainer,False
76289,Stormforged Breastplate,Blacksmithing,item,425,db2:item-req,510,db2,515,db2,512,500,510,512,515,500,trainer,False
76291,Hardened Obsidium Shield,Blacksmithing,item,425,db2:item-req,460,db2,465,db2,462,450,460,462,465,450,trainer,False
76293,Stormforged Shield,Blacksmithing,item,425,db2:item-req,480,db2,485,db2,482,470,480,482,485,470,trainer,False
76433,Decapitator's Razor,Blacksmithing,item,425,db2:item-req,475,db2,480,db2,477,460,475,477,480,460,trainer,False
76434,Cold-Forged Shank,Blacksmithing,item,425,db2:item-req,480,db2,485,db2,482,470,480,482,485,470,trainer,False
76435,Fire-Etched Dagger,Blacksmithing,item,425,db2:item-req,490,db2,495,db2,492,480,490,492,495,480,trainer,False
76436,Lifeforce Hammer,Blacksmithing,item,425,db2:item-req,490,db2,495,db2,492,480,490,492,495,480,trainer,False
76437,Obsidium Executioner,Blacksmithing,item,425,db2:item-req,490,db2,495,db2,492,480,490,492,495,480,trainer,False
76438,Obsidium Skeleton Key,Blacksmithing,item,425,db2:item-req,480,db2,490,db2,485,475,480,485,490,475,trainer,False
76439,Ebonsteel Belt Buckle,Blacksmithing,item,525,db2:item-req,525,db2,525,db2,525,525,525,525,525,525,world,False
76440,Pyrium Shield Spike,Blacksmithing,item,525,db2:item-req,530,db2,540,db2,535,525,530,535,540,525,world,False
76441,Elementium Shield Spike,Blacksmithing,item,425,db2:item-req,500,db2,505,db2,502,490,500,502,505,490,trainer,False
76442,Pyrium Weapon Chain,Blacksmithing,item,500,db2:item-req,505,db2,515,db2,510,500,505,510,515,500,world,False
76443,Hardened Elementium Hauberk,Blacksmithing,item,515,db2:item-req,525,db2,525,db2,525,515,525,525,525,515,world,False
76444,Hardened Elementium Girdle,Blacksmithing,item,510,db2:item-req,520,db2,525,db2,522,510,520,522,525,510,world,False
76445,Elementium Deathplate,Blacksmithing,item,515,db2:item-req,525,db2,525,db2,525,515,525,525,525,515,world,False
76446,Elementium Girdle of Pain,Blacksmithing,item,510,db2:item-req,520,db2,525,db2,522,510,520,522,525,510,world,False
76447,Light Elementium Chestguard,Blacksmithing,item,515,db2:item-req,525,db2,525,db2,525,515,525,525,525,515,world,False
76448,Light Elementium Belt,Blacksmithing,item,510,db2:item-req,520,db2,525,db2,522,510,520,522,525,510,world,False
76449,Elementium Spellblade,Blacksmithing,item,520,db2:item-req,525,db2,525,db2,525,520,525,525,525,520,world,False
76450,Elementium Hammer,Blacksmithing,item,515,db2:item-req,525,db2,525,db2,525,515,525,525,525,515,world,False
76451,Elementium Poleaxe,Blacksmithing,item,520,db2:item-req,525,db2,525,db2,525,520,525,525,525,520,world,False
76452,Elementium Bonesplitter,Blacksmithing,item,515,db2:item-req,525,db2,525,db2,525,515,525,525,525,515,world,False
76453,Elementium Shank,Blacksmithing,item,520,db2:item-req,525,db2,525,db2,525,520,525,525,525,520,world,False
76454,Elementium Earthguard,Blacksmithing,item,520,db2:item-req,525,db2,525,db2,525,520,525,525,525,520,world,False
76455,Elementium Stormshield,Blacksmithing,item,520,db2:item-req,525,db2,525,db2,525,520,525,525,525,520,world,False
76456,Bloodthirsty Pyrium Bracers,Blacksmithing,item,500,db2:item-req,510,db2,515,db2,512,500,510,512,515,500,world,False
76457,Bloodthirsty Pyrium Gauntlets,Blacksmithing,item,505,db2:item-req,515,db2,520,db2,517,505,515,517,520,505,world,False
76458,Bloodthirsty Pyrium Belt,Blacksmithing,item,510,db2:item-req,520,db2,525,db2,522,510,520,522,525,510,world,False
76459,Bloodthirsty Pyrium Boots,Blacksmithing,item,515,db2:item-req,525,db2,530,db2,527,515,525,527,530,515,world,False
76461,Bloodthirsty Pyrium Shoulders,Blacksmithing,item,520,db2:item-req,530,db2,535,db2,532,520,530,532,535,520,world,False
76462,Bloodthirsty Pyrium Legguards,Blacksmithing,item,525,db2:item-req,535,db2,540,db2,537,525,535,537,540,525,world,False
76463,Bloodthirsty Pyrium Helm,Blacksmithing,item,525,db2:item-req,535,db2,540,db2,537,525,535,537,540,525,world,False
76464,Bloodthirsty Pyrium Breastplate,Blacksmithing,item,525,db2:item-req,535,db2,540,db2,537,525,535,537,540,525,world,False
76465,Bloodthirsty Ornate Pyrium Bracers,Blacksmithing,item,500,db2:item-req,510,db2,515,db2,512,500,510,512,515,500,world,False
76466,Bloodthirsty Ornate Pyrium Gauntlets,Blacksmithing,item,505,db2:item-req,515,db2,520,db2,517,505,515,517,520,505,world,False
76467,Bloodthirsty Ornate Pyrium Belt,Blacksmithing,item,510,db2:item-req,520,db2,525,db2,522,510,520,522,525,510,world,False
76468,Bloodthirsty Ornate Pyrium Boots,Blacksmithing,item,515,db2:item-req,525,db2,530,db2,527,515,525,527,530,515,world,False
76469,Bloodthirsty Ornate Pyrium Shoulders,Blacksmithing,item,520,db2:item-req,530,db2,535,db2,532,520,530,532,535,520,world,False
76470,Bloodthirsty Ornate Pyrium Legguards,Blacksmithing,item,525,db2:item-req,535,db2,540,db2,537,525,535,537,540,525,world,False
76471,Bloodthirsty Ornate Pyrium Helm,Blacksmithing,item,525,db2:item-req,535,db2,540,db2,537,525,535,537,540,525,world,False
76472,Bloodthirsty Ornate Pyrium Breastplate,Blacksmithing,item,525,db2:item-req,535,db2,540,db2,537,525,535,537,540,525,world,False
76474,Obsidium Bladespear,Blacksmithing,item,425,db2:item-req,480,db2,485,db2,482,470,480,482,485,470,trainer,False
94718,Elementium Gutslicer,Blacksmithing,item,515,db2:item-req,525,db2,525,db2,525,515,525,525,525,515,world,False
94732,Forged Elementium Mindcrusher,Blacksmithing,item,520,db2:item-req,525,db2,525,db2,525,520,525,525,525,520,world,False
99439,Fists of Fury,Blacksmithing,item,525,db2:item-req,525,db2,530,db2,527,525,525,527,530,525,quest,False
99440,Eternal Elementium Handguards,Blacksmithing,item,525,db2:item-req,525,db2,530,db2,527,525,525,527,530,525,quest,False
99441,Holy Flame Gauntlets,Blacksmithing,item,525,db2:item-req,525,db2,530,db2,527,525,525,527,530,525,quest,False
99452,Warboots of Mighty Lords,Blacksmithing,item,525,db2:item-req,525,db2,530,db2,527,525,525,527,530,525,quest,False
99453,Mirrored Boots,Blacksmithing,item,525,db2:item-req,525,db2,530,db2,527,525,525,527,530,525,quest,False
99454,Emberforged Elementium Boots,Blacksmithing,item,525,db2:item-req,525,db2,530,db2,527,525,525,527,530,525,quest,False
99652,Brainsplinter,Blacksmithing,item,525,db2:item-req,525,db2,530,db2,527,525,525,527,530,525,world,False
99653,Masterwork Elementium Spellblade,Blacksmithing,item,525,db2:item-req,525,db2,530,db2,527,525,525,527,530,525,world,False
99654,Lightforged Elementium Hammer,Blacksmithing,item,525,db2:item-req,525,db2,530,db2,527,525,525,527,530,525,world,False
99655,Elementium-Edged Scalper,Blacksmithing,item,525,db2:item-req,525,db2,530,db2,527,525,525,527,530,525,world,False
99656,Pyrium Spellward,Blacksmithing,item,525,db2:item-req,525,db2,530,db2,527,525,525,527,530,525,world,False
99657,Unbreakable Guardian,Blacksmithing,item,525,db2:item-req,525,db2,530,db2,527,525,525,527,530,525,world,False
99658,Masterwork Elementium Deathblade,Blacksmithing,item,525,db2:item-req,525,db2,530,db2,527,525,525,527,530,525,world,False
99660,Witch-Hunter's Harvester,Blacksmithing,item,525,db2:item-req,525,db2,530,db2,527,525,525,527,530,525,world,False
101924,Pyrium Legplates of Purified Evil,Blacksmithing,item,525,db2:item-req,525,db2,535,db2,530,525,525,530,535,525,quest,False
101925,Unstoppable Destroyer's Legplates,Blacksmithing,item,525,db2:item-req,525,db2,535,db2,530,525,525,530,535,525,quest,False
101928,Foundations of Courage,Blacksmithing,item,525,db2:item-req,525,db2,535,db2,530,525,525,530,535,525,quest,False
101929,Soul Redeemer Bracers,Blacksmithing,item,525,db2:item-req,525,db2,535,db2,530,525,525,530,535,525,quest,False
101931,Bracers of Destructive Strength,Blacksmithing,item,525,db2:item-req,525,db2,535,db2,530,525,525,530,535,525,quest,False
101932,Titanguard Wristplates,Blacksmithing,item,525,db2:item-req,525,db2,535,db2,530,525,525,530,535,525,quest,False
122568,Spiritguard Helm,Blacksmithing,item,550,db2:item-req,565,db2,600,db2,582,550,565,582,600,550,,False
122569,Spiritguard Shoulders,Blacksmithing,item,535,db2:item-req,550,db2,600,db2,575,535,550,575,600,535,,False
122570,Spiritguard Breastplate,Blacksmithing,item,550,db2:item-req,565,db2,600,db2,582,550,565,582,600,550,,False
122571,Spiritguard Gauntlets,Blacksmithing,item,525,db2:item-req,540,db2,600,db2,570,525,540,570,600,525,,False
122572,Spiritguard Legplates,Blacksmithing,item,525,db2:item-req,545,db2,600,db2,572,525,545,572,600,525,,False
122573,Spiritguard Bracers,Blacksmithing,item,500,db2:item-req,525,db2,600,db2,562,500,525,562,600,500,,False
122574,Spiritguard Boots,Blacksmithing,item,525,db2:item-req,545,db2,600,db2,572,525,545,572,600,525,,False
122575,Spiritguard Belt,Blacksmithing,item,525,db2:item-req,540,db2,600,db2,570,525,540,570,600,525,,False
122576,Ghost-Forged Helm,Blacksmithing,item,550,db2:item-req,565,db2,600,db2,582,550,565,582,600,550,trainer,False
122577,Ghost-Forged Shoulders,Blacksmithing,item,535,db2:item-req,550,db2,600,db2,575,540,550,575,600,540,trainer,False
122578,Ghost-Forged Breastplate,Blacksmithing,item,550,db2:item-req,565,db2,600,db2,582,550,565,582,600,550,trainer,False
122579,Ghost-Forged Gauntlets,Blacksmithing,item,525,db2:item-req,540,db2,600,db2,570,525,540,570,600,525,trainer,False
122580,Ghost-Forged Legplates,Blacksmithing,item,525,db2:item-req,545,db2,600,db2,572,530,545,572,600,530,trainer,False
122581,Ghost-Forged Bracers,Blacksmithing,item,500,db2:item-req,525,db2,600,db2,562,500,525,562,600,500,trainer,False
122582,Ghost-Forged Boots,Blacksmithing,item,525,db2:item-req,545,db2,600,db2,572,530,545,572,600,530,trainer,False
122583,Ghost-Forged Belt,Blacksmithing,item,525,db2:item-req,540,db2,600,db2,570,525,540,570,600,525,trainer,False
122584,Lightsteel Helm,Blacksmithing,item,550,db2:item-req,565,db2,600,db2,582,550,565,582,600,550,,False
122585,Lightsteel Shoulders,Blacksmithing,item,535,db2:item-req,550,db2,600,db2,575,535,550,575,600,535,,False
122586,Lightsteel Breastplate,Blacksmithing,item,550,db2:item-req,565,db2,600,db2,582,550,565,582,600,550,,False
122587,Lightsteel Gauntlets,Blacksmithing,item,525,db2:item-req,540,db2,600,db2,570,525,540,570,600,525,,False
122588,Lightsteel Legplates,Blacksmithing,item,525,db2:item-req,545,db2,600,db2,572,525,545,572,600,525,,False
122589,Lightsteel Bracers,Blacksmithing,item,500,db2:item-req,525,db2,600,db2,562,500,525,562,600,500,,False
122590,Lightsteel Boots,Blacksmithing,item,525,db2:item-req,545,db2,600,db2,572,525,545,572,600,525,,False
122591,Lightsteel Belt,Blacksmithing,item,525,db2:item-req,540,db2,600,db2,570,525,540,570,600,525,,False
122592,Masterwork Spiritguard Helm,Blacksmithing,item,575,db2:item-req,600,db2,600,db2,600,575,600,600,600,575,world,False
122593,Masterwork Spiritguard Shoulders,Blacksmithing,item,575,db2:item-req,600,db2,600,db2,600,575,600,600,600,575,world,False
122594,Masterwork Spiritguard Breastplate,Blacksmithing,item,575,db2:item-req,600,db2,600,db2,600,575,600,600,600,575,world,False
122595,Masterwork Spiritguard Gauntlets,Blacksmithing,item,575,db2:item-req,600,db2,600,db2,600,575,600,600,600,575,world,False
122596,Masterwork Spiritguard Legplates,Blacksmithing,item,575,db2:item-req,600,db2,600,db2,600,575,600,600,600,575,world,False
122597,Masterwork Spiritguard Bracers,Blacksmithing,item,575,db2:item-req,600,db2,600,db2,600,575,600,600,600,575,world,False
122598,Masterwork Spiritguard Boots,Blacksmithing,item,575,db2:item-req,600,db2,600,db2,600,575,600,600,600,575,world,False
122599,Masterwork Spiritguard Belt,Blacksmithing,item,575,db2:item-req,600,db2,600,db2,600,575,600,600,600,575,world,False
122600,Masterwork Ghost-Forged Helm,Blacksmithing,item,575,db2:item-req,590,db2,600,db2,595,575,590,595,600,575,,False
122601,Masterwork Ghost-Forged Shoulders,Blacksmithing,item,560,db2:item-req,575,db2,600,db2,587,560,575,587,600,560,,False
122602,Masterwork Ghost-Forged Breastplate,Blacksmithing,item,575,db2:item-req,590,db2,600,db2,595,575,590,595,600,575,,False
122603,Masterwork Ghost-Forged Gauntlets,Blacksmithing,item,550,db2:item-req,565,db2,600,db2,582,550,565,582,600,550,,False
122604,Masterwork Ghost-Forged Legplates,Blacksmithing,item,550,db2:item-req,565,db2,600,db2,582,550,565,582,600,550,,False
122605,Masterwork Ghost-Forged Bracers,Blacksmithing,item,540,db2:item-req,555,db2,600,db2,577,540,555,577,600,540,,False
122606,Masterwork Ghost-Forged Boots,Blacksmithing,item,550,db2:item-req,565,db2,600,db2,582,550,565,582,600,550,,False
122607,Masterwork Ghost-Forged Belt,Blacksmithing,item,550,db2:item-req,565,db2,600,db2,582,550,565,582,600,550,,False
122608,Masterwork Lightsteel Helm,Blacksmithing,item,575,db2:item-req,590,db2,600,db2,595,575,590,595,600,575,,False
122609,Masterwork Lightsteel Shoulders,Blacksmithing,item,560,db2:item-req,575,db2,600,db2,587,560,575,587,600,560,,False
122610,Masterwork Lightsteel Breastplate,Blacksmithing,item,575,db2:item-req,590,db2,600,db2,595,575,590,595,600,575,,False
122611,Masterwork Lightsteel Gauntlets,Blacksmithing,item,550,db2:item-req,565,db2,600,db2,582,550,565,582,600,550,,False
122612,Masterwork Lightsteel Legplates,Blacksmithing,item,550,db2:item-req,565,db2,600,db2,582,550,565,582,600,550,,False
122613,Masterwork Lightsteel Bracers,Blacksmithing,item,540,db2:item-req,555,db2,600,db2,577,540,555,577,600,540,,False
122614,Masterwork Lightsteel Boots,Blacksmithing,item,550,db2:item-req,565,db2,600,db2,582,550,565,582,600,550,,False
122615,Masterwork Lightsteel Belt,Blacksmithing,item,550,db2:item-req,565,db2,600,db2,582,550,565,582,600,550,,False
122616,Contender's Revenant Helm,Blacksmithing,item,575,db2:item-req,600,db2,600,db2,600,575,600,600,600,575,world,False
122617,Contender's Revenant Shoulders,Blacksmithing,item,575,db2:item-req,600,db2,600,db2,600,575,600,600,600,575,world,False
122618,Contender's Revenant Breastplate,Blacksmithing,item,575,db2:item-req,600,db2,600,db2,600,575,600,600,600,575,world,False
122619,Contender's Revenant Gauntlets,Blacksmithing,item,575,db2:item-req,600,db2,600,db2,600,575,600,600,600,575,world,False
122620,Contender's Revenant Legplates,Blacksmithing,item,575,db2:item-req,600,db2,600,db2,600,575,600,600,600,575,world,False
122621,Contender's Revenant Bracers,Blacksmithing,item,575,db2:item-req,600,db2,600,db2,600,575,600,600,600,575,world,False
122622,Contender's Revenant Boots,Blacksmithing,item,575,db2:item-req,600,db2,600,db2,600,575,600,600,600,575,world,False
122623,Contender's Revenant Belt,Blacksmithing,item,575,db2:item-req,600,db2,600,db2,600,575,600,600,600,575,world,False
122624,Contender's Spirit Helm,Blacksmithing,item,575,db2:item-req,600,db2,600,db2,600,575,600,600,600,575,world,False
122625,Contender's Spirit Shoulders,Blacksmithing,item,575,db2:item-req,600,db2,600,db2,600,575,600,600,600,575,world,False
122626,Contender's Spirit Breastplate,Blacksmithing,item,575,db2:item-req,600,db2,600,db2,600,575,600,600,600,575,world,False
122627,Contender's Spirit Gauntlets,Blacksmithing,item,575,db2:item-req,600,db2,600,db2,600,575,600,600,600,575,world,False
122628,Contender's Spirit Legplates,Blacksmithing,item,575,db2:item-req,600,db2,600,db2,600,575,600,600,600,575,world,False
122629,Contender's Spirit Bracers,Blacksmithing,item,575,db2:item-req,600,db2,600,db2,600,575,600,600,600,575,world,False
122630,Contender's Spirit Boots,Blacksmithing,item,575,db2:item-req,600,db2,600,db2,600,575,600,600,600,575,world,False
122631,Contender's Spirit Belt,Blacksmithing,item,575,db2:item-req,600,db2,600,db2,600,575,600,600,600,575,world,False
122632,Living Steel Belt Buckle,Blacksmithing,item,600,db2:item-req,600,db2,605,db2,602,600,600,602,605,600,world,False
122633,Ghostly Skeleton Key,Blacksmithing,item,500,db2:item-req,515,db2,530,db2,522,500,515,522,530,500,trainer,False
122635,Lightsteel Shield,Blacksmithing,item,535,db2:item-req,550,db2,600,db2,575,540,550,575,600,540,trainer,False
122636,Spiritguard Shield,Blacksmithing,item,540,db2:item-req,555,db2,600,db2,577,545,555,577,600,545,trainer,False
122637,Forgewire Axe,Blacksmithing,item,545,db2:item-req,560,db2,600,db2,580,545,560,580,600,545,trainer,False
122638,Ghost-Forged Blade,Blacksmithing,item,545,wh:learn<item,565,db2,600,db2,582,545,565,582,600,545,trainer,False
122639,Phantasmal Hammer,Blacksmithing,item,555,db2:item-req,570,db2,600,db2,585,560,570,585,600,560,trainer,False
122640,Spiritblade Decimator,Blacksmithing,item,560,db2:item-req,575,db2,600,db2,587,565,575,587,600,565,trainer,False
122641,Ghost Shard,Blacksmithing,item,565,db2:item-req,575,db2,600,db2,587,565,575,587,600,565,trainer,False
122642,Masterwork Lightsteel Shield,Blacksmithing,item,575,db2:item-req,600,db2,605,db2,602,575,600,602,605,575,world,False
122643,Masterwork Spiritguard Shield,Blacksmithing,item,575,db2:item-req,600,db2,605,db2,602,575,600,602,605,575,world,False
122644,Masterwork Forgewire Axe,Blacksmithing,item,575,db2:item-req,600,db2,605,db2,602,575,600,602,605,575,world,False
122645,Masterwork Ghost-Forged Blade,Blacksmithing,item,575,db2:item-req,600,db2,605,db2,602,575,600,602,605,575,world,False
122646,Masterwork Phantasmal Hammer,Blacksmithing,item,575,db2:item-req,600,db2,605,db2,602,575,600,602,605,575,world,False
122647,Masterwork Spiritblade Decimator,Blacksmithing,item,575,db2:item-req,600,db2,605,db2,602,575,600,602,605,575,world,False
122648,Masterwork Ghost Shard,Blacksmithing,item,575,db2:item-req,600,db2,605,db2,602,575,600,602,605,575,world,False
122649,Ghost Reaver's Breastplate,Blacksmithing,item,600,db2:item-req,600,db2,605,db2,602,600,600,602,605,600,world,False
122650,Ghost Reaver's Gauntlets,Blacksmithing,item,600,db2:item-req,600,db2,605,db2,602,600,600,602,605,600,world,False
122651,Living Steel Breastplate,Blacksmithing,item,600,db2:item-req,600,db2,605,db2,602,600,600,602,605,600,world,False
122652,Living Steel Gauntlets,Blacksmithing,item,600,db2:item-req,600,db2,605,db2,602,600,600,602,605,600,world,False
122653,Breastplate of Ancient Steel,Blacksmithing,item,600,db2:item-req,600,db2,605,db2,602,600,600,602,605,600,world,False
122654,Gauntlets of Ancient Steel,Blacksmithing,item,600,db2:item-req,600,db2,605,db2,602,600,600,602,605,600,world,False
126850,Unyielding Bloodplate,Blacksmithing,item,600,db2:item-req,605,db2,615,db2,610,600,605,610,615,600,quest,False
126851,Gauntlets of Battle Command,Blacksmithing,item,600,db2:item-req,605,db2,615,db2,610,600,605,610,615,600,quest,False
126852,Ornate Battleplate of the Master,Blacksmithing,item,600,db2:item-req,605,db2,615,db2,610,600,605,610,615,600,quest,False
126853,Bloodforged Warfists,Blacksmithing,item,600,db2:item-req,605,db2,615,db2,610,600,605,610,615,600,quest,False
126854,Chestplate of Limitless Faith,Blacksmithing,item,600,db2:item-req,605,db2,615,db2,610,600,605,610,615,600,quest,False
126855,Gauntlets of Unbound Devotion,Blacksmithing,item,600,db2:item-req,605,db2,615,db2,610,600,605,610,615,600,quest,False
126869,Folded Ghost Iron,Blacksmithing,unobtainable,525,,525,,525,,,,,,,,,False
131928,Ghost Iron Shield Spike,Blacksmithing,item,540,db2:item-req,550,db2,565,db2,557,540,550,557,565,540,world,False
131929,Living Steel Weapon Chain,Blacksmithing,item,540,db2:item-req,600,db2,605,db2,602,540,600,602,605,540,world,False
137766,Haunted Steel Greaves,Blacksmithing,discovery,500,wh:learn,605,db2,615,db2,610,500,605,610,615,500,discovery,False
137767,Haunted Steel Headcover,Blacksmithing,discovery,500,wh:learn,605,db2,615,db2,610,500,605,610,615,500,discovery,False
137768,Haunted Steel Treads,Blacksmithing,discovery,500,wh:learn,605,db2,615,db2,610,500,605,610,615,500,discovery,False
137769,Haunted Steel Greathelm,Blacksmithing,discovery,500,wh:learn,605,db2,615,db2,610,500,605,610,615,500,discovery,False
137770,Haunted Steel Warboots,Blacksmithing,discovery,500,wh:learn,605,db2,615,db2,610,500,605,610,615,500,discovery,False
137771,Haunted Steel Headguard,Blacksmithing,discovery,500,wh:learn,605,db2,615,db2,610,500,605,610,615,500,discovery,False
137772,Crafted Dreadful Gladiator's Scaled Gauntlets,Blacksmithing,discovery,500,wh:learn,600,db2,605,db2,602,500,600,602,605,500,discovery,False
137773,Crafted Dreadful Gladiator's Scaled Helm,Blacksmithing,discovery,500,wh:learn,600,db2,605,db2,602,500,600,602,605,500,discovery,False
137774,Crafted Dreadful Gladiator's Scaled Legguards,Blacksmithing,discovery,500,wh:learn,600,db2,605,db2,602,500,600,602,605,500,discovery,False
137775,Crafted Dreadful Gladiator's Scaled Shoulders,Blacksmithing,discovery,500,wh:learn,600,db2,605,db2,602,500,600,602,605,500,discovery,False
137776,Crafted Dreadful Gladiator's Clasp of Cruelty,Blacksmithing,discovery,500,wh:learn,600,db2,605,db2,602,500,600,602,605,500,discovery,False
137777,Crafted Dreadful Gladiator's Clasp of Meditation,Blacksmithing,discovery,500,wh:learn,600,db2,605,db2,602,500,600,602,605,500,discovery,False
137778,Crafted Dreadful Gladiator's Greaves of Alacrity,Blacksmithing,discovery,500,wh:learn,600,db2,605,db2,602,500,600,602,605,500,discovery,False
137779,Crafted Dreadful Gladiator's Greaves of Meditation,Blacksmithing,discovery,500,wh:learn,600,db2,605,db2,602,500,600,602,605,500,discovery,False
137780,Crafted Dreadful Gladiator's Bracers of Prowess,Blacksmithing,discovery,500,wh:learn,600,db2,605,db2,602,500,600,602,605,500,discovery,False
137781,Crafted Dreadful Gladiator's Bracers of Meditation,Blacksmithing,discovery,500,wh:learn,600,db2,605,db2,602,500,600,602,605,500,discovery,False
137782,Crafted Dreadful Gladiator's Ornamented Chestguard,Blacksmithing,discovery,500,wh:learn,600,db2,605,db2,602,500,600,602,605,500,discovery,False
137783,Crafted Dreadful Gladiator's Ornamented Gloves,Blacksmithing,discovery,500,wh:learn,600,db2,605,db2,602,500,600,602,605,500,discovery,False
137784,Crafted Dreadful Gladiator's Ornamented Headcover,Blacksmithing,discovery,500,wh:learn,600,db2,605,db2,602,500,600,602,605,500,discovery,False
137785,Crafted Dreadful Gladiator's Ornamented Legplates,Blacksmithing,discovery,500,wh:learn,600,db2,605,db2,602,500,600,602,605,500,discovery,False
137786,Crafted Dreadful Gladiator's Ornamented Spaulders,Blacksmithing,discovery,500,wh:learn,600,db2,605,db2,602,500,600,602,605,500,discovery,False
137787,Crafted Dreadful Gladiator's Girdle of Accuracy,Blacksmithing,discovery,500,wh:learn,600,db2,605,db2,602,500,600,602,605,500,discovery,False
137788,Crafted Dreadful Gladiator's Girdle of Prowess,Blacksmithing,discovery,500,wh:learn,600,db2,605,db2,602,500,600,602,605,500,discovery,False
137789,Crafted Dreadful Gladiator's Warboots of Cruelty,Blacksmithing,discovery,500,wh:learn,600,db2,605,db2,602,500,600,602,605,500,discovery,False
137790,Crafted Dreadful Gladiator's Warboots of Alacrity,Blacksmithing,discovery,500,wh:learn,600,db2,605,db2,602,500,600,602,605,500,discovery,False
137791,Crafted Dreadful Gladiator's Armplates of Proficiency,Blacksmithing,discovery,500,wh:learn,600,db2,605,db2,602,500,600,602,605,500,discovery,False
137792,Crafted Dreadful Gladiator's Armplates of Alacrity,Blacksmithing,discovery,500,wh:learn,600,db2,605,db2,602,500,600,602,605,500,discovery,False
137793,Crafted Dreadful Gladiator's Plate Chestpiece,Blacksmithing,discovery,500,wh:learn,600,db2,605,db2,602,500,600,602,605,500,discovery,False
137794,Crafted Dreadful Gladiator's Plate Gauntlets,Blacksmithing,discovery,500,wh:learn,600,db2,605,db2,602,500,600,602,605,500,discovery,False
137795,Crafted Dreadful Gladiator's Plate Helm,Blacksmithing,discovery,500,wh:learn,600,db2,605,db2,602,500,600,602,605,500,discovery,False
137796,Crafted Dreadful Gladiator's Plate Legguards,Blacksmithing,discovery,500,wh:learn,600,db2,605,db2,602,500,600,602,605,500,discovery,False
137797,Crafted Dreadful Gladiator's Plate Shoulders,Blacksmithing,discovery,500,wh:learn,600,db2,605,db2,602,500,600,602,605,500,discovery,False
138646,Lightning Steel Ingot,Blacksmithing,item,500,db2:item-req,605,db2,615,db2,610,500,605,610,615,500,quest,False
138876,"The Planar Edge, Reborn",Blacksmithing,item,500,db2:item-req,605,db2,615,db2,610,500,605,610,615,500,quest,False
138877,"Lunar Crescent, Reborn",Blacksmithing,item,500,db2:item-req,605,db2,615,db2,610,500,605,610,615,500,quest,False
138878,"Black Planar Edge, Reborn",Blacksmithing,discovery,500,wh:learn,605,db2,616,db2,610,500,605,610,616,500,discovery,False
138879,"Mooncleaver, Reborn",Blacksmithing,discovery,500,wh:learn,605,db2,616,db2,610,500,605,610,616,500,discovery,False
138880,"Wicked Edge of the Planes, Reborn",Blacksmithing,discovery,500,wh:learn,605,db2,617,db2,611,500,605,611,617,500,discovery,False
138881,"Bloodmoon, Reborn",Blacksmithing,discovery,500,wh:learn,605,db2,617,db2,611,500,605,611,617,500,discovery,False
138882,"Drakefist Hammer, Reborn",Blacksmithing,item,500,db2:item-req,605,db2,615,db2,610,500,605,610,615,500,quest,False
138883,"Thunder, Reborn",Blacksmithing,item,500,db2:item-req,605,db2,615,db2,610,500,605,610,615,500,quest,False
138884,"Deep Thunder, Reborn",Blacksmithing,discovery,500,wh:learn,605,db2,616,db2,610,500,605,610,616,500,discovery,False
138885,"Dragonmaw, Reborn",Blacksmithing,discovery,500,wh:learn,605,db2,616,db2,610,500,605,610,616,500,discovery,False
138886,"Dragonstrike, Reborn",Blacksmithing,discovery,500,wh:learn,605,db2,617,db2,611,500,605,611,617,500,discovery,False
138887,"Stormherald, Reborn",Blacksmithing,discovery,500,wh:learn,605,db2,617,db2,611,500,605,611,617,500,discovery,False
138888,"Fireguard, Reborn",Blacksmithing,item,500,db2:item-req,605,db2,615,db2,610,500,605,610,615,500,quest,False
138889,"Lionheart Blade, Reborn",Blacksmithing,item,500,db2:item-req,605,db2,615,db2,610,500,605,610,615,500,quest,False
138890,"Blazeguard, Reborn",Blacksmithing,discovery,500,wh:learn,605,db2,616,db2,610,500,605,610,616,500,discovery,False
138891,"Lionheart Champion, Reborn",Blacksmithing,discovery,500,wh:learn,605,db2,615,db2,610,500,605,610,615,500,discovery,False
138892,"Blazefury, Reborn",Blacksmithing,discovery,500,wh:learn,605,db2,617,db2,611,500,605,611,617,500,discovery,False
138893,"Lionheart Executioner, Reborn",Blacksmithing,discovery,500,wh:learn,605,db2,615,db2,610,500,605,610,615,500,discovery,False
139745,Training Project: Ghost Iron Pins,Blacksmithing,trainer-quest,21,wh:learn,21,db2,21,db2,21,0,21,21,21,21,,False
139746,Training Project: Simple Eating Utensils,Blacksmithing,trainer-quest,59,wh:learn,59,db2,59,db2,59,0,59,59,59,59,,False
139747,Training Project: Ghost Iron Wok,Blacksmithing,trainer-quest,71,wh:learn,71,db2,71,db2,71,0,71,71,71,71,,False
139748,Training Project: Ghost Iron Ladle,Blacksmithing,trainer-quest,86,wh:learn,86,db2,86,db2,86,0,86,86,86,86,,False
139749,Training Project: Ghost Iron Poker,Blacksmithing,trainer-quest,121,wh:learn,121,db2,121,db2,121,0,121,121,121,121,,False
139750,Training Project: Ghost Iron Hook,Blacksmithing,trainer-quest,136,wh:learn,136,db2,136,db2,136,0,136,136,136,136,,False
139751,Training Project: Ghost Iron Spatulas,Blacksmithing,trainer-quest,151,wh:learn,151,db2,151,db2,151,0,151,151,151,151,,False
139753,Training Project: Decorative Spoons,Blacksmithing,trainer-quest,186,wh:learn,186,db2,186,db2,186,0,186,186,186,186,,False
139754,Training Project: Ghost Iron Spade,Blacksmithing,trainer-quest,199,wh:learn,199,db2,199,db2,199,0,199,199,199,199,,False
139755,Training Project: Ghost Iron Needles,Blacksmithing,trainer-quest,206,wh:learn,206,db2,206,db2,206,0,206,206,206,206,,False
139756,Training Project: Ghost Iron Barrel,Blacksmithing,trainer-quest,231,wh:learn,231,db2,231,db2,231,0,231,231,231,231,,False
139757,Training Project: Ghost Iron Saw,Blacksmithing,trainer-quest,248,wh:learn,248,db2,248,db2,248,0,248,248,248,248,,False
139759,Training Project: Ghost Iron Wire,Blacksmithing,trainer-quest,256,wh:learn,256,db2,256,db2,256,0,256,256,256,256,,False
139760,Training Project: Ghost Iron Pot,Blacksmithing,trainer-quest,289,wh:learn,289,db2,289,db2,289,0,289,289,289,289,,False
139761,Training Project: Ghost Iron Cups,Blacksmithing,trainer-quest,299,wh:learn,299,db2,299,db2,299,0,299,299,299,299,,False
139762,Training Project: Ghost Iron Bowls,Blacksmithing,trainer-quest,326,wh:learn,326,db2,326,db2,326,0,326,326,326,326,,False
139763,Training Project: Ghost Iron Bells,Blacksmithing,trainer-quest,347,wh:learn,347,db2,347,db2,347,0,347,347,347,347,,False
139764,Training Project: Ghost Iron Crate,Blacksmithing,trainer-quest,376,wh:learn,376,db2,376,db2,376,0,376,376,376,376,,False
140165,Training Project: Ghost Iron Picks,Blacksmithing,trainer-quest,421,wh:learn,421,db2,421,db2,421,0,421,421,421,421,,False
140166,Training Project: Ghost Iron Frames,Blacksmithing,trainer-quest,456,wh:learn,456,db2,456,db2,456,0,456,456,456,456,,False
140167,Training Project: Ghost Iron Pans,Blacksmithing,trainer-quest,486,wh:learn,486,db2,486,db2,486,0,486,486,486,486,,False
140168,Training Project: Ghost Iron Statue,Blacksmithing,trainer-quest,500,wh:learn,500,db2,500,db2,500,0,500,500,500,500,,False
140841,Crafted Dreadful Gladiator's Scaled Chestpiece,Blacksmithing,discovery,500,wh:learn,600,db2,605,db2,602,500,600,602,605,500,discovery,False
140842,Crafted Dreadful Gladiator's Dreadplate Shoulders,Blacksmithing,discovery,500,wh:learn,600,db2,605,db2,602,500,600,602,605,500,discovery,False
140843,Crafted Dreadful Gladiator's Dreadplate Legguards,Blacksmithing,discovery,500,wh:learn,600,db2,605,db2,602,500,600,602,605,500,discovery,False
140844,Crafted Dreadful Gladiator's Dreadplate Helm,Blacksmithing,discovery,500,wh:learn,600,db2,605,db2,602,500,600,602,605,500,discovery,False
140845,Crafted Dreadful Gladiator's Dreadplate Gauntlets,Blacksmithing,discovery,500,wh:learn,600,db2,605,db2,602,500,600,602,605,500,discovery,False
140846,Crafted Dreadful Gladiator's Dreadplate Chestpiece,Blacksmithing,discovery,500,wh:learn,600,db2,605,db2,602,500,600,602,605,500,discovery,False
142954,Blessed Trillium Greaves,Blacksmithing,discovery,605,wh:learn,605,db2,618,db2,611,0,605,611,618,605,discovery,False
142958,Protector's Trillium Legguards,Blacksmithing,discovery,605,wh:learn,605,db2,618,db2,611,0,605,611,618,605,discovery,False
142959,Avenger's Trillium Legplates,Blacksmithing,discovery,605,wh:learn,605,db2,618,db2,611,0,605,611,618,605,discovery,False
142963,Blessed Trillium Belt,Blacksmithing,discovery,605,wh:learn,605,db2,618,db2,611,0,605,611,618,605,discovery,False
142967,Protector's Trillium Waistguard,Blacksmithing,discovery,605,wh:learn,605,db2,618,db2,611,0,605,611,618,605,discovery,False
142968,Avenger's Trillium Waistplate,Blacksmithing,discovery,605,wh:learn,605,db2,618,db2,611,0,605,611,618,605,discovery,False
143163,Crafted Malevolent Gladiator's Dreadplate Chestpiece,Blacksmithing,discovery,600,wh:learn,600,db2,606,db2,603,0,600,603,606,600,discovery,False
143164,Crafted Malevolent Gladiator's Dreadplate Gauntlets,Blacksmithing,discovery,600,wh:learn,600,db2,606,db2,603,0,600,603,606,600,discovery,False
143165,Crafted Malevolent Gladiator's Dreadplate Helm,Blacksmithing,discovery,600,wh:learn,600,db2,606,db2,603,0,600,603,606,600,discovery,False
143166,Crafted Malevolent Gladiator's Dreadplate Legguards,Blacksmithing,discovery,600,wh:learn,600,db2,606,db2,603,0,600,603,606,600,discovery,False
143167,Crafted Malevolent Gladiator's Dreadplate Shoulders,Blacksmithing,discovery,600,wh:learn,600,db2,606,db2,603,0,600,603,606,600,discovery,False
143168,Crafted Malevolent Gladiator's Scaled Chestpiece,Blacksmithing,discovery,600,wh:learn,600,db2,606,db2,603,0,600,603,606,600,discovery,False
143169,Crafted Malevolent Gladiator's Scaled Gauntlets,Blacksmithing,discovery,600,wh:learn,600,db2,606,db2,603,0,600,603,606,600,discovery,False
143170,Crafted Malevolent Gladiator's Scaled Helm,Blacksmithing,discovery,600,wh:learn,600,db2,606,db2,603,0,600,603,606,600,discovery,False
143171,Crafted Malevolent Gladiator's Scaled Legguards,Blacksmithing,discovery,600,wh:learn,600,db2,606,db2,603,0,600,603,606,600,discovery,False
143172,Crafted Malevolent Gladiator's Scaled Shoulders,Blacksmithing,discovery,600,wh:learn,600,db2,606,db2,603,0,600,603,606,600,discovery,False
143173,Crafted Malevolent Gladiator's Clasp of Cruelty,Blacksmithing,discovery,600,wh:learn,600,db2,606,db2,603,0,600,603,606,600,discovery,False
143174,Crafted Malevolent Gladiator's Clasp of Meditation,Blacksmithing,discovery,600,wh:learn,600,db2,606,db2,603,0,600,603,606,600,discovery,False
143175,Crafted Malevolent Gladiator's Greaves of Alacrity,Blacksmithing,discovery,600,wh:learn,600,db2,606,db2,603,0,600,603,606,600,discovery,False
143176,Crafted Malevolent Gladiator's Greaves of Meditation,Blacksmithing,discovery,600,wh:learn,600,db2,606,db2,603,0,600,603,606,600,discovery,False
143177,Crafted Malevolent Gladiator's Bracers of Prowess,Blacksmithing,discovery,600,wh:learn,600,db2,606,db2,603,0,600,603,606,600,discovery,False
143178,Crafted Malevolent Gladiator's Bracers of Meditation,Blacksmithing,discovery,600,wh:learn,600,db2,606,db2,603,0,600,603,606,600,discovery,False
143179,Crafted Malevolent Gladiator's Ornamented Chestguard,Blacksmithing,discovery,600,wh:learn,600,db2,606,db2,603,0,600,603,606,600,discovery,False
143180,Crafted Malevolent Gladiator's Ornamented Gloves,Blacksmithing,discovery,600,wh:learn,600,db2,606,db2,603,0,600,603,606,600,discovery,False
143181,Crafted Malevolent Gladiator's Ornamented Headcover,Blacksmithing,discovery,600,wh:learn,600,db2,606,db2,603,0,600,603,606,600,discovery,False
143182,Crafted Malevolent Gladiator's Ornamented Legplates,Blacksmithing,discovery,600,wh:learn,600,db2,606,db2,603,0,600,603,606,600,discovery,False
143183,Crafted Malevolent Gladiator's Ornamented Spaulders,Blacksmithing,discovery,600,wh:learn,600,db2,606,db2,603,0,600,603,606,600,discovery,False
143184,Crafted Malevolent Gladiator's Girdle of Accuracy,Blacksmithing,discovery,600,wh:learn,600,db2,606,db2,603,0,600,603,606,600,discovery,False
143185,Crafted Malevolent Gladiator's Girdle of Prowess,Blacksmithing,discovery,600,wh:learn,600,db2,606,db2,603,0,600,603,606,600,discovery,False
143186,Crafted Malevolent Gladiator's Warboots of Cruelty,Blacksmithing,discovery,600,wh:learn,600,db2,606,db2,603,0,600,603,606,600,discovery,False
143187,Crafted Malevolent Gladiator's Warboots of Alacrity,Blacksmithing,discovery,600,wh:learn,600,db2,606,db2,603,0,600,603,606,600,discovery,False
143188,Crafted Malevolent Gladiator's Armplates of Proficiency,Blacksmithing,discovery,600,wh:learn,600,db2,606,db2,603,0,600,603,606,600,discovery,False
143189,Crafted Malevolent Gladiator's Armplates of Alacrity,Blacksmithing,discovery,600,wh:learn,600,db2,606,db2,603,0,600,603,606,600,discovery,False
143190,Crafted Malevolent Gladiator's Plate Chestpiece,Blacksmithing,discovery,600,wh:learn,600,db2,606,db2,603,0,600,603,606,600,discovery,False
143191,Crafted Malevolent Gladiator's Plate Gauntlets,Blacksmithing,discovery,600,wh:learn,600,db2,606,db2,603,0,600,603,606,600,discovery,False
143192,Crafted Malevolent Gladiator's Plate Helm,Blacksmithing,discovery,600,wh:learn,600,db2,606,db2,603,0,600,603,606,600,discovery,False
143193,Crafted Malevolent Gladiator's Plate Legguards,Blacksmithing,discovery,600,wh:learn,600,db2,606,db2,603,0,600,603,606,600,discovery,False
143194,Crafted Malevolent Gladiator's Plate Shoulders,Blacksmithing,discovery,600,wh:learn,600,db2,606,db2,603,0,600,603,606,600,discovery,False
143195,Crafted Malevolent Gladiator's Barrier,Blacksmithing,discovery,600,wh:learn,600,db2,606,db2,603,0,600,603,606,600,discovery,False
143196,Crafted Malevolent Gladiator's Redoubt,Blacksmithing,discovery,600,wh:learn,600,db2,606,db2,603,0,600,603,606,600,discovery,False
143197,Crafted Malevolent Gladiator's Shield Wall,Blacksmithing,discovery,600,wh:learn,600,db2,606,db2,603,0,600,603,606,600,discovery,False
143255,Balanced Trillium Ingot,Blacksmithing,item,600,db2:book-req,605,db2,616,db2,610,0,605,610,616,605,,False
146921,Accelerated Balanced Trillium Ingot,Blacksmithing,item,600,db2:book-req,605,db2,616,db2,610,0,605,610,616,605,,False
1224178,Vicious Ornate Pyrium Belt,Blacksmithing,item,510,db2:item-req,515,db2,525,db2,520,510,515,520,525,510,world,False
1224179,Vicious Ornate Pyrium Boots,Blacksmithing,item,515,db2:item-req,520,db2,530,db2,525,515,520,525,530,515,world,False
1224180,Vicious Ornate Pyrium Bracers,Blacksmithing,item,500,db2:item-req,505,db2,515,db2,510,500,505,510,515,500,world,False
1224181,Vicious Ornate Pyrium Breastplate,Blacksmithing,item,525,db2:item-req,525,db2,535,db2,530,525,525,530,535,525,world,False
1224182,Vicious Ornate Pyrium Gauntlets,Blacksmithing,item,505,db2:item-req,525,db2,535,db2,530,505,525,530,535,505,world,False
1224183,Vicious Ornate Pyrium Helm,Blacksmithing,item,525,db2:item-req,525,db2,535,db2,530,525,525,530,535,525,world,False
1224184,Vicious Ornate Pyrium Legguards,Blacksmithing,item,525,db2:item-req,525,db2,535,db2,530,525,525,530,535,525,world,False
1224185,Vicious Ornate Pyrium Shoulders,Blacksmithing,item,520,db2:item-req,515,db2,525,db2,520,0,520,520,525,520,world,False
1224186,Vicious Pyrium Belt,Blacksmithing,item,510,db2:item-req,515,db2,525,db2,520,510,515,520,525,510,world,False
1224187,Vicious Pyrium Boots,Blacksmithing,item,515,db2:item-req,520,db2,530,db2,525,515,520,525,530,515,world,False
1224188,Vicious Pyrium Bracers,Blacksmithing,item,500,db2:item-req,505,db2,515,db2,510,500,505,510,515,500,world,False
1224189,Vicious Pyrium Breastplate,Blacksmithing,item,525,db2:item-req,525,db2,535,db2,530,525,525,530,535,525,world,False
1224190,Vicious Pyrium Gauntlets,Blacksmithing,item,505,db2:item-req,525,db2,535,db2,530,505,525,530,535,505,world,False
1224191,Vicious Pyrium Helm,Blacksmithing,item,525,db2:item-req,525,db2,535,db2,530,525,525,530,535,525,world,False
1224192,Vicious Pyrium Legguards,Blacksmithing,item,525,db2:item-req,525,db2,535,db2,530,525,525,530,535,525,world,False
1224193,Vicious Pyrium Shoulders,Blacksmithing,item,520,db2:item-req,515,db2,525,db2,520,0,520,520,525,520,world,False
1224224,Bloodied Pyrium Bracers,Blacksmithing,item,500,db2:item-req,505,db2,515,db2,510,500,505,510,515,500,world,False
1224225,Bloodied Pyrium Gauntlets,Blacksmithing,item,505,db2:item-req,525,db2,535,db2,530,505,525,530,535,505,world,False
1224226,Bloodied Pyrium Belt,Blacksmithing,item,510,db2:item-req,515,db2,525,db2,520,510,515,520,525,510,world,False
1224227,Bloodied Pyrium Boots,Blacksmithing,item,515,db2:item-req,520,db2,530,db2,525,515,520,525,530,515,world,False
1224228,Bloodied Pyrium Shoulders,Blacksmithing,item,520,db2:item-req,515,db2,525,db2,520,0,520,520,525,520,world,False
1224229,Bloodied Pyrium Legguards,Blacksmithing,item,525,db2:item-req,525,db2,535,db2,530,525,525,530,535,525,world,False
1224230,Bloodied Pyrium Helm,Blacksmithing,item,525,db2:item-req,525,db2,535,db2,530,525,525,530,535,525,world,False
1224231,Bloodied Pyrium Breastplate,Blacksmithing,item,525,db2:item-req,525,db2,535,db2,530,525,525,530,535,525,world,False
1224232,Ornate Pyrium Bracers,Blacksmithing,item,500,db2:item-req,505,db2,515,db2,510,500,505,510,515,500,world,False
1224233,Ornate Pyrium Gauntlets,Blacksmithing,item,505,db2:item-req,525,db2,535,db2,530,505,525,530,535,505,world,False
1224234,Ornate Pyrium Belt,Blacksmithing,item,510,db2:item-req,515,db2,525,db2,520,510,515,520,525,510,world,False
1224235,Ornate Pyrium Boots,Blacksmithing,item,515,db2:item-req,520,db2,530,db2,525,515,520,525,530,515,world,False
1224236,Ornate Pyrium Shoulders,Blacksmithing,item,520,db2:item-req,515,db2,525,db2,520,0,520,520,525,520,world,False
1224237,Ornate Pyrium Legguards,Blacksmithing,item,525,db2:item-req,525,db2,535,db2,530,525,525,530,535,525,world,False
1224238,Ornate Pyrium Helm,Blacksmithing,item,525,db2:item-req,525,db2,535,db2,530,525,525,530,535,525,world,False
1224239,Ornate Pyrium Breastplate,Blacksmithing,item,525,db2:item-req,525,db2,535,db2,530,525,525,530,535,525,world,False
2538,Charred Wolf Meat,Cooking,auto,1,rule:orange1,45,db2,85,db2,65,0,45,65,85,0,,False
2539,Spiced Wolf Meat,Cooking,trainer,10,wh:learn,50,db2,90,db2,70,10,50,70,90,10,trainer,False
2540,Roasted Boar Meat,Cooking,auto,1,rule:orange1,45,db2,85,db2,65,0,45,65,85,0,,False
2541,Coyote Steak,Cooking,trainer,50,wh:learn,90,db2,130,db2,110,50,90,110,130,50,trainer,False
2542,Goretusk Liver Pie,Cooking,item,50,db2:item-req,90,db2,130,db2,110,50,90,110,130,50,world,False
2543,Westfall Stew,Cooking,item,50,db2:item-req,115,db2,155,db2,135,75,115,135,155,75,quest+world,False
2544,Crab Cake,Cooking,trainer,75,wh:learn,115,db2,155,db2,135,75,115,135,155,75,trainer,False
2545,Cooked Crab Claw,Cooking,item,85,db2:item-req,125,db2,165,db2,145,85,125,145,165,85,quest+world,False
2546,Dry Pork Ribs,Cooking,trainer,80,wh:learn,120,db2,160,db2,140,80,120,140,160,80,trainer,False
2547,Redridge Goulash,Cooking,item,100,db2:item-req,135,db2,175,db2,155,100,135,155,175,100,world,False
2548,Succulent Pork Ribs,Cooking,item,110,db2:item-req,130,db2,170,db2,150,110,130,150,170,110,quest+world,False
2549,Seasoned Wolf Kabob,Cooking,item,100,db2:item-req,140,db2,180,db2,160,100,140,160,180,100,vendor+world,False
2795,Beer Basted Boar Ribs,Cooking,item,10,db2:item-req,60,db2,100,db2,80,25,60,80,100,25,vendor+world,False
3370,Crocolisk Steak,Cooking,item,80,db2:item-req,120,db2,160,db2,140,80,120,140,160,80,world,False
3371,Blood Sausage,Cooking,item,60,db2:item-req,100,db2,140,db2,120,60,100,120,140,60,vendor+world,False
3372,Murloc Fin Soup,Cooking,item,90,db2:item-req,130,db2,170,db2,150,90,130,150,170,90,world,False
3373,Crocolisk Gumbo,Cooking,item,120,db2:item-req,160,db2,200,db2,180,120,160,180,200,120,world,False
3376,Curiously Tasty Omelet,Cooking,item,130,db2:item-req,170,db2,210,db2,190,130,170,190,210,130,world,False
3377,Gooey Spider Cake,Cooking,item,110,db2:item-req,150,db2,190,db2,170,110,150,170,190,110,vendor+world,False
3397,Big Bear Steak,Cooking,item,110,db2:item-req,150,db2,190,db2,170,110,150,170,190,110,world,False
3398,Hot Lion Chops,Cooking,item,125,db2:item-req,175,db2,215,db2,195,125,175,195,215,125,world,False
3399,Tasty Lion Steak,Cooking,item,150,db2:item-req,190,db2,230,db2,210,150,190,210,230,150,trainer,False
3400,Soothing Turtle Bisque,Cooking,item,175,db2:item-req,215,db2,255,db2,235,175,215,235,255,175,trainer,False
4094,Barbecued Buzzard Wing,Cooking,item,175,db2:item-req,215,db2,255,db2,235,175,215,235,255,175,world+trainer,False
6412,Kaldorei Spider Kabob,Cooking,item,10,db2:item-req,50,db2,90,db2,70,10,50,70,90,10,trainer,False
6413,Scorpid Surprise,Cooking,item,20,db2:item-req,60,db2,100,db2,80,20,60,80,100,20,world,False
6414,Roasted Kodo Meat,Cooking,item,35,db2:item-req,75,db2,115,db2,95,35,75,95,115,35,world,False
6415,Fillet of Frenzy,Cooking,item,50,db2:item-req,90,db2,130,db2,110,50,90,110,130,50,world+trainer,False
6416,Strider Stew,Cooking,item,50,db2:item-req,90,db2,130,db2,110,50,90,110,130,50,world,False
6417,Dig Rat Stew,Cooking,item,1,db2:item-req,130,db2,170,db2,150,90,130,150,170,90,quest+world,False
6418,Crispy Lizard Tail,Cooking,item,100,db2:item-req,140,db2,180,db2,160,100,140,160,180,100,world,False
6419,Lean Venison,Cooking,item,110,db2:item-req,150,db2,190,db2,170,110,150,170,190,110,world,False
6499,Boiled Clams,Cooking,trainer,50,wh:learn,90,db2,130,db2,110,50,90,110,130,50,trainer,False
6500,Goblin Deviled Clams,Cooking,trainer,125,wh:learn,165,db2,205,db2,185,125,165,185,205,125,trainer,False
6501,Clam Chowder,Cooking,item,90,db2:item-req,130,db2,170,db2,150,90,130,150,170,90,world,False
7213,Giant Clam Scorcho,Cooking,item,175,db2:item-req,215,db2,255,db2,235,175,215,235,255,175,world,False
7751,Brilliant Smallfish,Cooking,item,1,db2:item-req,45,db2,85,db2,65,1,45,65,85,1,world,False
7752,Slitherskin Mackerel,Cooking,item,1,db2:item-req,45,db2,85,db2,65,1,45,65,85,1,world,False
7753,Longjaw Mud Snapper,Cooking,item,50,db2:item-req,90,db2,130,db2,110,50,90,110,130,50,world,False
7754,Loch Frenzy Delight,Cooking,item,50,db2:item-req,90,db2,130,db2,110,50,90,110,130,50,world,False
7755,Bristle Whisker Catfish,Cooking,item,100,db2:item-req,140,db2,180,db2,160,100,140,160,180,100,world,False
7827,Rainbow Fin Albacore,Cooking,item,50,db2:item-req,90,db2,130,db2,110,50,90,110,130,50,world,False
7828,Rockscale Cod,Cooking,item,175,db2:item-req,190,db2,230,db2,210,175,190,210,230,175,world,False
8238,Savory Deviate Delight,Cooking,item,85,db2:item-req,125,db2,165,db2,145,85,125,145,165,85,quest,False
8604,Herb Baked Egg,Cooking,item,1,db2:item-req,45,db2,85,db2,65,1,45,65,85,1,,False
8607,Smoked Bear Meat,Cooking,item,40,db2:item-req,80,db2,120,db2,100,40,80,100,120,40,world,False
9513,Thistle Tea,Cooking,item,60,db2:item-req,100,db2,140,db2,120,60,100,120,140,60,world,False
13028,Goldthorn Tea,Cooking,special,175,wh:learn,175,db2,205,db2,190,175,175,190,205,175,,False
15853,Lean Wolf Steak,Cooking,item,125,db2:item-req,165,db2,205,db2,185,125,165,185,205,125,world,False
15855,Roast Raptor,Cooking,item,175,db2:item-req,215,db2,255,db2,235,175,215,235,255,175,world,False
15856,Hot Wolf Ribs,Cooking,item,175,db2:item-req,215,db2,255,db2,235,175,215,235,255,175,world,False
15861,Jungle Stew,Cooking,item,175,db2:item-req,215,db2,255,db2,235,175,215,235,255,175,world,False
15863,Carrion Surprise,Cooking,item,175,db2:item-req,215,db2,255,db2,235,175,215,235,255,175,world,False
15865,Mystery Stew,Cooking,item,175,db2:item-req,215,db2,255,db2,235,175,215,235,255,175,world,False
15906,Dragonbreath Chili,Cooking,item,200,db2:item-req,225,db2,250,db2,237,200,225,237,250,200,world,False
15910,Heavy Kodo Stew,Cooking,item,200,db2:item-req,225,db2,250,db2,237,200,225,237,250,200,world,False
15915,Spiced Chili Crab,Cooking,item,225,db2:item-req,250,db2,275,db2,262,225,250,262,275,225,world,False
15933,Monster Omelet,Cooking,item,225,db2:item-req,250,db2,275,db2,262,225,250,262,275,225,world,False
15935,Crispy Bat Wing,Cooking,item,1,db2:item-req,45,db2,85,db2,65,1,45,65,85,1,world,False
18238,Spotted Yellowtail,Cooking,item,225,db2:item-req,250,db2,275,db2,262,225,250,262,275,225,world+trainer,False
18239,Cooked Glossy Mightfish,Cooking,item,225,db2:item-req,250,db2,275,db2,262,225,250,262,275,225,world,False
18240,Grilled Squid,Cooking,item,240,db2:item-req,265,db2,290,db2,277,240,265,277,290,240,world+trainer,False
18241,Filet of Redgill,Cooking,item,225,db2:item-req,250,db2,275,db2,262,225,250,262,275,225,world,False
18242,Hot Smoked Bass,Cooking,item,240,db2:item-req,265,db2,290,db2,277,240,265,277,290,240,world,False
18243,Nightfin Soup,Cooking,item,250,db2:item-req,275,db2,295,db2,285,250,275,285,295,250,world+trainer,False
18244,Poached Sunscale Salmon,Cooking,item,250,db2:item-req,275,db2,295,db2,285,250,275,285,295,250,world+trainer,False
18245,Lobster Stew,Cooking,item,275,db2:item-req,300,db2,325,db2,312,275,300,312,325,275,world,False
18246,Mightfish Steak,Cooking,item,275,db2:item-req,300,db2,325,db2,312,275,300,312,325,275,world,False
18247,Baked Salmon,Cooking,item,275,db2:item-req,300,db2,325,db2,312,275,300,312,325,275,world,False
20626,Undermine Clam Chowder,Cooking,item,225,db2:item-req,250,db2,275,db2,262,225,250,262,275,225,world,False
20916,Mithril Head Trout,Cooking,item,175,db2:item-req,215,db2,255,db2,235,175,215,235,255,175,world,False
21143,Gingerbread Cookie,Cooking,item,1,db2:item-req,45,db2,85,db2,65,1,45,65,85,1,world,False
21144,Winter Veil Egg Nog,Cooking,item,35,db2:item-req,75,db2,115,db2,95,35,75,95,115,35,world,False
21175,Spider Sausage,Cooking,trainer,200,wh:learn,225,db2,250,db2,237,200,225,237,250,200,trainer,False
22480,Tender Wolf Steak,Cooking,item,225,db2:item-req,250,db2,275,db2,262,225,250,262,275,225,world,False
22761,Runn Tum Tuber Surprise,Cooking,item,275,db2:item-req,300,db2,325,db2,312,275,300,312,325,275,quest,False
24418,Heavy Crocolisk Stew,Cooking,item,150,db2:item-req,160,db2,200,db2,180,150,160,180,200,150,world,False
24801,Smoked Desert Dumplings,Cooking,special,285,wh:learn,310,db2,335,db2,322,285,310,322,335,285,,False
25659,Dirge's Kickin' Chimaerok Chops,Cooking,item,300,db2:item-req,325,db2,350,db2,337,300,325,337,350,300,,False
25704,Smoked Sagefish,Cooking,item,80,db2:item-req,120,db2,160,db2,140,80,120,140,160,80,world,False
25954,Sagefish Delight,Cooking,item,175,db2:item-req,215,db2,255,db2,235,175,215,235,255,175,world,False
28267,Crunchy Spider Surprise,Cooking,item,60,db2:item-req,100,db2,140,db2,120,60,100,120,140,60,vendor+world,False
33276,Lynx Steak,Cooking,item,1,db2:item-req,45,db2,85,db2,65,1,45,65,85,1,world,False
33277,Roasted Moongraze Tenderloin,Cooking,item,1,db2:item-req,45,db2,85,db2,65,1,45,65,85,1,vendor,False
33278,Bat Bites,Cooking,item,50,db2:item-req,90,db2,130,db2,110,50,90,110,130,50,world,False
33279,Buzzard Bites,Cooking,item,300,db2:item-req,320,db2,340,db2,330,300,320,330,340,300,vendor,False
33284,Ravager Dog,Cooking,item,300,db2:item-req,320,db2,340,db2,330,300,320,330,340,300,world,False
33286,Blackened Basilisk,Cooking,item,315,db2:item-req,335,db2,355,db2,345,315,335,345,355,315,world,False
33287,Roasted Clefthoof,Cooking,item,325,db2:item-req,345,db2,365,db2,355,325,345,355,365,325,world,False
33288,Warp Burger,Cooking,item,325,db2:item-req,345,db2,365,db2,355,325,345,355,365,325,world,False
33289,Talbuk Steak,Cooking,item,325,db2:item-req,345,db2,365,db2,355,325,345,355,365,325,world,False
33290,Blackened Trout,Cooking,item,300,db2:item-req,320,db2,340,db2,330,300,320,330,340,300,world,False
33291,Feltail Delight,Cooking,item,300,db2:item-req,320,db2,340,db2,330,300,320,330,340,300,world,False
33292,Blackened Sporefish,Cooking,item,310,db2:item-req,330,db2,350,db2,340,310,330,340,350,310,world,False
33293,Grilled Mudfish,Cooking,item,320,db2:item-req,340,db2,360,db2,350,320,340,350,360,320,world,False
33294,Poached Bluefish,Cooking,item,320,db2:item-req,340,db2,360,db2,350,320,340,350,360,320,world,False
33295,Golden Fish Sticks,Cooking,item,325,db2:item-req,345,db2,365,db2,355,325,345,355,365,325,world,False
33296,Spicy Crawdad,Cooking,item,350,db2:item-req,370,db2,380,db2,375,350,370,375,380,350,world,False
36210,Clam Bar,Cooking,item,300,db2:item-req,320,db2,340,db2,330,300,320,330,340,300,world,False
37836,Spice Bread,Cooking,trainer,1,wh:learn,30,db2,40,db2,35,1,30,35,40,1,trainer,False
38867,Mok'Nathal Shortribs,Cooking,item,335,db2:item-req,355,db2,375,db2,365,335,355,365,375,335,vendor+world,False
38868,Crunchy Serpent,Cooking,item,335,db2:item-req,355,db2,375,db2,365,335,355,365,375,335,vendor+world,False
42296,Stewed Trout,Cooking,trainer,320,wh:learn,335,db2,355,db2,345,320,335,345,355,320,trainer,False
42302,Fisherman's Feast,Cooking,trainer,350,wh:learn,375,db2,385,db2,380,350,375,380,385,350,trainer,False
42305,Hot Buttered Trout,Cooking,trainer,350,wh:learn,375,db2,385,db2,380,350,375,380,385,350,trainer,False
43707,Skullfish Soup,Cooking,item,325,db2:item-req,335,db2,355,db2,345,325,335,345,355,325,quest,False
43758,Stormchops,Cooking,item,300,db2:item-req,320,db2,340,db2,330,300,320,330,340,300,quest,False
43761,Broiled Bloodfin,Cooking,item,300,db2:item-req,320,db2,340,db2,330,300,320,330,340,300,quest,False
43765,Spicy Hot Talbuk,Cooking,item,325,db2:item-req,335,db2,355,db2,345,325,335,345,355,325,quest,False
43772,Kibler's Bits,Cooking,item,300,db2:item-req,345,db2,365,db2,355,300,345,355,365,300,quest,False
43779,Delicious Chocolate Cake,Cooking,item,1,db2:item-req,50,db2,75,db2,62,1,50,62,75,1,quest,False
45022,Hot Apple Cider,Cooking,item,325,db2:item-req,325,db2,325,db2,325,325,325,325,325,325,world,False
45549,Mammoth Meal,Cooking,trainer,350,wh:learn,350,db2,415,db2,382,350,350,382,415,350,trainer,False
45550,Shoveltusk Steak,Cooking,trainer,350,wh:learn,350,db2,415,db2,382,350,350,382,415,350,trainer,False
45551,Worm Delight,Cooking,trainer,350,wh:learn,350,db2,415,db2,382,350,350,382,415,350,trainer,False
45552,Roasted Worg,Cooking,trainer,350,wh:learn,350,db2,415,db2,382,350,350,382,415,350,trainer,False
45553,Rhino Dogs,Cooking,trainer,350,wh:learn,350,db2,415,db2,382,350,350,382,415,350,trainer,False
45554,Great Feast,Cooking,trainer,375,wh:learn,375,db2,425,db2,400,375,375,400,425,375,trainer,False
45555,Mega Mammoth Meal,Cooking,item,400,db2:item-req,425,db2,475,db2,450,400,425,450,475,400,world,False
45556,Tender Shoveltusk Steak,Cooking,item,400,db2:item-req,425,db2,475,db2,450,400,425,450,475,400,world,False
45557,Spiced Worm Burger,Cooking,item,400,db2:item-req,425,db2,475,db2,450,400,425,450,475,400,world,False
45558,Very Burnt Worg,Cooking,item,400,db2:item-req,425,db2,475,db2,450,400,425,450,475,400,world,False
45559,Mighty Rhino Dogs,Cooking,item,400,db2:item-req,425,db2,475,db2,450,400,425,450,475,400,world,False
45560,Smoked Rockfin,Cooking,trainer,350,wh:learn,350,db2,380,db2,365,350,350,365,380,350,trainer,False
45561,Grilled Bonescale,Cooking,trainer,350,wh:learn,350,db2,380,db2,365,350,350,365,380,350,trainer,False
45562,Sauteed Goby,Cooking,trainer,350,wh:learn,350,db2,380,db2,365,350,350,365,380,350,trainer,False
45563,Grilled Sculpin,Cooking,trainer,350,wh:learn,350,db2,415,db2,382,350,350,382,415,350,trainer,False
45564,Smoked Salmon,Cooking,trainer,350,wh:learn,350,db2,415,db2,382,350,350,382,415,350,trainer,False
45565,Poached Nettlefish,Cooking,trainer,350,wh:learn,350,db2,415,db2,382,350,350,382,415,350,trainer,False
45566,Pickled Fangtooth,Cooking,trainer,350,wh:learn,350,db2,415,db2,382,350,350,382,415,350,trainer,False
45567,Poached Northern Sculpin,Cooking,item,400,db2:item-req,425,db2,475,db2,450,400,425,450,475,400,world,False
45568,Firecracker Salmon,Cooking,item,400,db2:item-req,425,db2,475,db2,450,400,425,450,475,400,world,False
45569,Baked Manta Ray,Cooking,trainer,350,wh:learn,350,db2,415,db2,382,350,350,382,415,350,trainer,False
45570,Imperial Manta Steak,Cooking,item,400,db2:item-req,425,db2,475,db2,450,400,425,450,475,400,world,False
45571,Spicy Blue Nettlefish,Cooking,item,400,db2:item-req,425,db2,475,db2,450,400,425,450,475,400,world,False
45695,Captain Rumsey's Lager,Cooking,item,100,db2:item-req,100,db2,110,db2,105,100,100,105,110,100,quest,False
46684,Charred Bear Kabobs,Cooking,item,250,db2:item-req,275,db2,295,db2,285,250,275,285,295,250,world+trainer,False
46688,Juicy Bear Burger,Cooking,item,250,db2:item-req,275,db2,295,db2,285,250,275,285,295,250,world+trainer,False
53056,Kungaloosh,Cooking,item,350,db2:item-req,375,db2,400,db2,387,350,375,387,400,350,vendor,False
57421,Northern Stew,Cooking,special,350,wh:learn,350,db2,380,db2,365,0,350,365,380,350,vendor,False
57423,Fish Feast,Cooking,item,450,db2:item-req,455,db2,465,db2,460,450,455,460,465,450,world,False
57433,Spicy Fried Herring,Cooking,item,400,db2:item-req,425,db2,475,db2,450,400,425,450,475,400,world,False
57434,Rhinolicious Wormsteak,Cooking,item,400,db2:item-req,425,db2,475,db2,450,400,425,450,475,400,world,False
57435,Critter Bites,Cooking,item,400,db2:item-req,425,db2,475,db2,450,400,425,450,475,400,world,False
57436,Hearty Rhino,Cooking,item,400,db2:item-req,425,db2,475,db2,450,400,425,450,475,400,world,False
57437,Snapper Extreme,Cooking,item,400,db2:item-req,425,db2,475,db2,450,400,425,450,475,400,world,False
57438,Blackened Worg Steak,Cooking,item,400,db2:item-req,425,db2,475,db2,450,400,425,450,475,400,world,False
57439,Cuttlesteak,Cooking,item,400,db2:item-req,425,db2,475,db2,450,400,425,450,475,400,world,False
57440,Spiced Mammoth Treats,Cooking,item,400,db2:item-req,425,db2,475,db2,450,400,425,450,475,400,world,False
57441,Blackened Dragonfin,Cooking,item,400,db2:item-req,425,db2,475,db2,450,400,425,450,475,400,world,False
57442,Dragonfin Filet,Cooking,item,400,db2:item-req,425,db2,475,db2,450,400,425,450,475,400,world,False
57443,Tracker Snacks,Cooking,item,400,db2:item-req,425,db2,475,db2,450,400,425,450,475,400,world,False
58065,Dalaran Clam Chowder,Cooking,trainer,350,wh:learn,350,db2,415,db2,382,350,350,382,415,350,trainer,False
58512,Tasty Cupcake,Cooking,item,350,db2:item-req,350,db2,365,db2,357,350,350,357,365,350,quest,False
58521,Last Week's Mammoth,Cooking,item,350,db2:item-req,350,db2,365,db2,357,350,350,357,365,350,quest,False
58523,Bad Clams,Cooking,item,350,db2:item-req,350,db2,365,db2,357,350,350,357,365,350,quest,False
58525,Haunted Herring,Cooking,item,350,db2:item-req,350,db2,365,db2,357,350,350,357,365,350,quest,False
58527,Gigantic Feast,Cooking,item,425,db2:item-req,435,db2,475,db2,455,425,435,455,475,425,world,False
58528,Small Feast,Cooking,item,425,db2:item-req,435,db2,475,db2,455,425,435,455,475,425,world,False
62044,Pumpkin Pie,Cooking,item,100,db2:item-req,150,db2,175,db2,162,100,150,162,175,100,quest,False
62045,Slow-Roasted Turkey,Cooking,item,280,db2:item-req,405,db2,430,db2,417,280,405,417,430,280,quest,False
62049,Cranberry Chutney,Cooking,item,160,db2:item-req,210,db2,235,db2,222,160,210,222,235,160,quest,False
62050,Spice Bread Stuffing,Cooking,item,1,db2:item-req,90,db2,115,db2,102,1,90,102,115,1,quest,False
62051,Candied Sweet Potato,Cooking,item,220,db2:item-req,270,db2,295,db2,282,220,270,282,295,220,quest,False
62350,Worg Tartare,Cooking,item,400,db2:item-req,350,db2,460,db2,405,0,400,405,460,400,world,False
64054,Clamlette Magnifique,Cooking,special,250,wh:learn,250,db2,300,db2,275,0,250,275,300,250,vendor,False
64358,Black Jelly,Cooking,trainer,400,wh:learn,400,db2,425,db2,412,400,400,412,425,400,trainer,False
65454,Bread of the Dead,Cooking,item,1,db2:item-req,30,db2,40,db2,35,1,30,35,40,1,world,False
66034,Candied Sweet Potato,Cooking,item,220,db2:item-req,270,db2,295,db2,282,220,270,282,295,220,quest,False
66035,Cranberry Chutney,Cooking,item,160,db2:item-req,210,db2,235,db2,222,160,210,222,235,160,quest,False
66036,Pumpkin Pie,Cooking,item,100,db2:item-req,150,db2,175,db2,162,100,150,162,175,100,quest,False
66037,Slow-Roasted Turkey,Cooking,item,280,db2:item-req,405,db2,430,db2,417,280,405,417,430,280,quest,False
66038,Spice Bread Stuffing,Cooking,item,1,db2:item-req,90,db2,115,db2,102,1,90,102,115,1,quest,False
88003,Baked Rockfish,Cooking,item,500,db2:item-req,515,db2,525,db2,520,500,515,520,525,500,world,False
88004,Basilisk Liverdog,Cooking,item,500,db2:item-req,515,db2,525,db2,520,500,515,520,525,500,world,False
88005,Beer-Basted Crocolisk,Cooking,item,500,db2:item-req,515,db2,525,db2,520,500,515,520,525,500,world,False
88006,Blackened Surprise,Cooking,trainer,425,wh:learn,450,db2,465,db2,457,425,450,457,465,425,trainer,False
88011,Broiled Dragon Feast,Cooking,item,500,db2:item-req,525,db2,525,db2,525,500,525,525,525,500,world+achievement,False
88012,Broiled Mountain Trout,Cooking,item,450,db2:item-req,465,db2,490,db2,477,450,465,477,490,450,world,False
88013,Chocolate Cookie,Cooking,item,505,db2:item-req,510,db2,515,db2,512,505,510,512,515,505,world,False
88014,Crocolisk Au Gratin,Cooking,item,500,db2:item-req,515,db2,525,db2,520,500,515,520,525,500,world,False
88015,Darkbrew Lager,Cooking,trainer,415,wh:learn,430,db2,440,db2,435,415,430,435,440,415,trainer,False
88016,Delicious Sagefish Tail,Cooking,item,500,db2:item-req,515,db2,525,db2,520,500,515,520,525,500,world,False
88017,Feathered Lure,Cooking,item,450,db2:item-req,440,db2,470,db2,455,0,450,455,470,450,world,False
88018,Fish Fry,Cooking,item,475,db2:item-req,490,db2,510,db2,500,475,490,500,510,475,world,False
88019,Fortune Cookie,Cooking,item,525,db2:item-req,525,db2,525,db2,525,525,525,525,525,525,world,False
88020,Grilled Dragon,Cooking,item,500,db2:item-req,515,db2,525,db2,520,500,515,520,525,500,world,False
88021,Hearty Seafood Soup,Cooking,item,475,db2:item-req,490,db2,505,db2,497,475,490,497,505,475,world,False
88022,Highland Spirits,Cooking,item,450,db2:item-req,455,db2,465,db2,460,450,455,460,465,450,world,False
88024,Lavascale Fillet,Cooking,item,450,db2:item-req,465,db2,490,db2,477,450,465,477,490,450,world,False
88025,Lavascale Minestrone,Cooking,item,500,db2:item-req,515,db2,525,db2,520,500,515,520,525,500,world,False
88028,Lightly Fried Lurker,Cooking,item,450,db2:item-req,465,db2,490,db2,477,450,465,477,490,450,world,False
88030,Lurker Lunch,Cooking,item,450,db2:item-req,465,db2,490,db2,477,450,465,477,490,450,world,False
88031,Mushroom Sauce Mudfish,Cooking,item,500,db2:item-req,515,db2,525,db2,520,500,515,520,525,500,world,False
88033,Pickled Guppy,Cooking,item,475,db2:item-req,490,db2,505,db2,497,475,490,497,505,475,world,False
88034,Blackbelly Sushi,Cooking,item,500,db2:item-req,515,db2,525,db2,520,500,515,520,525,500,world,False
88035,Salted Eye,Cooking,item,450,db2:item-req,465,db2,490,db2,477,450,465,477,490,450,world,False
88036,Seafood Magnifique Feast,Cooking,item,525,db2:item-req,525,db2,525,db2,525,525,525,525,525,525,world+achievement,False
88037,Seasoned Crab,Cooking,item,450,db2:item-req,465,db2,490,db2,477,450,465,477,490,450,world,False
88039,Severed Sagefish Head,Cooking,item,500,db2:item-req,515,db2,525,db2,520,500,515,520,525,500,world,False
88042,Skewered Eel,Cooking,item,500,db2:item-req,515,db2,525,db2,520,500,515,520,525,500,world,False
88044,South Island Iced Tea,Cooking,item,525,db2:item-req,525,db2,525,db2,525,525,525,525,525,525,world,False
88045,Starfire Espresso,Cooking,item,450,db2:item-req,455,db2,465,db2,460,450,455,460,465,450,world,False
88046,Tender Baked Turtle,Cooking,item,475,db2:item-req,490,db2,505,db2,497,475,490,497,505,475,world,False
88047,Whitecrest Gumbo,Cooking,item,450,db2:item-req,465,db2,490,db2,477,450,465,477,490,450,world,False
93741,Venison Jerky,Cooking,trainer,40,wh:learn,80,db2,120,db2,100,40,80,100,120,40,trainer,False
96133,Scalding Murglesnout,Cooking,item,500,db2:item-req,490,db2,510,db2,500,0,500,500,510,500,world,False
104237,Golden Carp Consomme,Cooking,trainer,270,wh:learn,300,db2,305,db2,302,270,300,302,305,270,trainer,False
104297,Fish Cake,Cooking,trainer,300,wh:learn,330,db2,335,db2,332,300,330,332,335,300,trainer,False
105190,Pandaren Banquet,Cooking,item,600,db2:item-req,600,db2,600,db2,600,600,600,600,600,600,world,False
105194,Great Pandaren Banquet,Cooking,item,600,db2:item-req,600,db2,600,db2,600,600,600,600,600,600,world,False
124029,Viseclaw Soup,Cooking,item,525,db2:item-req,530,db2,530,db2,530,525,530,530,530,525,world,False
124032,Krasarang Fritters,Cooking,item,525,db2:item-req,530,db2,530,db2,530,525,530,530,530,525,world,False
124223,Pounded Rice Cake,Cooking,trainer,120,wh:learn,150,db2,155,db2,152,120,150,152,155,120,trainer,False
124224,Yak Cheese Curds,Cooking,trainer,150,wh:learn,180,db2,185,db2,182,150,180,182,185,150,trainer,False
124225,Toasted Fish Jerky,Cooking,trainer,60,wh:learn,90,db2,95,db2,92,60,90,92,95,60,trainer,False
124226,Dried Peaches,Cooking,trainer,180,wh:learn,210,db2,215,db2,212,180,210,212,215,180,trainer,False
124227,Dried Needle Mushrooms,Cooking,trainer,90,wh:learn,120,db2,125,db2,122,90,120,122,125,90,trainer,False
124228,Boiled Silkworm Pupa,Cooking,trainer,210,wh:learn,240,db2,245,db2,242,210,240,242,245,210,trainer,False
124229,Red Bean Bun,Cooking,trainer,360,wh:learn,390,db2,395,db2,392,360,390,392,395,360,trainer,False
124230,Tangy Yogurt,Cooking,trainer,480,wh:learn,495,db2,500,db2,497,480,495,497,500,480,trainer,False
124231,Green Curry Fish,Cooking,trainer,420,wh:learn,450,db2,455,db2,452,420,450,452,455,420,trainer,False
124232,Peach Pie,Cooking,trainer,450,wh:learn,480,db2,485,db2,482,450,480,482,485,450,trainer,False
124233,Blanched Needle Mushrooms,Cooking,trainer,330,wh:learn,360,db2,365,db2,362,330,360,362,365,330,trainer,False
124234,Skewered Peanut Chicken,Cooking,trainer,390,wh:learn,420,db2,425,db2,422,390,420,422,425,390,trainer,False
125067,Perfectly Cooked Instant Noodles,Cooking,trainer,30,wh:learn,60,db2,65,db2,62,30,60,62,65,30,trainer,False
125078,Roasted Barley Tea,Cooking,trainer,240,wh:learn,270,db2,275,db2,272,240,270,272,275,240,trainer,False
125080,Pearl Milk Tea,Cooking,trainer,495,wh:learn,510,db2,515,db2,512,495,510,512,515,495,trainer,False
125117,Sliced Peaches,Cooking,trainer,1,wh:learn,30,db2,35,db2,32,1,30,32,35,1,trainer,False
125120,Spicy Salmon,Cooking,item,500,db2:item-req,600,db2,600,db2,600,500,600,600,600,500,world,False
125121,Wildfowl Ginseng Soup,Cooking,trainer,510,wh:learn,520,db2,525,db2,522,510,520,522,525,510,trainer,False
125122,Rice Pudding,Cooking,trainer,520,wh:learn,530,db2,530,db2,530,520,530,530,530,520,trainer,False
125123,Spicy Vegetable Chips,Cooking,item,500,db2:item-req,600,db2,600,db2,600,500,600,600,600,500,world,False
145038,Noodle Cart Kit,Cooking,item,600,db2:item-req,605,db2,605,db2,605,600,605,605,605,600,vendor,False
145061,Deluxe Noodle Cart Kit,Cooking,item,600,db2:item-req,607,db2,607,db2,607,600,607,607,607,600,vendor,False
145062,Pandaren Treasure Noodle Cart Kit,Cooking,item,600,db2:item-req,611,db2,611,db2,611,600,611,611,611,600,vendor,False
145167,Grand Noodle Cart Kit,Cooking,item,600,db2:item-req,606,db2,606,db2,606,600,606,606,606,600,,False
145170,Grand Deluxe Noodle Cart Kit,Cooking,item,600,db2:item-req,610,db2,610,db2,610,600,610,610,610,600,,False
145197,Grand Pandaren Treasure Noodle Cart Kit,Cooking,item,600,db2:item-req,612,db2,612,db2,612,600,612,612,612,600,,False
145308,Mango Ice,Cooking,item,600,db2:item-req,600,db2,600,db2,600,600,600,600,600,600,quest,False
7418,Enchant Bracer - Minor Health,Enchanting,auto,1,rule:orange1,70,db2,110,db2,90,0,70,90,110,70,,False
7420,Enchant Chest - Minor Health,Enchanting,trainer,15,wh:learn,70,db2,110,db2,90,15,70,90,110,15,trainer,False
7421,Runed Copper Rod,Enchanting,auto,1,wh:grant,5,db2,10,db2,7,1,5,7,10,1,,False
7426,Enchant Chest - Minor Absorption,Enchanting,trainer,40,wh:learn,90,db2,130,db2,110,40,90,110,130,40,trainer,False
7428,Enchant Bracer - Minor Dodge,Enchanting,auto,1,rule:orange1,80,db2,120,db2,100,0,80,100,120,80,,False
7443,Enchant Chest - Minor Mana,Enchanting,item,20,db2:item-req,80,db2,120,db2,100,20,80,100,120,20,quest+world+world+questreward,False
7457,Enchant Bracer - Minor Stamina,Enchanting,trainer,50,wh:learn,100,db2,140,db2,120,50,100,120,140,50,trainer,False
7745,Enchant 2H Weapon - Minor Impact,Enchanting,trainer,100,wh:learn,130,db2,170,db2,150,100,130,150,170,100,trainer,False
7748,Enchant Chest - Lesser Health,Enchanting,trainer,60,wh:learn,105,db2,145,db2,125,60,105,125,145,60,trainer,False
7766,Enchant Bracer - Minor Spirit,Enchanting,item,60,db2:item-req,105,db2,145,db2,125,60,105,125,145,60,quest+questreward,False
7771,Enchant Cloak - Minor Protection,Enchanting,item,70,wh:learn<item,110,db2,150,db2,130,70,110,130,150,70,trainer,False
7776,Enchant Chest - Lesser Mana,Enchanting,item,80,db2:item-req,115,db2,155,db2,135,80,115,135,155,80,world,False
7779,Enchant Bracer - Minor Agility,Enchanting,trainer,80,wh:learn,115,db2,155,db2,135,80,115,135,155,80,trainer,False
7782,Enchant Bracer - Minor Strength,Enchanting,item,80,db2:item-req,115,db2,155,db2,135,80,115,135,155,80,quest+questreward,False
7786,Enchant Weapon - Minor Beastslayer,Enchanting,item,90,db2:item-req,120,db2,160,db2,140,90,120,140,160,90,quest+world+questreward,False
7788,Enchant Weapon - Minor Striking,Enchanting,trainer,90,wh:learn,120,db2,160,db2,140,90,120,140,160,90,trainer,False
7793,Enchant 2H Weapon - Lesser Intellect,Enchanting,item,100,db2:item-req,130,db2,170,db2,150,100,130,150,170,100,world,False
7857,Enchant Chest - Health,Enchanting,trainer,120,wh:learn,145,db2,185,db2,165,120,145,165,185,120,trainer,False
7859,Enchant Bracer - Lesser Spirit,Enchanting,item,120,db2:item-req,145,db2,185,db2,165,120,145,165,185,120,quest,False
7863,Enchant Boots - Minor Stamina,Enchanting,item,125,db2:item-req,150,db2,190,db2,170,125,150,170,190,125,trainer,False
7867,Enchant Boots - Minor Agility,Enchanting,item,125,db2:item-req,150,db2,190,db2,170,125,150,170,190,125,world,False
13378,Enchant Shield - Minor Stamina,Enchanting,trainer,105,wh:learn,130,db2,170,db2,150,105,130,150,170,105,trainer,False
13380,Enchant 2H Weapon - Lesser Spirit,Enchanting,item,110,db2:item-req,135,db2,175,db2,155,110,135,155,175,110,quest,False
13419,Enchant Cloak - Minor Agility,Enchanting,item,110,db2:item-req,135,db2,175,db2,155,110,135,155,175,110,quest+world,False
13421,Enchant Cloak - Lesser Protection,Enchanting,trainer,115,wh:learn,140,db2,180,db2,160,115,140,160,180,115,trainer,False
13464,Enchant Shield - Lesser Protection,Enchanting,item,115,db2:item-req,140,db2,180,db2,160,115,140,160,180,115,quest+world,False
13485,Enchant Shield - Lesser Spirit,Enchanting,trainer,130,wh:learn,155,db2,195,db2,175,130,155,175,195,130,trainer,False
13501,Enchant Bracer - Lesser Stamina,Enchanting,trainer,130,wh:learn,155,db2,195,db2,175,130,155,175,195,130,trainer,False
13503,Enchant Weapon - Lesser Striking,Enchanting,trainer,140,wh:learn,165,db2,205,db2,185,140,165,185,205,140,trainer,False
13529,Enchant 2H Weapon - Lesser Impact,Enchanting,trainer,145,wh:learn,170,db2,210,db2,190,145,170,190,210,145,trainer,False
13536,Enchant Bracer - Lesser Strength,Enchanting,item,140,db2:item-req,165,db2,205,db2,185,140,165,185,205,140,world,False
13538,Enchant Chest - Lesser Absorption,Enchanting,trainer,140,wh:learn,165,db2,205,db2,185,140,165,185,205,140,trainer,False
13607,Enchant Chest - Mana,Enchanting,trainer,145,wh:learn,170,db2,210,db2,190,145,170,190,210,145,trainer,False
13612,Enchant Gloves - Mining,Enchanting,item,145,db2:item-req,170,db2,210,db2,190,145,170,190,210,145,quest,False
13617,Enchant Gloves - Herbalism,Enchanting,item,145,db2:item-req,170,db2,210,db2,190,145,170,190,210,145,quest,False
13620,Enchant Gloves - Fishing,Enchanting,item,145,db2:item-req,170,db2,210,db2,190,145,170,190,210,145,quest,False
13622,Enchant Bracer - Lesser Intellect,Enchanting,trainer,150,wh:learn,175,db2,215,db2,195,150,175,195,215,150,trainer,False
13626,Enchant Chest - Minor Stats,Enchanting,trainer,150,wh:learn,175,db2,215,db2,195,150,175,195,215,150,trainer,False
13631,Enchant Shield - Lesser Stamina,Enchanting,trainer,155,wh:learn,175,db2,215,db2,195,155,175,195,215,155,trainer,False
13635,Enchant Cloak - Defense,Enchanting,trainer,155,wh:learn,175,db2,215,db2,195,155,175,195,215,155,trainer,False
13637,Enchant Boots - Lesser Agility,Enchanting,trainer,160,wh:learn,180,db2,220,db2,200,160,180,200,220,160,trainer,False
13640,Enchant Chest - Greater Health,Enchanting,trainer,160,wh:learn,180,db2,220,db2,200,160,180,200,220,160,trainer,False
13642,Enchant Bracer - Spirit,Enchanting,trainer,165,wh:learn,185,db2,225,db2,205,165,185,205,225,165,trainer,False
13644,Enchant Boots - Lesser Stamina,Enchanting,trainer,170,wh:learn,190,db2,230,db2,210,170,190,210,230,170,trainer,False
13646,Enchant Bracer - Lesser Dodge,Enchanting,item,170,db2:item-req,190,db2,230,db2,210,170,190,210,230,170,world+trainer,False
13648,Enchant Bracer - Stamina,Enchanting,trainer,170,wh:learn,190,db2,230,db2,210,170,190,210,230,170,trainer,False
13653,Enchant Weapon - Lesser Beastslayer,Enchanting,item,175,db2:item-req,195,db2,235,db2,215,175,195,215,235,175,quest+world,False
13655,Enchant Weapon - Lesser Elemental Slayer,Enchanting,item,175,db2:item-req,195,db2,235,db2,215,175,195,215,235,175,quest+world,False
13659,Enchant Shield - Spirit,Enchanting,trainer,180,wh:learn,200,db2,240,db2,220,180,200,220,240,180,trainer,False
13661,Enchant Bracer - Strength,Enchanting,trainer,180,wh:learn,200,db2,240,db2,220,180,200,220,240,180,trainer,False
13663,Enchant Chest - Greater Mana,Enchanting,trainer,185,wh:learn,205,db2,245,db2,225,185,205,225,245,185,trainer,False
13687,Enchant Boots - Lesser Spirit,Enchanting,item,190,db2:item-req,210,db2,250,db2,230,190,210,230,250,190,quest,False
13689,Enchant Shield - Lesser Parry,Enchanting,item,195,db2:item-req,215,db2,255,db2,235,195,215,235,255,195,quest,False
13693,Enchant Weapon - Striking,Enchanting,trainer,195,wh:learn,215,db2,255,db2,235,195,215,235,255,195,trainer,False
13695,Enchant 2H Weapon - Impact,Enchanting,trainer,200,wh:learn,220,db2,260,db2,240,200,220,240,260,200,trainer,False
13698,Enchant Gloves - Skinning,Enchanting,item,200,db2:item-req,220,db2,260,db2,240,200,220,240,260,200,quest,False
13700,Enchant Chest - Lesser Stats,Enchanting,trainer,200,wh:learn,220,db2,260,db2,240,200,220,240,260,200,trainer,False
13746,Enchant Cloak - Greater Defense,Enchanting,trainer,205,wh:learn,225,db2,265,db2,245,205,225,245,265,205,trainer,False
13815,Enchant Gloves - Agility,Enchanting,trainer,210,wh:learn,230,db2,270,db2,250,210,230,250,270,210,trainer,False
13817,Enchant Shield - Stamina,Enchanting,item,210,db2:item-req,230,db2,270,db2,250,210,230,250,270,210,quest,False
13822,Enchant Bracer - Intellect,Enchanting,trainer,210,wh:learn,230,db2,270,db2,250,210,230,250,270,210,trainer,False
13836,Enchant Boots - Stamina,Enchanting,trainer,215,wh:learn,235,db2,275,db2,255,215,235,255,275,215,trainer,False
13841,Enchant Gloves - Advanced Mining,Enchanting,item,215,db2:item-req,235,db2,275,db2,255,215,235,255,275,215,quest,False
13846,Enchant Bracer - Greater Spirit,Enchanting,item,220,db2:item-req,240,db2,280,db2,260,220,240,260,280,220,quest,False
13858,Enchant Chest - Superior Health,Enchanting,trainer,220,wh:learn,240,db2,280,db2,260,220,240,260,280,220,trainer,False
13868,Enchant Gloves - Advanced Herbalism,Enchanting,item,225,db2:item-req,245,db2,285,db2,265,225,245,265,285,225,quest,False
13882,Enchant Cloak - Lesser Agility,Enchanting,item,225,db2:item-req,245,db2,285,db2,265,225,245,265,285,225,quest,False
13887,Enchant Gloves - Strength,Enchanting,trainer,225,wh:learn,245,db2,285,db2,265,225,245,265,285,225,trainer,False
13890,Enchant Boots - Minor Speed,Enchanting,trainer,225,wh:learn,245,db2,285,db2,265,225,245,265,285,225,trainer,False
13898,Enchant Weapon - Fiery Weapon,Enchanting,item,265,db2:item-req,285,db2,325,db2,305,265,285,305,325,265,quest,False
13905,Enchant Shield - Greater Spirit,Enchanting,trainer,230,wh:learn,250,db2,290,db2,270,230,250,270,290,230,trainer,False
13915,Enchant Weapon - Demonslaying,Enchanting,item,230,db2:item-req,250,db2,290,db2,270,230,250,270,290,230,quest,False
13917,Enchant Chest - Superior Mana,Enchanting,trainer,230,wh:learn,250,db2,290,db2,270,230,250,270,290,230,trainer,False
13931,Enchant Bracer - Dodge,Enchanting,item,235,db2:item-req,255,db2,295,db2,275,235,255,275,295,235,world,False
13935,Enchant Boots - Agility,Enchanting,trainer,235,wh:learn,255,db2,295,db2,275,235,255,275,295,235,trainer,False
13937,Enchant 2H Weapon - Greater Impact,Enchanting,trainer,240,wh:learn,260,db2,300,db2,280,240,260,280,300,240,trainer,False
13939,Enchant Bracer - Greater Strength,Enchanting,trainer,240,wh:learn,260,db2,300,db2,280,240,260,280,300,240,trainer,False
13941,Enchant Chest - Stats,Enchanting,trainer,245,wh:learn,265,db2,305,db2,285,245,265,285,305,245,trainer,False
13943,Enchant Weapon - Greater Striking,Enchanting,trainer,245,wh:learn,265,db2,305,db2,285,245,265,285,305,245,trainer,False
13945,Enchant Bracer - Greater Stamina,Enchanting,item,245,db2:item-req,265,db2,305,db2,285,245,265,285,305,245,quest+world,False
13947,Enchant Gloves - Riding Skill,Enchanting,item,250,db2:item-req,270,db2,310,db2,290,250,270,290,310,250,quest,False
13948,Enchant Gloves - Minor Haste,Enchanting,trainer,250,wh:learn,270,db2,310,db2,290,250,270,290,310,250,trainer,False
14293,Lesser Magic Wand,Enchanting,trainer,10,wh:learn,75,db2,115,db2,95,10,75,95,115,10,trainer,False
14807,Greater Magic Wand,Enchanting,trainer,70,wh:learn,110,db2,150,db2,130,70,110,130,150,70,trainer,False
14809,Lesser Mystic Wand,Enchanting,trainer,155,wh:learn,175,db2,215,db2,195,155,175,195,215,155,trainer,False
14810,Greater Mystic Wand,Enchanting,trainer,175,wh:learn,195,db2,235,db2,215,175,195,215,235,175,trainer,False
15596,Smoking Heart of the Mountain,Enchanting,item,265,db2:item-req,285,db2,325,db2,305,265,285,305,325,265,quest,False
17180,Enchanted Thorium Bar,Enchanting,trainer,250,wh:learn,250,db2,260,db2,255,250,250,255,260,250,trainer,False
17181,Enchanted Leather,Enchanting,trainer,250,wh:learn,250,db2,260,db2,255,250,250,255,260,250,trainer,False
20008,Enchant Bracer - Greater Intellect,Enchanting,item,255,db2:item-req,275,db2,315,db2,295,255,275,295,315,255,quest+trainer,False
20009,Enchant Bracer - Superior Spirit,Enchanting,item,270,db2:item-req,290,db2,330,db2,310,270,290,310,330,270,quest+world,False
20010,Enchant Bracer - Superior Strength,Enchanting,item,295,db2:item-req,310,db2,340,db2,325,295,310,325,340,295,quest,False
20011,Enchant Bracer - Superior Stamina,Enchanting,item,300,db2:item-req,310,db2,340,db2,325,300,310,325,340,300,quest,False
20012,Enchant Gloves - Greater Agility,Enchanting,item,270,db2:item-req,290,db2,330,db2,310,270,290,310,330,270,quest+trainer,False
20013,Enchant Gloves - Greater Strength,Enchanting,item,295,db2:item-req,310,db2,340,db2,325,295,310,325,340,295,quest+trainer,False
20015,Enchant Cloak - Superior Defense,Enchanting,item,285,db2:item-req,300,db2,335,db2,317,285,300,317,335,285,world,False
20016,Enchant Shield - Vitality,Enchanting,item,280,db2:item-req,300,db2,340,db2,320,280,300,320,340,280,quest+trainer,False
20017,Enchant Shield - Greater Stamina,Enchanting,item,265,db2:item-req,285,db2,325,db2,305,265,285,305,325,265,world,False
20020,Enchant Boots - Greater Stamina,Enchanting,item,260,db2:item-req,280,db2,320,db2,300,260,280,300,320,260,quest,False
20023,Enchant Boots - Greater Agility,Enchanting,item,295,db2:item-req,310,db2,340,db2,325,295,310,325,340,295,quest+trainer,False
20024,Enchant Boots - Spirit,Enchanting,item,275,db2:item-req,295,db2,335,db2,315,275,295,315,335,275,quest,False
20025,Enchant Chest - Greater Stats,Enchanting,item,300,db2:item-req,310,db2,340,db2,325,300,310,325,340,300,quest,False
20026,Enchant Chest - Major Health,Enchanting,item,275,db2:item-req,295,db2,335,db2,315,275,295,315,335,275,world,False
20028,Enchant Chest - Major Mana,Enchanting,item,290,db2:item-req,305,db2,340,db2,322,290,305,322,340,290,quest+trainer,False
20029,Enchant Weapon - Icy Chill,Enchanting,item,285,db2:item-req,300,db2,335,db2,317,285,300,317,335,285,quest,False
20030,Enchant 2H Weapon - Superior Impact,Enchanting,item,295,db2:item-req,310,db2,340,db2,325,295,310,325,340,295,quest,False
20031,Enchant Weapon - Superior Striking,Enchanting,item,300,db2:item-req,310,db2,340,db2,325,300,310,325,340,300,quest,False
20032,Enchant Weapon - Lifestealing,Enchanting,item,300,db2:item-req,310,db2,340,db2,325,300,310,325,340,300,quest,False
20033,Enchant Weapon - Unholy Weapon,Enchanting,item,295,db2:item-req,310,db2,340,db2,325,295,310,325,340,295,quest,False
20034,Enchant Weapon - Crusader,Enchanting,item,300,db2:item-req,310,db2,340,db2,325,300,310,325,340,300,quest,False
20035,Enchant 2H Weapon - Major Spirit,Enchanting,item,300,db2:item-req,310,db2,340,db2,325,300,310,325,340,300,quest,False
20036,Enchant 2H Weapon - Major Intellect,Enchanting,item,300,db2:item-req,310,db2,340,db2,325,300,310,325,340,300,quest,False
21931,Enchant Weapon - Winter's Might,Enchanting,item,190,db2:item-req,210,db2,250,db2,230,190,210,230,250,190,quest,False
22749,Enchant Weapon - Spellpower,Enchanting,item,300,db2:item-req,310,db2,340,db2,325,300,310,325,340,300,quest,False
22750,Enchant Weapon - Healing Power,Enchanting,item,300,db2:item-req,310,db2,340,db2,325,300,310,325,340,300,quest,False
23799,Enchant Weapon - Strength,Enchanting,item,290,db2:item-req,305,db2,340,db2,322,290,305,322,340,290,world,False
23800,Enchant Weapon - Agility,Enchanting,item,290,db2:item-req,305,db2,340,db2,322,290,305,322,340,290,world,False
23801,Enchant Bracer - Mana Regeneration,Enchanting,item,290,db2:item-req,305,db2,340,db2,322,290,305,322,340,290,world,False
23802,Enchant Bracer - Healing Power,Enchanting,item,300,db2:item-req,310,db2,340,db2,325,300,310,325,340,300,world,False
23803,Enchant Weapon - Mighty Spirit,Enchanting,item,300,db2:item-req,310,db2,340,db2,325,300,310,325,340,300,world,False
23804,Enchant Weapon - Mighty Intellect,Enchanting,item,300,db2:item-req,310,db2,340,db2,325,300,310,325,340,300,world,False
25072,Enchant Gloves - Threat,Enchanting,item,300,db2:item-req,310,db2,340,db2,325,300,310,325,340,300,quest+world,False
25073,Enchant Gloves - Shadow Power,Enchanting,item,300,db2:item-req,310,db2,340,db2,325,300,310,325,340,300,quest,False
25074,Enchant Gloves - Frost Power,Enchanting,item,300,db2:item-req,310,db2,340,db2,325,300,310,325,340,300,quest,False
25078,Enchant Gloves - Fire Power,Enchanting,item,300,db2:item-req,310,db2,340,db2,325,300,310,325,340,300,quest,False
25079,Enchant Gloves - Healing Power,Enchanting,item,300,db2:item-req,310,db2,340,db2,325,300,310,325,340,300,quest,False
25080,Enchant Gloves - Superior Agility,Enchanting,item,300,db2:item-req,310,db2,340,db2,325,300,310,325,340,300,quest+world,False
25083,Enchant Cloak - Stealth,Enchanting,item,300,db2:item-req,310,db2,340,db2,325,300,310,325,340,300,quest+world,False
25084,Enchant Cloak - Subtlety,Enchanting,item,300,db2:item-req,310,db2,340,db2,325,300,310,325,340,300,quest+world,False
25086,Enchant Cloak - Dodge,Enchanting,item,300,db2:item-req,310,db2,340,db2,325,300,310,325,340,300,quest+world,False
25124,Minor Wizard Oil,Enchanting,item,45,db2:item-req,55,db2,75,db2,65,45,55,65,75,45,world,False
25125,Minor Mana Oil,Enchanting,item,150,db2:item-req,160,db2,180,db2,170,150,160,170,180,150,world,False
25126,Lesser Wizard Oil,Enchanting,item,200,db2:item-req,210,db2,230,db2,220,200,210,220,230,200,world,False
25127,Lesser Mana Oil,Enchanting,item,250,db2:item-req,260,db2,280,db2,270,250,260,270,280,250,world,False
25128,Wizard Oil,Enchanting,item,275,db2:item-req,285,db2,305,db2,295,275,285,295,305,275,world,False
25129,Brilliant Wizard Oil,Enchanting,item,300,db2:item-req,310,db2,330,db2,320,300,310,320,330,300,world,False
25130,Brilliant Mana Oil,Enchanting,item,300,db2:item-req,310,db2,330,db2,320,300,310,320,330,300,world,False
27837,Enchant 2H Weapon - Agility,Enchanting,item,290,db2:item-req,305,db2,340,db2,322,290,305,322,340,290,world,False
27899,Enchant Bracer - Brawn,Enchanting,trainer,305,wh:learn,315,db2,345,db2,330,305,315,330,345,305,trainer,False
27905,Enchant Bracer - Stats,Enchanting,trainer,315,wh:learn,325,db2,355,db2,340,315,325,340,355,315,trainer,False
27906,Enchant Bracer - Greater Dodge,Enchanting,item,320,db2:item-req,330,db2,360,db2,345,320,330,345,360,320,quest,False
27911,Enchant Bracer - Superior Healing,Enchanting,item,325,db2:item-req,335,db2,365,db2,350,325,335,350,365,325,world,False
27913,Enchant Bracer - Restore Mana Prime,Enchanting,item,335,db2:item-req,345,db2,375,db2,360,335,345,360,375,335,quest,False
27914,Enchant Bracer - Fortitude,Enchanting,item,350,db2:item-req,370,db2,380,db2,375,350,370,375,380,350,quest,False
27917,Enchant Bracer - Spellpower,Enchanting,item,360,db2:item-req,370,db2,400,db2,385,360,370,385,400,360,quest,False
27920,Enchant Ring - Striking,Enchanting,item,360,db2:item-req,370,db2,385,db2,377,360,370,377,385,360,world,False
27924,Enchant Ring - Minor Intellect,Enchanting,item,360,db2:item-req,370,db2,385,db2,377,360,370,377,385,360,world,False
27927,Enchant Ring - Stats,Enchanting,item,375,db2:item-req,380,db2,390,db2,385,375,380,385,390,375,world,False
27944,Enchant Shield - Lesser Dodge,Enchanting,trainer,310,wh:learn,320,db2,350,db2,335,310,320,335,350,310,trainer,False
27945,Enchant Shield - Intellect,Enchanting,item,325,db2:item-req,335,db2,365,db2,350,325,335,350,365,325,world,False
27946,Enchant Shield - Parry,Enchanting,item,340,db2:item-req,350,db2,380,db2,365,340,350,365,380,340,quest,False
27948,Enchant Boots - Vitality,Enchanting,item,305,db2:item-req,315,db2,345,db2,330,305,315,330,345,305,quest,False
27950,Enchant Boots - Fortitude,Enchanting,item,320,db2:item-req,330,db2,360,db2,345,320,330,345,360,320,quest,False
27951,Enchant Boots - Dexterity,Enchanting,item,340,db2:item-req,350,db2,380,db2,365,340,350,365,380,340,quest,False
27954,Enchant Boots - Surefooted,Enchanting,item,370,db2:item-req,380,db2,390,db2,385,370,380,385,390,370,quest,False
27957,Enchant Chest - Exceptional Health,Enchanting,trainer,315,wh:learn,325,db2,355,db2,340,315,325,340,355,315,trainer,False
27958,Enchant Chest - Exceptional Mana,Enchanting,item,325,db2:item-req,375,db2,385,db2,380,350,375,380,385,350,trainer,False
27960,Enchant Chest - Exceptional Stats,Enchanting,item,345,db2:item-req,355,db2,380,db2,367,345,355,367,380,345,world,False
27961,Enchant Cloak - Major Armor,Enchanting,trainer,310,wh:learn,320,db2,350,db2,335,310,320,335,350,310,trainer,False
27967,Enchant Weapon - Major Striking,Enchanting,item,340,db2:item-req,350,db2,380,db2,365,340,350,365,380,340,world,False
27968,Enchant Weapon - Major Intellect,Enchanting,item,340,db2:item-req,350,db2,380,db2,365,340,350,365,380,340,quest,False
27971,Enchant 2H Weapon - Savagery,Enchanting,item,350,db2:item-req,370,db2,380,db2,375,350,370,375,380,350,quest,False
27972,Enchant Weapon - Potency,Enchanting,item,350,db2:item-req,370,db2,380,db2,375,350,370,375,380,350,quest,False
27975,Enchant Weapon - Major Spellpower,Enchanting,item,350,db2:item-req,370,db2,380,db2,375,350,370,375,380,350,quest,False
27977,Enchant 2H Weapon - Major Agility,Enchanting,item,360,db2:item-req,370,db2,385,db2,377,360,370,377,385,360,quest,False
27981,Enchant Weapon - Sunfire,Enchanting,item,375,db2:item-req,390,db2,390,db2,390,375,390,390,390,375,quest,False
27982,Enchant Weapon - Soulfrost,Enchanting,item,375,db2:item-req,380,db2,390,db2,385,375,380,385,390,375,quest,False
27984,Enchant Weapon - Mongoose,Enchanting,item,375,db2:item-req,380,db2,390,db2,385,375,380,385,390,375,quest,False
28003,Enchant Weapon - Spellsurge,Enchanting,item,360,db2:item-req,370,db2,385,db2,377,360,370,377,385,360,quest,False
28004,Enchant Weapon - Battlemaster,Enchanting,item,360,db2:item-req,370,db2,385,db2,377,360,370,377,385,360,quest,False
28016,Superior Mana Oil,Enchanting,item,310,db2:item-req,310,db2,330,db2,320,310,310,320,330,310,world,False
28019,Superior Wizard Oil,Enchanting,item,340,db2:item-req,340,db2,360,db2,350,340,340,350,360,340,world,False
28021,Arcane Dust,Enchanting,item,325,db2:item-req,335,db2,355,db2,345,,,,,,,False
28022,Large Prismatic Shard,Enchanting,item,335,db2:item-req,5,db2,10,db2,7,0,0,0,335,335,world,False
28027,Prismatic Sphere,Enchanting,trainer,325,wh:learn,325,db2,335,db2,330,325,325,330,335,325,trainer,False
28028,Void Sphere,Enchanting,trainer,350,wh:learn,370,db2,380,db2,375,350,370,375,380,350,trainer,False
33990,Enchant Chest - Major Spirit,Enchanting,trainer,320,wh:learn,330,db2,360,db2,345,320,330,345,360,320,trainer,False
33991,Enchant Chest - Restore Mana Prime,Enchanting,trainer,300,wh:learn,310,db2,340,db2,325,300,310,325,340,300,trainer,False
33992,Enchant Chest - Major Resilience,Enchanting,item,345,db2:item-req,355,db2,380,db2,367,345,355,367,380,345,quest,False
33993,Enchant Gloves - Blasting,Enchanting,trainer,305,wh:learn,315,db2,345,db2,330,305,315,330,345,305,trainer,False
33994,Enchant Gloves - Precise Strikes,Enchanting,item,360,db2:item-req,370,db2,385,db2,377,360,370,377,385,360,world,False
33995,Enchant Gloves - Major Strength,Enchanting,trainer,340,wh:learn,350,db2,380,db2,365,340,350,365,380,340,trainer,False
33996,Enchant Gloves - Assault,Enchanting,trainer,310,wh:learn,320,db2,350,db2,335,310,320,335,350,310,trainer,False
33997,Enchant Gloves - Major Spellpower,Enchanting,item,360,db2:item-req,370,db2,385,db2,377,360,370,377,385,360,world,False
33999,Enchant Gloves - Major Healing,Enchanting,item,350,db2:item-req,370,db2,380,db2,375,350,370,375,380,350,world,False
34001,Enchant Bracer - Major Intellect,Enchanting,trainer,305,wh:learn,315,db2,345,db2,330,305,315,330,345,305,trainer,False
34002,Enchant Bracer - Lesser Assault,Enchanting,trainer,300,wh:learn,310,db2,340,db2,325,300,310,325,340,300,trainer,False
34003,Enchant Cloak - PvP Power,Enchanting,item,325,db2:item-req,335,db2,365,db2,350,325,335,350,365,325,world,False
34004,Enchant Cloak - Greater Agility,Enchanting,trainer,310,wh:learn,320,db2,350,db2,335,310,320,335,350,310,trainer,False
34007,Enchant Boots - Cat's Swiftness,Enchanting,item,360,db2:item-req,370,db2,385,db2,377,360,370,377,385,360,quest,False
34008,Enchant Boots - Boar's Speed,Enchanting,item,360,db2:item-req,370,db2,385,db2,377,360,370,377,385,360,quest,False
34009,Enchant Shield - Major Stamina,Enchanting,item,325,db2:item-req,335,db2,365,db2,350,325,335,350,365,325,world,False
34010,Enchant Weapon - Major Healing,Enchanting,item,350,db2:item-req,370,db2,380,db2,375,350,370,375,380,350,world,False
42613,Nexus Transformation,Enchanting,trainer,300,wh:learn,295,db2,305,db2,300,0,300,300,305,300,trainer,False
42615,Small Prismatic Shard,Enchanting,trainer,335,wh:learn,315,db2,335,db2,325,0,0,335,335,335,trainer,False
42620,Enchant Weapon - Greater Agility,Enchanting,item,350,db2:item-req,360,db2,375,db2,367,350,360,367,375,350,world,False
42974,Enchant Weapon - Executioner,Enchanting,item,375,db2:item-req,380,db2,390,db2,385,375,380,385,390,375,quest+world,False
44383,Enchant Shield - Resilience,Enchanting,trainer,330,wh:learn,340,db2,370,db2,355,330,340,355,370,330,trainer,False
44484,Enchant Gloves - Expertise,Enchanting,trainer,405,wh:learn,415,db2,435,db2,425,405,415,425,435,405,trainer,False
44488,Enchant Gloves - Precision,Enchanting,trainer,410,wh:learn,425,db2,440,db2,432,410,425,432,440,410,trainer,False
44489,Enchant Shield - Dodge,Enchanting,trainer,420,wh:learn,430,db2,450,db2,440,420,430,440,450,420,trainer,False
44492,Enchant Chest - Mighty Health,Enchanting,trainer,395,wh:learn,405,db2,425,db2,415,395,405,415,425,395,trainer,False
44500,Enchant Cloak - Superior Agility,Enchanting,item,395,wh:learn<item,405,db2,425,db2,415,395,405,415,425,395,trainer,False
44506,Enchant Gloves - Gatherer,Enchanting,trainer,375,wh:learn,390,db2,400,db2,395,375,390,395,400,375,trainer,False
44508,Enchant Boots - Greater Spirit,Enchanting,trainer,410,wh:learn,425,db2,440,db2,432,410,425,432,440,410,trainer,False
44509,Enchant Chest - Greater Mana Restoration,Enchanting,trainer,420,wh:learn,430,db2,450,db2,440,420,430,440,450,420,trainer,False
44510,Enchant Weapon - Exceptional Spirit,Enchanting,item,400,db2:item-req,425,db2,440,db2,432,410,425,432,440,410,trainer,False
44513,Enchant Gloves - Greater Assault,Enchanting,item,395,wh:learn<item,405,db2,425,db2,415,395,405,415,425,395,trainer,False
44524,Enchant Weapon - Icebreaker,Enchanting,item,425,db2:item-req,435,db2,455,db2,445,425,435,445,455,425,world,False
44528,Enchant Boots - Greater Fortitude,Enchanting,trainer,385,wh:learn,400,db2,410,db2,405,385,400,405,410,385,trainer,False
44529,Enchant Gloves - Major Agility,Enchanting,trainer,415,wh:learn,425,db2,445,db2,435,415,425,435,445,415,trainer,False
44555,Enchant Bracer - Exceptional Intellect,Enchanting,trainer,375,wh:learn,385,db2,400,db2,392,375,385,392,400,375,trainer,False
44575,Enchant Bracer - Greater Assault,Enchanting,item,430,db2:item-req,440,db2,460,db2,450,430,440,450,460,430,world,False
44576,Enchant Weapon - Lifeward,Enchanting,item,425,db2:item-req,435,db2,455,db2,445,425,435,445,455,425,world,False
44582,Enchant Cloak - Minor Power,Enchanting,trainer,395,wh:learn,395,db2,410,db2,402,395,395,402,410,395,trainer,False
44584,Enchant Boots - Greater Vitality,Enchanting,trainer,405,wh:learn,415,db2,435,db2,425,405,415,425,435,405,trainer,False
44588,Enchant Chest - Exceptional Resilience,Enchanting,item,410,db2:item-req,435,db2,455,db2,445,410,435,445,455,410,world,False
44589,Enchant Boots - Superior Agility,Enchanting,item,410,db2:item-req,425,db2,445,db2,435,415,425,435,445,415,trainer,False
44591,Enchant Cloak - Superior Dodge,Enchanting,item,435,db2:item-req,445,db2,465,db2,455,435,445,455,465,435,world,False
44592,Enchant Gloves - Exceptional Spellpower,Enchanting,trainer,360,wh:learn,375,db2,385,db2,380,360,375,380,385,360,trainer,False
44593,Enchant Bracer - Major Spirit,Enchanting,item,400,db2:item-req,430,db2,450,db2,440,420,430,440,450,420,trainer,False
44595,Enchant 2H Weapon - Scourgebane,Enchanting,item,400,db2:item-req,440,db2,460,db2,450,430,440,450,460,430,world,False
44598,Enchant Bracer - Expertise,Enchanting,item,415,wh:learn<item,425,db2,445,db2,435,415,425,435,445,415,trainer,False
44612,Enchant Gloves - Greater Blasting,Enchanting,item,410,db2:item-req,405,db2,420,db2,412,,,,,,,False
44616,Enchant Bracer - Greater Stats,Enchanting,item,400,db2:item-req,410,db2,430,db2,420,400,410,420,430,400,trainer,False
44621,Enchant Weapon - Giant Slayer,Enchanting,item,430,db2:item-req,440,db2,460,db2,450,430,440,450,460,430,world,False
44623,Enchant Chest - Super Stats,Enchanting,trainer,370,wh:learn,380,db2,400,db2,390,370,380,390,400,370,trainer,False
44625,Enchant Gloves - Armsman,Enchanting,item,435,db2:item-req,445,db2,465,db2,455,435,445,455,465,435,world,False
44629,Enchant Weapon - Exceptional Spellpower,Enchanting,trainer,395,wh:learn,405,db2,425,db2,415,395,405,415,425,395,trainer,False
44630,Enchant 2H Weapon - Greater Savagery,Enchanting,item,390,wh:learn<item,400,db2,420,db2,410,390,400,410,420,390,trainer,False
44631,Enchant Cloak - Shadow Armor,Enchanting,item,440,db2:item-req,450,db2,470,db2,460,440,450,460,470,440,world,False
44633,Enchant Weapon - Exceptional Agility,Enchanting,item,410,wh:learn<item,425,db2,440,db2,432,410,425,432,440,410,trainer,False
44635,Enchant Bracer - Greater Spellpower,Enchanting,trainer,395,wh:learn,405,db2,425,db2,415,395,405,415,425,395,trainer,False
44636,Enchant Ring - Lesser Intellect,Enchanting,trainer,400,wh:learn,400,db2,405,db2,402,400,400,402,405,400,trainer,False
44645,Enchant Ring - Assault,Enchanting,trainer,400,wh:learn,400,db2,405,db2,402,400,400,402,405,400,trainer,False
45765,Void Shatter,Enchanting,item,375,db2:item-req,360,db2,365,db2,362,0,0,0,375,375,world,False
46578,Enchant Weapon - Deathfrost,Enchanting,item,350,db2:item-req,350,db2,365,db2,357,350,350,357,365,350,quest,False
46594,Enchant Chest - Dodge,Enchanting,item,360,db2:item-req,370,db2,400,db2,385,360,370,385,400,360,world,False
47051,Enchant Cloak - Greater Dodge,Enchanting,item,375,db2:item-req,380,db2,390,db2,385,375,380,385,390,375,quest,False
47672,Enchant Cloak - Mighty Stamina,Enchanting,item,430,db2:item-req,440,db2,460,db2,450,430,440,450,460,430,world,False
47766,Enchant Chest - Greater Dodge,Enchanting,item,400,db2:item-req,410,db2,430,db2,420,400,410,420,430,400,trainer,False
47898,Enchant Cloak - Greater Speed,Enchanting,item,425,db2:item-req,440,db2,460,db2,450,430,440,450,460,430,world,False
47899,Enchant Cloak - Wisdom,Enchanting,item,440,db2:item-req,450,db2,470,db2,460,440,450,460,470,440,world,False
47900,Enchant Chest - Super Health,Enchanting,trainer,425,wh:learn,435,db2,455,db2,445,425,435,445,455,425,trainer,False
47901,Enchant Boots - Tuskarr's Vitality,Enchanting,item,440,db2:item-req,450,db2,470,db2,460,440,450,460,470,440,world,False
59619,Enchant Weapon - Accuracy,Enchanting,item,440,db2:item-req,450,db2,470,db2,460,440,450,460,470,440,world,False
59621,Enchant Weapon - Berserking,Enchanting,item,440,db2:item-req,450,db2,470,db2,460,440,450,460,470,440,world,False
59625,Enchant Weapon - Black Magic,Enchanting,item,440,db2:item-req,450,db2,470,db2,460,440,450,460,470,440,world,False
59636,Enchant Ring - Lesser Stamina,Enchanting,trainer,400,wh:learn,400,db2,405,db2,402,400,400,402,405,400,trainer,False
60606,Enchant Boots - Assault,Enchanting,trainer,375,wh:learn,385,db2,405,db2,395,375,385,395,405,375,trainer,False
60609,Enchant Cloak - Speed,Enchanting,trainer,350,wh:learn,375,db2,385,db2,380,350,375,380,385,350,trainer,False
60616,Enchant Bracer - Assault,Enchanting,trainer,360,wh:learn,375,db2,385,db2,380,360,375,380,385,360,trainer,False
60621,Enchant Weapon - Greater Potency,Enchanting,trainer,380,wh:learn,390,db2,410,db2,400,380,390,400,410,380,trainer,False
60623,Enchant Boots - Icewalker,Enchanting,trainer,385,wh:learn,395,db2,415,db2,405,385,395,405,415,385,trainer,False
60653,Enchant Shield - Greater Intellect,Enchanting,trainer,395,wh:learn,405,db2,425,db2,415,395,405,415,425,395,trainer,False
60663,Enchant Cloak - Major Agility,Enchanting,trainer,420,wh:learn,430,db2,450,db2,440,420,430,440,450,420,trainer,False
60668,Enchant Gloves - Crusher,Enchanting,trainer,425,wh:learn,435,db2,455,db2,445,425,435,445,455,425,trainer,False
60691,Enchant 2H Weapon - Massacre,Enchanting,item,430,db2:item-req,440,db2,460,db2,450,430,440,450,460,430,world,False
60692,Enchant Chest - Powerful Stats,Enchanting,item,440,db2:item-req,450,db2,470,db2,460,440,450,460,470,440,world,False
60707,Enchant Weapon - Superior Potency,Enchanting,item,435,db2:item-req,445,db2,465,db2,455,435,445,455,465,435,world,False
60714,Enchant Weapon - Mighty Spellpower,Enchanting,item,435,db2:item-req,445,db2,465,db2,455,435,445,455,465,435,world,False
60763,Enchant Boots - Greater Assault,Enchanting,item,440,db2:item-req,450,db2,470,db2,460,440,450,460,470,440,world,False
60767,Enchant Bracer - Superior Spellpower,Enchanting,item,440,db2:item-req,450,db2,470,db2,460,440,450,460,470,440,world,False
62256,Enchant Bracer - Major Stamina,Enchanting,item,450,db2:item-req,460,db2,480,db2,470,450,460,470,480,450,world,False
62257,Enchant Weapon - Titanguard,Enchanting,item,450,db2:item-req,460,db2,480,db2,470,,,,,,,False
62948,Enchant Staff - Greater Spellpower,Enchanting,item,450,db2:item-req,455,db2,465,db2,460,450,455,460,465,450,world,False
62959,Enchant Staff - Spellpower,Enchanting,trainer,385,wh:learn,395,db2,415,db2,405,385,395,405,415,385,trainer,False
63746,Enchant Boots - Lesser Accuracy,Enchanting,trainer,225,wh:learn,245,db2,285,db2,265,225,245,265,285,225,trainer,False
64441,Enchant Weapon - Blade Ward,Enchanting,item,450,db2:item-req,455,db2,465,db2,460,450,455,460,465,450,quest,False
64579,Enchant Weapon - Blood Draining,Enchanting,item,450,db2:item-req,455,db2,465,db2,460,450,455,460,465,450,quest,False
69412,Abyssal Shatter,Enchanting,trainer,445,wh:learn,400,db2,410,db2,405,0,0,0,445,445,trainer,False
71692,Enchant Gloves - Angler,Enchanting,item,375,db2:item-req,385,db2,400,db2,392,375,385,392,400,375,quest,False
74132,Enchant Gloves - Mastery,Enchanting,trainer,425,wh:learn,440,db2,460,db2,450,425,440,450,460,425,trainer,False
74189,Enchant Boots - Earthen Vitality,Enchanting,trainer,425,wh:learn,440,db2,460,db2,450,425,440,450,460,425,trainer,False
74191,Enchant Chest - Mighty Stats,Enchanting,trainer,425,wh:learn,440,db2,460,db2,450,425,440,450,460,425,trainer,False
74192,Enchant Cloak - Lesser Power,Enchanting,trainer,435,wh:learn,450,db2,470,db2,460,435,450,460,470,435,trainer,False
74193,Enchant Bracer - Speed,Enchanting,trainer,435,wh:learn,450,db2,470,db2,460,435,450,460,470,435,trainer,False
74195,Enchant Weapon - Mending,Enchanting,trainer,450,wh:learn,460,db2,465,db2,462,450,460,462,465,450,trainer,False
74197,Enchant Weapon - Avalanche,Enchanting,trainer,450,wh:learn,460,db2,465,db2,462,450,460,462,465,450,trainer,False
74198,Enchant Gloves - Haste,Enchanting,trainer,455,wh:learn,465,db2,485,db2,475,455,465,475,485,455,trainer,False
74199,Enchant Boots - Haste,Enchanting,trainer,455,wh:learn,465,db2,485,db2,475,455,465,475,485,455,trainer,False
74200,Enchant Chest - Stamina,Enchanting,trainer,460,wh:learn,470,db2,490,db2,480,460,470,480,490,460,trainer,False
74201,Enchant Bracer - Critical Strike,Enchanting,trainer,460,wh:learn,470,db2,490,db2,480,460,470,480,490,460,trainer,False
74202,Enchant Cloak - Intellect,Enchanting,trainer,465,wh:learn,475,db2,495,db2,485,465,475,485,495,465,trainer,False
74207,Enchant Shield - Protection,Enchanting,trainer,465,wh:learn,475,db2,495,db2,485,465,475,485,495,465,trainer,False
74211,Enchant Weapon - Elemental Slayer,Enchanting,trainer,470,wh:learn,480,db2,500,db2,490,470,480,490,500,470,trainer,False
74212,Enchant Gloves - Exceptional Strength,Enchanting,trainer,470,wh:learn,480,db2,500,db2,490,470,480,490,500,470,trainer,False
74213,Enchant Boots - Major Agility,Enchanting,trainer,475,wh:learn,485,db2,505,db2,495,475,485,495,505,475,trainer,False
74214,Enchant Chest - Mighty Resilience,Enchanting,trainer,475,wh:learn,485,db2,505,db2,495,475,485,495,505,475,trainer,False
74215,Enchant Ring - Strength,Enchanting,trainer,475,wh:learn,455,db2,495,db2,475,0,475,475,495,475,trainer,False
74216,Enchant Ring - Agility,Enchanting,trainer,475,wh:learn,455,db2,495,db2,475,0,475,475,495,475,trainer,False
74217,Enchant Ring - Intellect,Enchanting,trainer,475,wh:learn,455,db2,495,db2,475,0,475,475,495,475,trainer,False
74218,Enchant Ring - Stamina,Enchanting,trainer,475,wh:learn,455,db2,495,db2,475,0,475,475,495,475,trainer,False
74220,Enchant Gloves - Greater Expertise,Enchanting,trainer,480,wh:learn,490,db2,510,db2,500,480,490,500,510,480,trainer,False
74223,Enchant Weapon - Hurricane,Enchanting,trainer,480,wh:learn,490,db2,510,db2,500,480,490,500,510,480,trainer,False
74225,Enchant Weapon - Heartsong,Enchanting,trainer,485,wh:learn,495,db2,515,db2,505,485,495,505,515,485,trainer,False
74226,Enchant Shield - Mastery,Enchanting,trainer,485,wh:learn,495,db2,515,db2,505,485,495,505,515,485,trainer,False
74229,Enchant Bracer - Superior Dodge,Enchanting,trainer,490,wh:learn,500,db2,520,db2,510,490,500,510,520,490,trainer,False
74230,Enchant Cloak - Critical Strike,Enchanting,trainer,490,wh:learn,500,db2,520,db2,510,490,500,510,520,490,trainer,False
74231,Enchant Chest - Exceptional Spirit,Enchanting,trainer,495,wh:learn,505,db2,525,db2,515,495,505,515,525,495,trainer,False
74232,Enchant Bracer - Precision,Enchanting,trainer,495,wh:learn,505,db2,525,db2,515,495,505,515,525,495,trainer,False
74234,Enchant Cloak - Protection,Enchanting,trainer,500,wh:learn,510,db2,530,db2,520,500,510,520,530,500,trainer,False
74235,Enchant Off-Hand - Superior Intellect,Enchanting,trainer,500,wh:learn,510,db2,530,db2,520,500,510,520,530,500,trainer,False
74236,Enchant Boots - Precision,Enchanting,trainer,505,wh:learn,510,db2,515,db2,512,505,510,512,515,505,trainer,False
74237,Enchant Bracer - Exceptional Spirit,Enchanting,trainer,505,wh:learn,515,db2,535,db2,525,505,515,525,535,505,trainer,False
74238,Enchant Boots - Mastery,Enchanting,trainer,510,wh:learn,520,db2,540,db2,530,510,520,530,540,510,trainer,False
74239,Enchant Bracer - Greater Expertise,Enchanting,trainer,510,wh:learn,520,db2,540,db2,530,510,520,530,540,510,trainer,False
74240,Enchant Cloak - Greater Intellect,Enchanting,trainer,510,wh:learn,520,db2,540,db2,530,510,520,530,540,510,trainer,False
74242,Enchant Weapon - Power Torrent,Enchanting,item,525,db2:item-req,525,db2,540,db2,532,525,525,532,540,525,world,False
74244,Enchant Weapon - Windwalk,Enchanting,item,525,db2:item-req,525,db2,540,db2,532,525,525,532,540,525,world,False
74246,Enchant Weapon - Landslide,Enchanting,item,525,db2:item-req,525,db2,540,db2,532,525,525,532,540,525,world,False
74247,Enchant Cloak - Greater Critical Strike,Enchanting,item,525,db2:item-req,525,db2,540,db2,532,525,525,532,540,525,world,False
74248,Enchant Bracer - Greater Critical Strike,Enchanting,item,525,db2:item-req,525,db2,540,db2,532,525,525,532,540,525,world,False
74250,Enchant Chest - Peerless Stats,Enchanting,item,525,db2:item-req,525,db2,540,db2,532,525,525,532,540,525,world,False
74251,Enchant Chest - Greater Stamina,Enchanting,item,525,db2:item-req,525,db2,540,db2,532,525,525,532,540,525,world,False
74252,Enchant Boots - Assassin's Step,Enchanting,item,525,db2:item-req,525,db2,540,db2,532,525,525,532,540,525,world,False
74253,Enchant Boots - Lavawalker,Enchanting,item,525,db2:item-req,525,db2,540,db2,532,525,525,532,540,525,world,False
74254,Enchant Gloves - Mighty Strength,Enchanting,item,525,db2:item-req,525,db2,540,db2,532,525,525,532,540,525,world,False
74255,Enchant Gloves - Greater Mastery,Enchanting,item,525,db2:item-req,525,db2,540,db2,532,525,525,532,540,525,world,False
74256,Enchant Bracer - Greater Speed,Enchanting,item,525,db2:item-req,525,db2,540,db2,532,525,525,532,540,525,world,False
93841,Enchanted Lantern,Enchanting,item,525,db2:item-req,525,db2,525,db2,525,525,525,525,525,525,world,False
93843,Magic Lamp,Enchanting,item,525,db2:item-req,525,db2,525,db2,525,525,525,525,525,525,world,False
95471,Enchant 2H Weapon - Mighty Agility,Enchanting,trainer,470,wh:learn,480,db2,500,db2,490,470,480,490,500,470,trainer,False
96261,Enchant Bracer - Major Strength,Enchanting,item,515,db2:item-req,525,db2,540,db2,532,515,525,532,540,515,quest,False
96262,Enchant Bracer - Mighty Intellect,Enchanting,item,515,db2:item-req,525,db2,540,db2,532,515,525,532,540,515,quest,False
96264,Enchant Bracer - Agility,Enchanting,item,515,db2:item-req,525,db2,540,db2,532,515,525,532,540,515,quest,False
103461,Enchant Ring - Greater Agility,Enchanting,item,550,db2:item-req,555,db2,560,db2,557,550,555,557,560,550,trainer,False
103462,Enchant Ring - Greater Intellect,Enchanting,item,550,db2:item-req,555,db2,560,db2,557,550,555,557,560,550,trainer,False
103463,Enchant Ring - Greater Stamina,Enchanting,item,550,db2:item-req,555,db2,560,db2,557,550,555,557,560,550,trainer,False
103465,Enchant Ring - Greater Strength,Enchanting,item,550,db2:item-req,555,db2,560,db2,557,550,555,557,560,550,trainer,False
104338,Enchant Bracer - Mastery,Enchanting,item,500,db2:item-req,525,db2,535,db2,530,500,525,530,535,500,trainer,False
104385,Enchant Bracer - Major Dodge,Enchanting,item,525,db2:item-req,550,db2,600,db2,575,525,550,575,600,525,trainer,False
104389,Enchant Bracer - Super Intellect,Enchanting,item,600,db2:item-req,615,db2,615,db2,615,600,615,615,615,600,world,False
104390,Enchant Bracer - Exceptional Strength,Enchanting,item,600,db2:item-req,615,db2,615,db2,615,600,615,615,615,600,world,False
104391,Enchant Bracer - Greater Agility,Enchanting,item,600,db2:item-req,615,db2,615,db2,615,600,615,615,615,600,world,False
104392,Enchant Chest - Super Resilience,Enchanting,item,525,db2:item-req,550,db2,600,db2,575,525,550,575,600,525,trainer,False
104393,Enchant Chest - Mighty Spirit,Enchanting,item,525,db2:item-req,550,db2,600,db2,575,525,550,575,600,525,trainer,False
104395,Enchant Chest - Glorious Stats,Enchanting,item,575,db2:item-req,600,db2,605,db2,602,575,600,602,605,575,trainer,False
104397,Enchant Chest - Superior Stamina,Enchanting,item,550,db2:item-req,575,db2,605,db2,590,550,575,590,605,550,trainer,False
104398,Enchant Cloak - Accuracy,Enchanting,item,550,db2:item-req,575,db2,605,db2,590,550,575,590,605,550,trainer,False
104401,Enchant Cloak - Greater Protection,Enchanting,item,575,db2:item-req,600,db2,605,db2,602,575,600,602,605,575,trainer,False
104403,Enchant Cloak - Superior Intellect,Enchanting,item,525,db2:item-req,550,db2,600,db2,575,525,550,575,600,525,trainer,False
104404,Enchant Cloak - Superior Critical Strike,Enchanting,item,500,db2:item-req,525,db2,535,db2,530,500,525,530,535,500,trainer,False
104407,Enchant Boots - Greater Haste,Enchanting,item,550,db2:item-req,575,db2,605,db2,590,550,575,590,605,550,trainer,False
104408,Enchant Boots - Greater Precision,Enchanting,item,525,db2:item-req,550,db2,600,db2,575,525,550,575,600,525,trainer,False
104409,Enchant Boots - Blurred Speed,Enchanting,item,550,db2:item-req,575,db2,605,db2,590,550,575,590,605,550,trainer,False
104414,Enchant Boots - Pandaren's Step,Enchanting,item,575,db2:item-req,600,db2,605,db2,602,575,600,602,605,575,trainer,False
104416,Enchant Gloves - Greater Haste,Enchanting,item,525,db2:item-req,550,db2,600,db2,575,525,550,575,600,525,trainer,False
104417,Enchant Gloves - Superior Expertise,Enchanting,item,550,db2:item-req,575,db2,605,db2,590,550,575,590,605,550,trainer,False
104419,Enchant Gloves - Super Strength,Enchanting,item,575,db2:item-req,600,db2,605,db2,602,575,600,602,605,575,trainer,False
104420,Enchant Gloves - Superior Mastery,Enchanting,item,575,db2:item-req,600,db2,605,db2,602,575,600,602,605,575,trainer,False
104425,Enchant Weapon - Windsong,Enchanting,item,550,db2:item-req,575,db2,605,db2,590,550,575,590,605,550,trainer,False
104427,Enchant Weapon - Jade Spirit,Enchanting,item,,,615,db2,615,db2,615,600,615,615,615,600,world,False
104430,Enchant Weapon - Elemental Force,Enchanting,item,525,db2:item-req,550,db2,600,db2,575,525,550,575,600,525,trainer,False
104434,Enchant Weapon - Dancing Steel,Enchanting,item,600,db2:item-req,615,db2,615,db2,615,600,615,615,615,600,world,False
104440,Enchant Weapon - Colossus,Enchanting,item,575,db2:item-req,600,db2,605,db2,602,575,600,602,605,575,trainer,False
104442,Enchant Weapon - River's Song,Enchanting,item,600,db2:item-req,615,db2,615,db2,615,600,615,615,615,600,world,False
104445,Enchant Off-Hand - Major Intellect,Enchanting,item,575,db2:item-req,600,db2,605,db2,602,575,600,602,605,575,trainer,False
104698,Maelstrom Shatter,Enchanting,trainer,515,wh:learn,465,db2,500,db2,482,0,0,0,515,515,trainer,False
116497,Mysterious Essence,Enchanting,trainer,500,wh:learn,475,db2,500,db2,487,0,0,500,500,500,trainer,False
116498,Ethereal Shard,Enchanting,trainer,550,wh:learn,480,db2,500,db2,490,0,0,0,550,550,trainer,False
116499,Sha Crystal,Enchanting,trainer,600,wh:learn,485,db2,505,db2,495,0,0,0,600,600,trainer,False
118237,Mysterious Diffusion,Enchanting,trainer,535,wh:learn,475,db2,500,db2,487,0,0,0,535,535,trainer,False
118238,Ethereal Shatter,Enchanting,trainer,585,wh:learn,485,db2,500,db2,492,0,0,0,585,585,trainer,False
118239,Sha Shatter,Enchanting,trainer,600,wh:learn,480,db2,500,db2,490,0,0,0,600,600,trainer,False
130758,Enchant Shield - Greater Parry,Enchanting,trainer,575,wh:learn,600,db2,605,db2,602,575,600,602,605,575,trainer,False
1257682,Enchant Weapon - Tyranny,Enchanting,item,600,db2:item-req,615,db2,615,db2,615,600,615,615,615,600,world,False
3918,Rough Blasting Powder,Engineering,auto,1,wh:grant,20,db2,40,db2,30,1,20,30,40,1,,False
3919,Rough Dynamite,Engineering,auto,1,wh:grant,30,db2,60,db2,45,1,30,45,60,1,,False
3922,Handful of Copper Bolts,Engineering,trainer,30,wh:learn,45,db2,60,db2,52,30,45,52,60,30,trainer,False
3923,Rough Copper Bomb,Engineering,trainer,30,wh:learn,60,db2,90,db2,75,30,60,75,90,30,trainer,False
3925,Rough Boomstick,Engineering,trainer,50,wh:learn,80,db2,110,db2,95,50,80,95,110,50,trainer,False
3928,Mechanical Squirrel Box,Engineering,item,75,db2:item-req,105,db2,135,db2,120,75,105,120,135,75,quest+questreward,False
3929,Coarse Blasting Powder,Engineering,trainer,65,wh:learn,85,db2,95,db2,90,65,85,90,95,65,trainer,False
3931,Coarse Dynamite,Engineering,trainer,65,wh:learn,95,db2,105,db2,100,65,95,100,105,65,trainer,False
3932,Target Dummy,Engineering,trainer,85,wh:learn,115,db2,145,db2,130,85,115,130,145,85,trainer,False
3933,Small Seaforium Charge,Engineering,item,100,db2:item-req,130,db2,160,db2,145,100,130,145,160,100,quest+questreward,False
3934,Flying Tiger Goggles,Engineering,trainer,100,wh:learn,130,db2,160,db2,145,100,130,145,160,100,trainer,False
3936,Deadly Blunderbuss,Engineering,trainer,105,wh:learn,130,db2,155,db2,142,105,130,142,155,105,trainer,False
3937,Large Copper Bomb,Engineering,trainer,105,wh:learn,125,db2,155,db2,140,105,125,140,155,105,trainer,False
3938,Bronze Tube,Engineering,trainer,105,wh:learn,115,db2,155,db2,135,105,115,135,155,105,trainer,False
3939,Lovingly Crafted Boomstick,Engineering,item,120,db2:item-req,145,db2,170,db2,157,120,145,157,170,120,world+trainer,False
3940,Shadow Goggles,Engineering,item,120,db2:item-req,145,db2,170,db2,157,120,145,157,170,120,quest+world,False
3941,Small Bronze Bomb,Engineering,trainer,120,wh:learn,120,db2,170,db2,145,120,120,145,170,120,trainer,False
3942,Whirring Bronze Gizmo,Engineering,trainer,125,wh:learn,125,db2,175,db2,150,125,125,150,175,125,trainer,False
3944,Flame Deflector,Engineering,item,125,db2:item-req,125,db2,175,db2,150,125,125,150,175,125,quest,False
3945,Heavy Blasting Powder,Engineering,trainer,125,wh:learn,125,db2,145,db2,135,125,125,135,145,125,trainer,False
3946,Heavy Dynamite,Engineering,trainer,125,wh:learn,125,db2,145,db2,135,125,125,135,145,125,trainer,False
3949,Silver-plated Shotgun,Engineering,trainer,130,wh:learn,155,db2,180,db2,167,130,155,167,180,130,trainer,False
3950,Big Bronze Bomb,Engineering,trainer,140,wh:learn,140,db2,190,db2,165,140,140,165,190,140,trainer,False
3952,Minor Recombobulator,Engineering,item,140,db2:item-req,165,db2,190,db2,177,140,165,177,190,140,world,False
3953,Bronze Framework,Engineering,trainer,145,wh:learn,145,db2,195,db2,170,145,145,170,195,145,trainer,False
3954,Moonsight Rifle,Engineering,item,145,db2:item-req,170,db2,195,db2,182,145,170,182,195,145,quest,False
3955,Explosive Sheep,Engineering,trainer,150,wh:learn,175,db2,200,db2,187,150,175,187,200,150,trainer,False
3956,Green Tinted Goggles,Engineering,trainer,150,wh:learn,175,db2,200,db2,187,150,175,187,200,150,trainer,False
3957,Ice Deflector,Engineering,item,155,db2:item-req,175,db2,195,db2,185,155,175,185,195,155,world,False
3958,Iron Strut,Engineering,trainer,160,wh:learn,160,db2,180,db2,170,160,160,170,180,160,trainer,False
3959,Discombobulator Ray,Engineering,item,160,db2:item-req,180,db2,200,db2,190,160,180,190,200,160,quest,False
3960,Portable Bronze Mortar,Engineering,item,165,db2:item-req,185,db2,205,db2,195,165,185,195,205,165,quest,False
3961,Gyrochronatom,Engineering,trainer,170,wh:learn,170,db2,210,db2,190,170,170,190,210,170,trainer,False
3962,Iron Grenade,Engineering,trainer,175,wh:learn,175,db2,215,db2,195,175,175,195,215,175,trainer,False
3963,Compact Harvest Reaper Kit,Engineering,trainer,175,wh:learn,175,db2,215,db2,195,175,175,195,215,175,trainer,False
3965,Advanced Target Dummy,Engineering,trainer,185,wh:learn,185,db2,225,db2,205,185,185,205,225,185,trainer,False
3966,Craftsman's Monocle,Engineering,item,185,db2:item-req,205,db2,225,db2,215,185,205,215,225,185,quest,False
3967,Big Iron Bomb,Engineering,trainer,190,wh:learn,190,db2,230,db2,210,190,190,210,230,190,trainer,False
3968,Goblin Land Mine,Engineering,item,195,db2:item-req,215,db2,235,db2,225,195,215,225,235,195,quest,False
3969,Mechanical Dragonling,Engineering,item,200,db2:item-req,220,db2,240,db2,230,200,220,230,240,200,world,False
3971,Gnomish Cloaking Device,Engineering,item,200,db2:item-req,220,db2,240,db2,230,200,220,230,240,200,world,False
3972,Large Seaforium Charge,Engineering,item,200,db2:item-req,200,db2,240,db2,220,200,200,220,240,200,quest,False
3973,Silver Contact,Engineering,trainer,90,wh:learn,110,db2,140,db2,125,90,110,125,140,90,trainer,False
3977,Crude Scope,Engineering,trainer,60,wh:learn,90,db2,120,db2,105,60,90,105,120,60,trainer,False
3978,Standard Scope,Engineering,trainer,110,wh:learn,135,db2,160,db2,147,110,135,147,160,110,trainer,False
3979,Accurate Scope,Engineering,item,180,db2:item-req,200,db2,220,db2,210,180,200,210,220,180,world+trainer,False
6458,Ornate Spyglass,Engineering,trainer,135,wh:learn,160,db2,185,db2,172,135,160,172,185,135,trainer,False
7430,Arclight Spanner,Engineering,trainer,50,wh:learn,70,db2,90,db2,80,50,70,80,90,50,trainer,False
8243,Flash Bomb,Engineering,item,185,db2:item-req,185,db2,225,db2,205,185,185,205,225,185,quest+vendor,False
8334,Clockwork Box,Engineering,trainer,100,wh:learn,125,db2,125,db2,125,100,125,125,125,100,trainer,False
8339,EZ-Thro Dynamite,Engineering,item,100,db2:item-req,115,db2,130,db2,122,100,115,122,130,100,quest+questreward,False
8895,Goblin Rocket Boots,Engineering,item,130,db2:item-req,245,db2,265,db2,255,225,245,255,265,225,trainer,False
9269,Gnomish Universal Remote,Engineering,item,125,db2:item-req,150,db2,175,db2,162,125,150,162,175,125,quest+world,False
9271,Aquadynamic Fish Attractor,Engineering,trainer,150,wh:learn,150,db2,170,db2,160,150,150,160,170,150,trainer,False
9273,Goblin Jumper Cables,Engineering,item,165,db2:item-req,160,db2,200,db2,180,165,165,180,200,165,world,False
12584,Gold Power Core,Engineering,trainer,150,wh:learn,150,db2,190,db2,170,150,150,170,190,150,trainer,False
12585,Solid Blasting Powder,Engineering,trainer,175,wh:learn,175,db2,195,db2,185,175,175,185,195,175,trainer,False
12586,Solid Dynamite,Engineering,trainer,175,wh:learn,175,db2,195,db2,185,175,175,185,195,175,trainer,False
12587,Bright-Eye Goggles,Engineering,item,175,db2:item-req,195,db2,215,db2,205,175,195,205,215,175,quest,False
12589,Mithril Tube,Engineering,trainer,195,wh:learn,195,db2,235,db2,215,195,195,215,235,195,trainer,False
12590,Gyromatic Micro-Adjustor,Engineering,trainer,175,wh:learn,175,db2,215,db2,195,175,175,195,215,175,trainer,False
12591,Unstable Trigger,Engineering,trainer,200,wh:learn,200,db2,240,db2,220,200,200,220,240,200,trainer,False
12594,Fire Goggles,Engineering,trainer,205,wh:learn,225,db2,245,db2,235,205,225,235,245,205,trainer,False
12595,Mithril Blunderbuss,Engineering,trainer,205,wh:learn,225,db2,245,db2,235,205,225,235,245,205,trainer,False
12597,Deadly Scope,Engineering,item,210,db2:item-req,230,db2,250,db2,240,210,230,240,250,210,world,False
12599,Mithril Casing,Engineering,trainer,215,wh:learn,215,db2,255,db2,235,215,215,235,255,215,trainer,False
12603,Mithril Frag Bomb,Engineering,trainer,215,wh:learn,215,db2,255,db2,235,215,215,235,255,215,trainer,False
12607,Catseye Ultra Goggles,Engineering,item,220,db2:item-req,240,db2,260,db2,250,220,240,250,260,220,quest,False
12614,Mithril Heavy-bore Rifle,Engineering,item,220,db2:item-req,240,db2,260,db2,250,220,240,250,260,220,quest,False
12615,Spellpower Goggles Xtreme,Engineering,item,225,db2:item-req,245,db2,265,db2,255,225,245,255,265,225,quest+trainer,False
12616,Parachute Cloak,Engineering,item,225,db2:item-req,245,db2,265,db2,255,225,245,255,265,225,quest,False
12617,Deepdive Helmet,Engineering,item,230,db2:item-req,250,db2,270,db2,260,230,250,260,270,230,world+trainer,False
12618,Rose Colored Goggles,Engineering,trainer,230,wh:learn,250,db2,270,db2,260,230,250,260,270,230,trainer,False
12619,Hi-Explosive Bomb,Engineering,trainer,235,wh:learn,235,db2,275,db2,255,235,235,255,275,235,trainer,False
12620,Sniper Scope,Engineering,item,240,db2:item-req,260,db2,280,db2,270,240,260,270,280,240,quest,False
12622,Green Lens,Engineering,trainer,245,wh:learn,265,db2,285,db2,275,245,265,275,285,245,trainer,False
12624,Mithril Mechanical Dragonling,Engineering,item,250,db2:item-req,270,db2,290,db2,280,250,270,280,290,250,world,False
12715,Goblin Rocket Fuel Recipe,Engineering,trainer,205,wh:learn,205,db2,205,db2,205,205,205,205,205,205,trainer,False
12716,Goblin Mortar,Engineering,special,205,wh:learn,225,db2,245,db2,235,205,225,235,245,205,trainer,False
12717,Goblin Mining Helmet,Engineering,trainer,205,wh:learn,225,db2,245,db2,235,205,225,235,245,205,trainer,False
12718,Goblin Construction Helmet,Engineering,trainer,205,wh:learn,225,db2,245,db2,235,205,225,235,245,205,trainer,False
12722,Goblin Radio,Engineering,unobtainable,,,240,,260,,,,,,,,,False
12754,The Big One,Engineering,trainer,235,wh:learn,235,db2,275,db2,255,235,235,255,275,235,trainer,False
12755,Goblin Bomb Dispenser,Engineering,trainer,230,wh:learn,230,db2,270,db2,250,230,230,250,270,230,trainer,False
12758,Goblin Rocket Helmet,Engineering,trainer,245,wh:learn,265,db2,285,db2,275,245,265,275,285,245,trainer,False
12759,Gnomish Death Ray,Engineering,trainer,240,wh:learn,260,db2,280,db2,270,240,260,270,280,240,trainer,False
12760,Goblin Sapper Charge,Engineering,trainer,205,wh:learn,205,db2,245,db2,225,205,205,225,245,205,trainer,False
12895,Inlaid Mithril Cylinder Plans,Engineering,trainer,205,wh:learn,195,db2,195,db2,195,0,0,0,205,205,trainer,False
12897,Gnomish Goggles,Engineering,trainer,215,wh:learn,230,db2,250,db2,240,215,230,240,250,215,trainer,False
12899,Gnomish Shrink Ray,Engineering,trainer,205,wh:learn,225,db2,245,db2,235,205,225,235,245,205,trainer,False
12900,Mobile Alarm,Engineering,unobtainable,,,205,,245,,,,,,,,,False
12902,Gnomish Net-o-Matic Projector,Engineering,trainer,210,wh:learn,230,db2,250,db2,240,210,230,240,250,210,trainer,False
12903,Gnomish Harm Prevention Belt,Engineering,trainer,215,wh:learn,235,db2,255,db2,245,215,235,245,255,215,trainer,False
12904,Gnomish Ham Radio,Engineering,unobtainable,,,240,,260,,,,,,,,,False
12905,Gnomish Rocket Boots,Engineering,trainer,210,wh:learn,245,db2,265,db2,255,210,245,255,265,210,trainer,False
12906,Gnomish Battle Chicken,Engineering,trainer,230,wh:learn,250,db2,270,db2,260,230,250,260,270,230,trainer,False
12907,Gnomish Mind Control Cap,Engineering,trainer,235,wh:learn,255,db2,275,db2,265,235,255,265,275,235,trainer,False
12908,Goblin Dragon Gun,Engineering,trainer,240,wh:learn,260,db2,280,db2,270,240,260,270,280,240,trainer,False
13240,The Mortar: Reloaded,Engineering,special,205,wh:learn,,wh,205,wh,,0,0,0,205,205,,False
15255,Mechanical Repair Kit,Engineering,trainer,200,wh:learn,200,db2,240,db2,220,200,200,220,240,200,trainer,False
15628,Pet Bombling,Engineering,item,205,db2:item-req,205,db2,205,db2,205,205,205,205,205,205,quest,False
15633,Lil' Smoky,Engineering,item,205,db2:item-req,205,db2,205,db2,205,205,205,205,205,205,quest,False
19567,Salt Shaker,Engineering,trainer,250,wh:learn,270,db2,290,db2,280,250,270,280,290,250,trainer,False
19788,Dense Blasting Powder,Engineering,trainer,250,wh:learn,250,db2,260,db2,255,250,250,255,260,250,trainer,False
19790,Thorium Grenade,Engineering,item,260,db2:item-req,280,db2,300,db2,290,260,280,290,300,260,world+trainer,False
19791,Thorium Widget,Engineering,item,260,db2:item-req,280,db2,300,db2,290,260,280,290,300,260,world+trainer,False
19792,Thorium Rifle,Engineering,item,260,db2:item-req,280,db2,300,db2,290,260,280,290,300,260,quest+trainer,False
19793,Lifelike Mechanical Toad,Engineering,item,265,db2:item-req,285,db2,305,db2,295,265,285,295,305,265,quest,False
19794,Spellpower Goggles Xtreme Plus,Engineering,item,270,db2:item-req,290,db2,310,db2,300,270,290,300,310,270,quest+trainer,False
19795,Thorium Tube,Engineering,item,275,db2:item-req,295,db2,315,db2,305,275,295,305,315,275,world+trainer,False
19796,Dark Iron Rifle,Engineering,item,275,db2:item-req,295,db2,315,db2,305,275,295,305,315,275,quest,False
19799,Dark Iron Bomb,Engineering,item,285,db2:item-req,305,db2,325,db2,315,285,305,315,325,285,quest,False
19814,Masterwork Target Dummy,Engineering,item,275,db2:item-req,295,db2,315,db2,305,275,295,305,315,275,world,False
19815,Delicate Arcanite Converter,Engineering,item,285,db2:item-req,305,db2,325,db2,315,285,305,315,325,285,world,False
19819,Voice Amplification Modulator,Engineering,item,290,db2:item-req,310,db2,330,db2,320,290,310,320,330,290,quest,False
19825,Master Engineer's Goggles,Engineering,item,290,db2:item-req,310,db2,330,db2,320,290,310,320,330,290,quest+trainer,False
19830,Arcanite Dragonling,Engineering,item,300,db2:item-req,320,db2,340,db2,330,300,320,330,340,300,quest+world,False
19831,Arcane Bomb,Engineering,item,300,db2:item-req,320,db2,340,db2,330,300,320,330,340,300,quest,False
19833,Flawless Arcanite Rifle,Engineering,item,300,db2:item-req,320,db2,340,db2,330,300,320,330,340,300,quest,False
21940,Snowmaster 9000,Engineering,item,190,db2:item-req,190,db2,230,db2,210,190,190,210,230,190,quest,False
22704,Field Repair Bot 74A,Engineering,item,300,db2:item-req,320,db2,340,db2,330,300,320,330,340,300,,False
22793,Biznicks 247x128 Accurascope,Engineering,item,300,db2:item-req,320,db2,340,db2,330,300,320,330,340,300,quest,False
22795,Core Marksman Rifle,Engineering,item,300,db2:item-req,320,db2,340,db2,330,300,320,330,340,300,quest,False
22797,Force Reactive Disk,Engineering,item,300,db2:item-req,320,db2,340,db2,330,300,320,330,340,300,quest,False
23066,Red Firework,Engineering,item,150,db2:item-req,150,db2,175,db2,162,150,150,162,175,150,world,False
23067,Blue Firework,Engineering,item,150,db2:item-req,150,db2,175,db2,162,150,150,162,175,150,world,False
23068,Green Firework,Engineering,item,150,db2:item-req,150,db2,175,db2,162,150,150,162,175,150,world,False
23069,EZ-Thro Dynamite II,Engineering,item,200,db2:item-req,200,db2,220,db2,210,200,200,210,220,200,world,False
23070,Dense Dynamite,Engineering,trainer,250,wh:learn,250,db2,270,db2,260,250,250,260,270,250,trainer,False
23071,Truesilver Transformer,Engineering,item,260,db2:item-req,270,db2,280,db2,275,260,270,275,280,260,world+trainer,False
23077,Gyrofreeze Ice Reflector,Engineering,item,260,db2:item-req,280,db2,300,db2,290,260,280,290,300,260,world,False
23078,Goblin Jumper Cables XL,Engineering,item,265,db2:item-req,285,db2,305,db2,295,265,285,295,305,265,quest,False
23079,Major Recombobulator,Engineering,item,275,db2:item-req,285,db2,295,db2,290,275,285,290,295,275,quest,False
23080,Powerful Seaforium Charge,Engineering,item,275,db2:item-req,275,db2,295,db2,285,275,275,285,295,275,world,False
23081,Hyper-Radiant Flame Reflector,Engineering,item,290,db2:item-req,310,db2,330,db2,320,290,310,320,330,290,quest,False
23082,Ultra-Flash Shadow Reflector,Engineering,item,300,db2:item-req,320,db2,340,db2,330,300,320,330,340,300,quest,False
23096,Gnomish Alarm-o-Bot,Engineering,item,265,db2:item-req,275,db2,285,db2,280,265,275,280,285,265,quest,False
23129,World Enlarger,Engineering,item,260,db2:item-req,260,db2,270,db2,265,260,260,265,270,260,quest,False
23486,Dimensional Ripper - Everlook,Engineering,special,285,wh:learn,285,db2,305,db2,295,0,285,295,305,285,,False
23489,Ultrasafe Transporter - Gadgetzan,Engineering,special,285,wh:learn,285,db2,305,db2,295,0,285,295,305,285,,False
23507,Snake Burst Firework,Engineering,item,250,db2:item-req,250,db2,270,db2,260,250,250,260,270,250,world,False
24356,Bloodvine Goggles,Engineering,item,300,db2:item-req,320,db2,340,db2,330,300,320,330,340,300,world,False
24357,Bloodvine Lens,Engineering,item,300,db2:item-req,320,db2,340,db2,330,300,320,330,340,300,world,False
26011,Tranquil Mechanical Yeti,Engineering,special,250,wh:learn,320,db2,340,db2,330,250,320,330,340,250,,False
26416,Small Blue Rocket,Engineering,item,125,db2:item-req,125,db2,150,db2,137,125,125,137,150,125,quest,False
26417,Small Green Rocket,Engineering,item,125,db2:item-req,125,db2,150,db2,137,125,125,137,150,125,quest,False
26418,Small Red Rocket,Engineering,item,125,db2:item-req,125,db2,150,db2,137,125,125,137,150,125,quest,False
26420,Large Blue Rocket,Engineering,item,175,db2:item-req,175,db2,200,db2,187,175,175,187,200,175,quest,False
26421,Large Green Rocket,Engineering,item,175,db2:item-req,175,db2,200,db2,187,175,175,187,200,175,quest,False
26422,Large Red Rocket,Engineering,item,175,db2:item-req,175,db2,200,db2,187,175,175,187,200,175,quest,False
26423,Blue Rocket Cluster,Engineering,item,225,db2:item-req,225,db2,250,db2,237,225,225,237,250,225,quest,False
26424,Green Rocket Cluster,Engineering,item,225,db2:item-req,225,db2,250,db2,237,225,225,237,250,225,quest,False
26425,Red Rocket Cluster,Engineering,item,225,db2:item-req,225,db2,250,db2,237,225,225,237,250,225,quest,False
26426,Large Blue Rocket Cluster,Engineering,item,275,db2:item-req,275,db2,285,db2,280,275,275,280,285,275,quest,False
26427,Large Green Rocket Cluster,Engineering,item,275,db2:item-req,275,db2,285,db2,280,275,275,280,285,275,quest,False
26428,Large Red Rocket Cluster,Engineering,item,275,db2:item-req,275,db2,285,db2,280,275,275,280,285,275,quest,False
26442,Firework Launcher,Engineering,item,225,db2:item-req,245,db2,265,db2,255,225,245,255,265,225,vendor+world,False
26443,Cluster Launcher,Engineering,item,275,db2:item-req,295,db2,315,db2,305,275,295,305,315,275,vendor+world,False
28327,Steam Tonk Controller,Engineering,item,275,db2:item-req,275,db2,285,db2,280,275,275,280,285,275,vendor+world,False
30303,Elemental Blasting Powder,Engineering,trainer,300,wh:learn,300,db2,320,db2,310,300,300,310,320,300,trainer,False
30304,Fel Iron Casing,Engineering,trainer,300,wh:learn,300,db2,320,db2,310,300,300,310,320,300,trainer,False
30305,Handful of Fel Iron Bolts,Engineering,trainer,300,wh:learn,300,db2,310,db2,305,300,300,305,310,300,trainer,False
30306,Adamantite Frame,Engineering,trainer,325,wh:learn,325,db2,335,db2,330,325,325,330,335,325,trainer,False
30307,Hardened Adamantite Tube,Engineering,trainer,340,wh:learn,350,db2,370,db2,360,340,350,360,370,340,trainer,False
30308,Khorium Power Core,Engineering,trainer,340,wh:learn,350,db2,370,db2,360,340,350,360,370,340,trainer,False
30309,Felsteel Stabilizer,Engineering,trainer,340,wh:learn,350,db2,370,db2,360,340,350,360,370,340,trainer,False
30310,Fel Iron Bomb,Engineering,trainer,300,wh:learn,320,db2,340,db2,330,300,320,330,340,300,trainer,False
30311,Adamantite Grenade,Engineering,trainer,325,wh:learn,335,db2,355,db2,345,325,335,345,355,325,trainer,False
30312,Fel Iron Musket,Engineering,trainer,320,wh:learn,330,db2,350,db2,340,320,330,340,350,320,trainer,False
30313,Adamantite Rifle,Engineering,item,350,db2:item-req,360,db2,380,db2,370,350,360,370,380,350,world,False
30314,Felsteel Boomstick,Engineering,item,360,db2:item-req,370,db2,390,db2,380,360,370,380,390,360,quest,False
30315,Ornate Khorium Rifle,Engineering,item,375,db2:item-req,385,db2,405,db2,395,375,385,395,405,375,quest,False
30316,Cogspinner Goggles,Engineering,item,340,db2:item-req,350,db2,370,db2,360,340,350,360,370,340,world,False
30317,Power Amplification Goggles,Engineering,item,340,db2:item-req,350,db2,370,db2,360,340,350,360,370,340,quest,False
30318,Ultra-Spectropic Detection Goggles,Engineering,item,350,db2:item-req,360,db2,380,db2,370,350,360,370,380,350,world,False
30325,Hyper-Vision Goggles,Engineering,item,360,db2:item-req,370,db2,390,db2,380,360,370,380,390,360,quest,False
30329,Adamantite Scope,Engineering,item,335,db2:item-req,345,db2,365,db2,355,335,345,355,365,335,world,False
30332,Khorium Scope,Engineering,item,360,db2:item-req,370,db2,390,db2,380,360,370,380,390,360,quest,False
30334,Stabilized Eternium Scope,Engineering,item,375,db2:item-req,385,db2,405,db2,395,375,385,395,405,375,quest,False
30337,Crashin' Thrashin' Robot,Engineering,item,325,db2:item-req,335,db2,355,db2,345,325,335,345,355,325,quest,False
30341,White Smoke Flare,Engineering,item,335,db2:item-req,335,db2,355,db2,345,335,335,345,355,335,world,False
30342,Red Smoke Flare,Engineering,item,335,db2:item-req,335,db2,355,db2,345,,,,,,,False
30343,Blue Smoke Flare,Engineering,item,335,db2:item-req,335,db2,355,db2,345,,,,,,,False
30344,Green Smoke Flare,Engineering,item,335,db2:item-req,335,db2,355,db2,345,335,335,345,355,335,world,False
30348,Fel Iron Toolbox,Engineering,item,325,db2:item-req,325,db2,345,db2,335,325,325,335,345,325,world,False
30349,Titanium Toolbox,Engineering,item,405,db2:item-req,425,db2,440,db2,432,405,425,432,440,405,world,False
30547,Elemental Seaforium Charge,Engineering,item,350,db2:item-req,350,db2,360,db2,355,350,350,355,360,350,world,False
30548,Zapthrottle Mote Extractor,Engineering,item,305,db2:item-req,305,db2,325,db2,315,305,305,315,325,305,vendor,False
30549,Critter Enlarger,Engineering,item,325,db2:item-req,325,db2,345,db2,335,,,,,,,False
30551,Healing Potion Injector,Engineering,item,330,db2:item-req,330,db2,350,db2,340,330,330,340,350,330,quest,False
30552,Mana Potion Injector,Engineering,item,345,db2:item-req,345,db2,365,db2,355,345,345,355,365,345,quest,False
30556,Rocket Boots Xtreme,Engineering,item,355,db2:item-req,365,db2,385,db2,375,355,365,375,385,355,quest,False
30558,The Bigger One,Engineering,trainer,325,wh:learn,325,db2,345,db2,335,325,325,335,345,325,trainer,False
30560,Super Sapper Charge,Engineering,trainer,340,wh:learn,340,db2,360,db2,350,340,340,350,360,340,trainer,False
30561,Goblin Tonk Controller,Engineering,unobtainable,,,325,,335,,,,,,,,,False
30563,Goblin Rocket Launcher,Engineering,trainer,350,wh:learn,360,db2,380,db2,370,350,360,370,380,350,trainer,False
30565,Foreman's Enchanted Helmet,Engineering,trainer,375,wh:learn,375,db2,395,db2,385,375,375,385,395,375,trainer,False
30566,Foreman's Reinforced Helmet,Engineering,trainer,375,wh:learn,375,db2,395,db2,385,375,375,385,395,375,trainer,False
30568,Gnomish Flame Turret,Engineering,trainer,325,wh:learn,335,db2,355,db2,345,325,335,345,355,325,trainer,False
30569,Gnomish Poultryizer,Engineering,trainer,340,wh:learn,360,db2,380,db2,370,340,360,370,380,340,trainer,False
30570,Nigh-Invulnerability Belt,Engineering,trainer,350,wh:learn,360,db2,380,db2,370,350,360,370,380,350,trainer,False
30573,Gnomish Tonk Controller,Engineering,unobtainable,,,325,,335,,,,,,,,,False
30574,Gnomish Power Goggles,Engineering,trainer,375,wh:learn,375,db2,395,db2,385,375,375,385,395,375,trainer,False
30575,Gnomish Battle Goggles,Engineering,trainer,375,wh:learn,375,db2,395,db2,385,375,375,385,395,375,trainer,False
32814,Purple Smoke Flare,Engineering,item,335,db2:item-req,335,db2,355,db2,345,335,335,345,355,335,quest,False
36954,Dimensional Ripper - Area 52,Engineering,special,350,wh:learn,350,db2,370,db2,360,0,350,360,370,350,,False
36955,Ultrasafe Transporter - Toshley's Station,Engineering,special,350,wh:learn,350,db2,370,db2,360,0,350,360,370,350,,False
39895,Fused Wiring,Engineering,item,275,db2:item-req,275,db2,285,db2,280,275,275,280,285,275,world+trainer,False
39971,Icy Blasting Primers,Engineering,trainer,335,wh:learn,335,db2,345,db2,340,335,335,340,345,335,trainer,False
39973,Frost Grenade,Engineering,trainer,335,wh:learn,345,db2,365,db2,355,335,345,355,365,335,trainer,False
40274,Furious Gizmatic Goggles,Engineering,trainer,350,wh:learn,370,db2,390,db2,380,350,370,380,390,350,trainer,False
41307,Gyro-balanced Khorium Destroyer,Engineering,trainer,375,wh:learn,375,db2,410,db2,392,375,375,392,410,375,trainer,False
41311,Justicebringer 2000 Specs,Engineering,trainer,350,wh:learn,370,db2,390,db2,380,350,370,380,390,350,trainer,False
41312,Tankatronic Goggles,Engineering,trainer,350,wh:learn,370,db2,390,db2,380,350,370,380,390,350,trainer,False
41314,Surestrike Goggles v2.0,Engineering,trainer,350,wh:learn,370,db2,390,db2,380,350,370,380,390,350,trainer,False
41315,Gadgetstorm Goggles,Engineering,trainer,350,wh:learn,370,db2,390,db2,380,350,370,380,390,350,trainer,False
41316,Living Replicator Specs,Engineering,trainer,350,wh:learn,370,db2,390,db2,380,350,370,380,390,350,trainer,False
41317,Deathblow X11 Goggles,Engineering,trainer,350,wh:learn,370,db2,390,db2,380,350,370,380,390,350,trainer,False
41318,Wonderheal XT40 Shades,Engineering,trainer,350,wh:learn,370,db2,390,db2,380,350,370,380,390,350,trainer,False
41319,Magnified Moon Specs,Engineering,trainer,350,wh:learn,370,db2,390,db2,380,350,370,380,390,350,trainer,False
41320,Destruction Holo-gogs,Engineering,trainer,350,wh:learn,370,db2,390,db2,380,350,370,380,390,350,trainer,False
41321,Powerheal 4000 Lens,Engineering,trainer,350,wh:learn,370,db2,390,db2,380,350,370,380,390,350,trainer,False
44155,Flying Machine,Engineering,trainer,300,wh:learn,330,db2,350,db2,340,300,330,340,350,300,trainer,False
44157,Turbo-Charged Flying Machine,Engineering,trainer,375,wh:learn,385,db2,395,db2,390,375,385,390,395,375,trainer,False
44391,Field Repair Bot 110G,Engineering,item,360,db2:item-req,370,db2,390,db2,380,360,370,380,390,360,quest,False
46106,Wonderheal XT68 Shades,Engineering,item,375,db2:item-req,390,db2,430,db2,410,375,390,410,430,375,quest,False
46107,Justicebringer 3000 Specs,Engineering,item,375,db2:item-req,390,db2,430,db2,410,375,390,410,430,375,quest,False
46108,Powerheal 9000 Lens,Engineering,item,375,db2:item-req,390,db2,430,db2,410,375,390,410,430,375,quest,False
46109,Hyper-Magnified Moon Specs,Engineering,item,375,db2:item-req,390,db2,430,db2,410,375,390,410,430,375,quest,False
46110,Primal-Attuned Goggles,Engineering,item,375,db2:item-req,390,db2,430,db2,410,375,390,410,430,375,quest,False
46111,Annihilator Holo-Gogs,Engineering,item,375,db2:item-req,390,db2,430,db2,410,375,390,410,430,375,quest,False
46112,Lightning Etched Specs,Engineering,item,375,db2:item-req,390,db2,430,db2,410,375,390,410,430,375,quest,False
46113,Surestrike Goggles v3.0,Engineering,item,375,db2:item-req,390,db2,430,db2,410,375,390,410,430,375,quest,False
46114,Mayhem Projection Goggles,Engineering,item,375,db2:item-req,390,db2,430,db2,410,375,390,410,430,375,quest,False
46115,Hard Khorium Goggles,Engineering,item,375,db2:item-req,390,db2,430,db2,410,375,390,410,430,375,quest,False
46116,Quad Deathblow X44 Goggles,Engineering,item,375,db2:item-req,390,db2,430,db2,410,375,390,410,430,375,quest,False
46697,Rocket Boots Xtreme Lite,Engineering,item,355,db2:item-req,365,db2,385,db2,375,355,365,375,385,355,quest,False
53281,Volatile Blasting Trigger,Engineering,trainer,350,wh:learn,366,db2,385,db2,375,350,366,375,385,350,trainer,False
54353,"Mark ""S"" Boomstick",Engineering,trainer,400,wh:learn,405,db2,415,db2,410,400,405,410,415,400,trainer,False
54736,EMP Generator,Engineering,trainer,390,wh:learn,390,db2,395,db2,392,390,390,392,395,390,trainer,False
54793,Frag Belt,Engineering,trainer,380,wh:learn,380,db2,385,db2,382,380,380,382,385,380,trainer,False
54998,Hand-Mounted Pyro Rocket,Engineering,trainer,400,wh:learn,400,db2,405,db2,402,400,400,402,405,400,trainer,False
54999,Hyperspeed Accelerators,Engineering,trainer,400,wh:learn,400,db2,405,db2,402,400,400,402,405,400,trainer,False
55002,Flexweave Underlay,Engineering,trainer,380,wh:learn,380,db2,385,db2,382,380,380,382,385,380,trainer,False
55016,Nitro Boosts,Engineering,trainer,405,wh:learn,400,db2,410,db2,405,0,405,405,410,405,trainer,False
55252,Scrapbot Construction Kit,Engineering,special,415,wh:learn,415,db2,420,db2,417,0,415,417,420,415,vendor,False
56349,Handful of Cobalt Bolts,Engineering,trainer,350,wh:learn,360,db2,380,db2,370,350,360,370,380,350,trainer,False
56459,Hammer Pick,Engineering,trainer,375,wh:learn,380,db2,390,db2,385,375,380,385,390,375,trainer,False
56460,Cobalt Frag Bomb,Engineering,trainer,350,wh:learn,375,db2,390,db2,382,350,375,382,390,350,trainer,False
56461,Bladed Pickaxe,Engineering,trainer,375,wh:learn,380,db2,390,db2,385,375,380,385,390,375,trainer,False
56462,Gnomish Army Knife,Engineering,trainer,435,wh:learn,440,db2,450,db2,445,435,440,445,450,435,trainer,False
56463,Explosive Decoy,Engineering,trainer,375,wh:learn,385,db2,395,db2,390,375,385,390,395,375,trainer,False
56464,Overcharged Capacitor,Engineering,trainer,375,wh:learn,380,db2,390,db2,385,375,380,385,390,375,trainer,False
56465,Mechanized Snow Goggles,Engineering,trainer,420,wh:learn,425,db2,440,db2,432,420,425,432,440,420,trainer,False
56466,Sonic Booster,Engineering,trainer,420,wh:learn,435,db2,445,db2,440,420,435,440,445,420,trainer,False
56467,Noise Machine,Engineering,trainer,420,wh:learn,435,db2,445,db2,440,420,435,440,445,420,trainer,False
56468,Box of Bombs,Engineering,trainer,405,wh:learn,410,db2,420,db2,415,405,410,415,420,405,trainer,False
56469,Gnomish Lightning Generator,Engineering,trainer,425,wh:learn,430,db2,440,db2,435,425,430,435,440,425,trainer,False
56470,Sun Scope,Engineering,trainer,425,wh:learn,430,db2,435,db2,432,425,430,432,435,425,trainer,False
56471,Froststeel Tube,Engineering,trainer,390,wh:learn,395,db2,405,db2,400,390,395,400,405,390,trainer,False
56472,MOLL-E,Engineering,trainer,425,wh:learn,430,db2,435,db2,432,425,430,432,435,425,trainer,False
56473,Gnomish X-Ray Specs,Engineering,trainer,425,wh:learn,430,db2,440,db2,435,425,430,435,440,425,trainer,False
56476,Healing Injector Kit,Engineering,trainer,410,wh:learn,415,db2,425,db2,420,410,415,420,425,410,trainer,False
56477,Mana Injector Kit,Engineering,trainer,415,wh:learn,420,db2,430,db2,425,415,420,425,430,415,trainer,False
56478,Heartseeker Scope,Engineering,trainer,430,wh:learn,435,db2,455,db2,445,430,435,445,455,430,trainer,False
56479,Armor Plated Combat Shotgun,Engineering,trainer,450,wh:learn,455,db2,465,db2,460,450,455,460,465,450,trainer,False
56480,Armored Titanium Goggles,Engineering,trainer,440,wh:learn,450,db2,460,db2,455,440,450,455,460,440,trainer,False
56481,Weakness Spectralizers,Engineering,trainer,440,wh:learn,450,db2,460,db2,455,440,450,455,460,440,trainer,False
56483,Charged Titanium Specs,Engineering,trainer,440,wh:learn,450,db2,460,db2,455,440,450,455,460,440,trainer,False
56484,Visage Liquification Goggles,Engineering,trainer,440,wh:learn,450,db2,460,db2,455,440,450,455,460,440,trainer,False
56486,Greensight Gogs,Engineering,trainer,440,wh:learn,450,db2,460,db2,455,440,450,455,460,440,trainer,False
56487,Electroflux Sight Enhancers,Engineering,trainer,440,wh:learn,450,db2,460,db2,455,440,450,455,460,440,trainer,False
56514,Global Thermal Sapper Charge,Engineering,trainer,425,wh:learn,425,db2,435,db2,430,425,425,430,435,425,trainer,False
56574,Truesight Ice Blinders,Engineering,trainer,440,wh:learn,450,db2,460,db2,455,440,450,455,460,440,trainer,False
60866,Mechano-Hog,Engineering,item,450,db2:item-req,480,db2,490,db2,485,450,480,485,490,450,world,False
60867,Mekgineer's Chopper,Engineering,item,450,db2:item-req,480,db2,490,db2,485,450,480,485,490,450,world,False
60874,Nesingwary 4000,Engineering,trainer,450,wh:learn,455,db2,465,db2,460,450,455,460,465,450,trainer,False
61471,Diamond-cut Refractor Scope,Engineering,trainer,390,wh:learn,400,db2,415,db2,407,390,400,407,415,390,trainer,False
61481,Mechanized Snow Goggles,Engineering,trainer,420,wh:learn,425,db2,440,db2,432,420,425,432,440,420,trainer,False
61482,Mechanized Snow Goggles,Engineering,trainer,420,wh:learn,425,db2,440,db2,432,420,425,432,440,420,trainer,False
61483,Mechanized Snow Goggles,Engineering,trainer,420,wh:learn,425,db2,440,db2,432,420,425,432,440,420,trainer,False
62271,Unbreakable Healing Amplifiers,Engineering,trainer,440,wh:learn,450,db2,460,db2,455,440,450,455,460,440,trainer,False
63750,High-powered Flashlight,Engineering,trainer,250,wh:learn,270,db2,290,db2,280,250,270,280,290,250,trainer,False
63770,Reticulated Armor Webbing,Engineering,trainer,400,wh:learn,400,db2,405,db2,402,400,400,402,405,400,trainer,False
67326,Goblin Beam Welder,Engineering,trainer,410,wh:learn,415,db2,425,db2,420,410,415,420,425,410,trainer,False
67839,Mind Amplification Dish,Engineering,trainer,410,wh:learn,410,db2,420,db2,415,410,410,415,420,410,trainer,False
67920,Wormhole Generator: Northrend,Engineering,trainer,435,wh:learn,450,db2,460,db2,455,435,450,455,460,435,trainer,False
68067,Jeeves,Engineering,item,450,db2:item-req,480,db2,490,db2,485,450,480,485,490,450,quest+instance,False
81714,Reinforced Bio-Optic Killshades,Engineering,trainer,525,wh:learn,525,db2,535,db2,530,525,525,530,535,525,trainer,True
81715,Specialized Bio-Optic Killshades,Engineering,trainer,525,wh:learn,525,db2,535,db2,530,525,525,530,535,525,trainer,True
81716,Deadly Bio-Optic Killshades,Engineering,trainer,525,wh:learn,525,db2,535,db2,530,525,525,530,535,525,trainer,True
81720,Energized Bio-Optic Killshades,Engineering,trainer,525,wh:learn,525,db2,535,db2,530,525,525,530,535,525,trainer,True
81722,Agile Bio-Optic Killshades,Engineering,trainer,525,wh:learn,525,db2,535,db2,530,525,525,530,535,525,trainer,True
81724,Camouflage Bio-Optic Killshades,Engineering,trainer,525,wh:learn,525,db2,535,db2,530,525,525,530,535,525,trainer,True
81725,Lightweight Bio-Optic Killshades,Engineering,trainer,525,wh:learn,525,db2,535,db2,530,525,525,530,535,525,trainer,True
82175,Synapse Springs,Engineering,ranked,425,wh:learn,425,db2,450,db2,437,0,425,437,450,425,,False
82177,Quickflip Deflection Plates,Engineering,discovery?,425,wh:learn,425,db2,450,db2,437,0,425,437,450,425,,False
82180,Tazik Shocker,Engineering,discovery?,425,wh:learn,425,db2,450,db2,437,0,425,437,450,425,,False
82200,Spinal Healing Injector,Engineering,discovery?,425,wh:learn,425,db2,450,db2,437,0,425,437,450,425,,False
84403,Handful of Obsidium Bolts,Engineering,trainer,425,wh:learn,435,db2,450,db2,442,425,435,442,450,425,trainer,True
84406,Authentic Jr. Engineer Goggles,Engineering,trainer,440,wh:learn,455,db2,460,db2,457,440,455,457,460,440,trainer,True
84408,R19 Threatfinder,Engineering,trainer,450,wh:learn,470,db2,475,db2,472,450,470,472,475,450,trainer,True
84409,Volatile Seaforium Blastpack,Engineering,trainer,455,wh:learn,460,db2,475,db2,467,455,460,467,475,455,trainer,True
84410,Safety Catch Removal Kit,Engineering,trainer,450,wh:learn,470,db2,475,db2,472,450,470,472,475,450,trainer,True
84411,High-Powered Bolt Gun,Engineering,trainer,465,wh:learn,480,db2,480,db2,480,465,480,480,480,465,trainer,True
84412,Personal World Destroyer,Engineering,trainer,475,wh:learn,495,db2,500,db2,497,475,495,497,500,475,trainer,True
84413,De-Weaponized Mechanical Companion,Engineering,trainer,475,wh:learn,495,db2,500,db2,497,475,495,497,500,475,trainer,True
84415,Lure Master Tackle Box,Engineering,trainer,475,wh:learn,490,db2,495,db2,492,475,490,492,495,475,trainer,True
84416,Elementium Toolbox,Engineering,trainer,475,wh:learn,495,db2,500,db2,497,475,495,497,500,475,trainer,True
84417,Volatile Thunderstick,Engineering,trainer,495,wh:learn,515,db2,520,db2,517,495,515,517,520,495,trainer,True
84418,Elementium Dragonling,Engineering,trainer,475,wh:learn,505,db2,510,db2,507,475,505,507,510,475,trainer,True
84420,Finely-Tuned Throat Needler,Engineering,trainer,490,wh:learn,510,db2,515,db2,512,490,510,512,515,490,trainer,True
84421,Loot-a-Rang,Engineering,trainer,490,wh:learn,495,db2,500,db2,497,490,495,497,500,490,trainer,True
84424,Invisibility Field,Engineering,discovery,425,wh:learn,425,db2,450,db2,437,0,425,437,450,425,,True
84425,Cardboard Assassin,Engineering,discovery,425,wh:learn,425,db2,450,db2,437,0,425,437,450,425,,True
84427,Grounded Plasma Shield,Engineering,discovery,425,wh:learn,425,db2,450,db2,437,0,425,437,450,425,,True
84428,Gnomish X-Ray Scope,Engineering,trainer,515,wh:learn,525,db2,535,db2,530,515,525,530,535,515,trainer,True
84429,Goblin Barbecue,Engineering,trainer,505,wh:learn,490,db2,515,db2,502,0,0,505,515,505,trainer,True
84430,Heat-Treated Spinning Lure,Engineering,trainer,510,wh:learn,500,db2,540,db2,520,0,510,520,540,510,trainer,True
84431,Overpowered Chicken Splitter,Engineering,trainer,525,wh:learn,525,db2,535,db2,530,525,525,530,535,525,trainer,True
84432,Kickback 5000,Engineering,trainer,525,wh:learn,525,db2,525,db2,525,525,525,525,525,525,trainer,True
94748,Electrified Ether,Engineering,trainer,445,wh:learn,455,db2,465,db2,460,445,455,460,465,445,trainer,True
95703,Electrostatic Condenser,Engineering,trainer,440,wh:learn,450,db2,455,db2,452,440,450,452,455,440,trainer,True
95705,Gnomish Gravity Well,Engineering,trainer,500,wh:learn,505,db2,505,db2,505,500,505,505,505,500,trainer,True
95707,Big Daddy,Engineering,trainer,500,wh:learn,505,db2,510,db2,507,500,505,507,510,500,trainer,True
100587,Flintlocke's Woodchucker,Engineering,item,515,db2:item-req,525,db2,535,db2,530,515,525,530,535,515,world,False
100687,Extreme-Impact Hole Puncher,Engineering,item,525,db2:item-req,525,db2,525,db2,525,525,525,525,525,525,world,True
108789,Phase Fingers,Engineering,trainer,550,wh:learn,550,db2,550,db2,550,550,550,550,550,550,trainer,False
109077,Incendiary Fireworks Launcher,Engineering,trainer,550,wh:learn,550,db2,550,db2,550,550,550,550,550,550,trainer,False
109099,Watergliding Jets,Engineering,item,525,db2:item-req,550,db2,550,db2,550,550,550,550,550,550,trainer,False
126392,Goblin Glider,Engineering,trainer,550,wh:learn,550,db2,550,db2,550,550,550,550,550,550,trainer,False
126731,Synapse Springs,Engineering,trainer,550,wh:learn,550,db2,550,db2,550,550,550,550,550,550,trainer,False
127113,Ghost Iron Bolts,Engineering,trainer,500,wh:learn,525,db2,550,db2,537,500,525,537,550,500,trainer,True
127114,High-Explosive Gunpowder,Engineering,trainer,500,wh:learn,525,db2,550,db2,537,500,525,537,550,500,trainer,True
127115,Lord Blastington's Scope of Doom,Engineering,item,525,db2:item-req,600,db2,600,db2,600,560,600,600,600,560,trainer,True
127116,Mirror Scope,Engineering,item,525,db2:item-req,575,db2,600,db2,587,525,575,587,600,525,trainer,True
127117,Lightweight Retinal Armor,Engineering,item,525,db2:item-req,605,db2,615,db2,610,600,605,610,615,600,trainer,True
127118,Agile Retinal Armor,Engineering,item,525,db2:item-req,605,db2,615,db2,610,600,605,610,615,600,trainer,True
127119,Camouflage Retinal Armor,Engineering,item,525,db2:item-req,605,db2,615,db2,610,600,605,610,615,600,trainer,True
127120,Deadly Retinal Armor,Engineering,item,525,db2:item-req,605,db2,615,db2,610,600,605,610,615,600,trainer,True
127121,Energized Retinal Armor,Engineering,item,525,db2:item-req,605,db2,615,db2,610,600,605,610,615,600,trainer,True
127122,Specialized Retinal Armor,Engineering,item,525,db2:item-req,605,db2,615,db2,610,525,605,610,615,525,,True
127123,Reinforced Retinal Armor,Engineering,item,525,db2:item-req,605,db2,615,db2,610,600,605,610,615,600,trainer,True
127124,Locksmith's Powderkeg,Engineering,item,500,wh:learn<item,520,db2,530,db2,525,500,520,525,530,500,trainer,True
127127,G91 Landshark,Engineering,item,525,db2:item-req,550,db2,575,db2,562,525,550,562,575,525,trainer,True
127128,"Goblin Dragon Gun, Mark II",Engineering,item,525,db2:item-req,565,db2,575,db2,570,550,565,570,575,550,trainer,True
127129,Blingtron 4000,Engineering,item,600,db2:item-req,605,db2,615,db2,610,600,605,610,615,600,trainer,True
127130,Mist-Piercing Goggles,Engineering,item,525,db2:item-req,600,db2,615,db2,607,525,600,607,615,525,trainer,True
127131,Thermal Anvil,Engineering,item,525,db2:item-req,575,db2,615,db2,595,550,575,595,615,550,trainer,True
127132,Wormhole Generator: Pandaria,Engineering,item,525,db2:item-req,600,db2,600,db2,600,570,600,600,600,570,trainer,True
127134,Ghost Iron Dragonling,Engineering,item,525,db2:item-req,575,db2,600,db2,587,550,575,587,600,550,trainer,True
127135,Mechanical Pandaren Dragonling,Engineering,item,525,db2:item-req,600,db2,600,db2,600,575,600,600,600,575,trainer,True
127136,Big Game Hunter,Engineering,item,525,db2:item-req,565,db2,575,db2,570,525,565,570,575,525,trainer,True
127137,Long-Range Trillium Sniper,Engineering,item,525,db2:item-req,605,db2,605,db2,605,565,605,605,605,565,trainer,True
127138,Depleted-Kyparium Rocket,Engineering,item,600,db2:item-req,605,db2,615,db2,610,600,605,610,615,600,trainer,True
127139,Geosynchronous World Spinner,Engineering,item,600,db2:item-req,605,db2,615,db2,610,600,605,610,615,600,trainer,True
128260,Celestial Firework,Engineering,item,500,db2:item-req,525,db2,550,db2,537,500,525,537,550,500,quest,True
128261,Grand Celebration Firework,Engineering,item,500,db2:item-req,525,db2,550,db2,537,500,525,537,550,500,quest,True
128262,Serpent's Heart Firework,Engineering,item,500,db2:item-req,525,db2,550,db2,537,500,525,537,550,500,quest,True
131211,Flashing Tinker's Gear,Engineering,trainer,550,wh:learn,535,db2,560,db2,547,0,0,550,560,550,trainer,True
131212,Fractured Tinker's Gear,Engineering,trainer,550,wh:learn,535,db2,560,db2,547,0,0,550,560,550,trainer,True
131213,Precise Tinker's Gear,Engineering,trainer,550,wh:learn,535,db2,560,db2,547,0,0,550,560,550,trainer,True
131214,Quick Tinker's Gear,Engineering,trainer,550,wh:learn,535,db2,560,db2,547,0,0,550,560,550,trainer,True
131215,Rigid Tinker's Gear,Engineering,trainer,550,wh:learn,535,db2,560,db2,547,0,0,550,560,550,trainer,True
131216,Smooth Tinker's Gear,Engineering,trainer,550,wh:learn,535,db2,560,db2,547,0,0,550,560,550,trainer,True
131217,Sparkling Tinker's Gear,Engineering,trainer,550,wh:learn,535,db2,560,db2,547,0,0,550,560,550,trainer,True
131218,Subtle Tinker's Gear,Engineering,trainer,550,wh:learn,535,db2,560,db2,547,0,0,550,560,550,trainer,True
131256,Autumn Flower Firework,Engineering,item,500,db2:item-req,525,db2,550,db2,537,500,525,537,550,500,quest,True
131258,Jade Blossom Firework,Engineering,item,500,db2:item-req,525,db2,550,db2,537,500,525,537,550,500,quest,True
131353,Pandaria Fireworks,Engineering,trainer,500,wh:learn,525,db2,550,db2,537,500,525,537,550,500,trainer,False
131563,Tinker's Kit,Engineering,trainer,550,wh:learn,575,db2,585,db2,580,550,575,580,585,550,trainer,True
139176,Jard's Peculiar Energy Source,Engineering,item,600,db2:item-req,605,db2,615,db2,610,600,605,610,615,600,,False
139192,Sky Golem,Engineering,item,600,db2:item-req,605,db2,615,db2,610,600,605,610,615,600,,False
139196,Pierre,Engineering,item,600,db2:item-req,605,db2,615,db2,610,600,605,610,615,600,,False
139197,Advanced Refrigeration Unit,Engineering,item,600,db2:item-req,600,db2,605,db2,602,600,600,602,605,600,,False
143714,Rascal-Bot,Engineering,item,600,db2:item-req,605,db2,615,db2,610,600,605,610,615,600,,False
3275,Linen Bandage,First Aid,auto,1,wh:grant,40,db2,60,db2,50,1,40,50,60,1,,False
3276,Heavy Linen Bandage,First Aid,auto,40,db2:minskill,80,db2,100,db2,90,40,80,90,100,40,trainer,False
3277,Wool Bandage,First Aid,auto,80,db2:minskill,115,db2,150,db2,132,80,115,132,150,80,trainer,False
3278,Heavy Wool Bandage,First Aid,auto,115,db2:minskill,150,db2,185,db2,167,115,150,167,185,115,trainer,False
7928,Silk Bandage,First Aid,auto,150,db2:minskill,180,db2,210,db2,195,150,180,195,210,150,trainer,False
7929,Heavy Silk Bandage,First Aid,item,180,db2:item-req,210,db2,240,db2,225,180,210,225,240,180,world+trainer,False
7934,Anti-Venom,First Aid,auto,80,db2:minskill,80,db2,150,db2,115,80,80,115,150,80,trainer,False
7935,Strong Anti-Venom,First Aid,item,130,db2:item-req,130,db2,200,db2,165,130,130,165,200,130,quest,False
10840,Mageweave Bandage,First Aid,item,210,db2:item-req,240,db2,250,db2,245,210,240,245,250,210,world+trainer,False
10841,Heavy Mageweave Bandage,First Aid,special,240,wh:learn,260,db2,275,db2,267,240,260,267,275,240,trainer,False
18629,Runecloth Bandage,First Aid,special,260,wh:learn,290,db2,320,db2,305,260,290,305,320,260,trainer,False
18630,Heavy Runecloth Bandage,First Aid,special,290,wh:learn,300,db2,350,db2,325,290,300,325,350,290,trainer,False
23787,Powerful Anti-Venom,First Aid,item,300,db2:item-req,300,db2,360,db2,330,300,300,330,360,300,world,False
27032,Netherweave Bandage,First Aid,item,300,wh:learn<item,330,db2,365,db2,347,300,330,347,365,300,world+trainer,False
27033,Heavy Netherweave Bandage,First Aid,item,330,wh:learn<item,350,db2,375,db2,362,330,350,362,375,330,world+trainer,False
45545,Frostweave Bandage,First Aid,trainer,350,wh:learn,390,db2,410,db2,400,350,390,400,410,350,trainer,False
45546,Heavy Frostweave Bandage,First Aid,item,400,db2:item-req,425,db2,470,db2,447,400,425,447,470,400,quest+trainer,False
74556,Embersilk Bandage,First Aid,trainer,425,wh:learn,475,db2,485,db2,480,425,475,480,485,425,trainer,False
74557,Heavy Embersilk Bandage,First Aid,trainer,475,wh:learn,500,db2,535,db2,517,475,500,517,535,475,trainer,False
74558,Field Bandage: Dense Embersilk,First Aid,trainer,525,wh:learn,525,db2,535,db2,530,525,525,530,535,525,trainer,False
88893,Dense Embersilk Bandage,First Aid,trainer,525,wh:learn,525,db2,535,db2,530,525,525,530,535,525,trainer,False
102697,Windwool Bandage,First Aid,trainer,500,wh:learn,550,db2,560,db2,555,500,550,555,560,500,trainer,False
102698,Heavy Windwool Bandage,First Aid,trainer,550,wh:learn,600,db2,610,db2,605,550,600,605,610,550,trainer,False
102699,Heavy Windwool Bandage,First Aid,auto,600,db2:minskill,605,db2,615,db2,610,600,605,610,615,600,,False
45382,Scroll of Stamina,Inscription,auto,1,rule:orange1,35,db2,45,db2,40,0,35,40,45,35,,False
48114,Scroll of Intellect,Inscription,auto,1,rule:orange1,35,db2,45,db2,40,0,35,40,45,35,,False
48116,Scroll of Spirit,Inscription,auto,1,rule:orange1,35,db2,45,db2,40,0,35,40,45,35,,False
48121,Glyph of Entangling Roots,Inscription,trainer,100,wh:learn,105,db2,115,db2,110,100,105,110,115,100,trainer,False
48247,Mysterious Tarot,Inscription,trainer,85,wh:learn,125,db2,150,db2,137,85,125,137,150,85,trainer,False
48248,Scroll of Recall,Inscription,trainer,35,wh:learn,60,db2,75,db2,67,35,60,67,75,35,trainer,False
50598,Scroll of Intellect II,Inscription,trainer,75,wh:learn,75,db2,85,db2,80,75,75,80,85,75,trainer,False
50599,Scroll of Intellect III,Inscription,trainer,165,wh:learn,170,db2,180,db2,175,165,170,175,180,165,trainer,False
50600,Scroll of Intellect IV,Inscription,trainer,215,wh:learn,220,db2,230,db2,225,215,220,225,230,215,trainer,False
50601,Scroll of Intellect V,Inscription,trainer,260,wh:learn,265,db2,275,db2,270,260,265,270,275,260,trainer,False
50602,Scroll of Intellect VI,Inscription,trainer,300,wh:learn,310,db2,320,db2,315,300,310,315,320,300,trainer,False
50603,Scroll of Intellect VII,Inscription,trainer,360,wh:learn,365,db2,375,db2,370,360,365,370,375,360,trainer,False
50604,Scroll of Intellect VIII,Inscription,trainer,410,wh:learn,415,db2,425,db2,420,410,415,420,425,410,trainer,False
50605,Scroll of Spirit II,Inscription,trainer,75,wh:learn,75,db2,85,db2,80,75,75,80,85,75,trainer,False
50606,Scroll of Spirit III,Inscription,trainer,160,wh:learn,165,db2,175,db2,170,160,165,170,175,160,trainer,False
50607,Scroll of Spirit IV,Inscription,trainer,210,wh:learn,215,db2,225,db2,220,210,215,220,225,210,trainer,False
50608,Scroll of Spirit V,Inscription,trainer,255,wh:learn,260,db2,270,db2,265,255,260,265,270,255,trainer,False
50609,Scroll of Spirit VI,Inscription,trainer,295,wh:learn,305,db2,315,db2,310,295,305,310,315,295,trainer,False
50610,Scroll of Spirit VII,Inscription,trainer,355,wh:learn,360,db2,370,db2,365,355,360,365,370,355,trainer,False
50611,Scroll of Spirit VIII,Inscription,trainer,405,wh:learn,410,db2,420,db2,415,405,410,415,420,405,trainer,False
50612,Scroll of Stamina II,Inscription,trainer,75,wh:learn,75,db2,85,db2,80,75,75,80,85,75,trainer,False
50614,Scroll of Stamina III,Inscription,trainer,155,wh:learn,160,db2,170,db2,165,155,160,165,170,155,trainer,False
50616,Scroll of Stamina IV,Inscription,trainer,205,wh:learn,210,db2,220,db2,215,205,210,215,220,205,trainer,False
50617,Scroll of Stamina V,Inscription,trainer,250,wh:learn,255,db2,265,db2,260,250,255,260,265,250,trainer,False
50618,Scroll of Stamina VI,Inscription,trainer,290,wh:learn,300,db2,310,db2,305,290,300,305,310,290,trainer,False
50619,Scroll of Stamina VII,Inscription,trainer,350,wh:learn,355,db2,365,db2,360,350,355,360,365,350,trainer,False
50620,Scroll of Stamina VIII,Inscription,trainer,400,wh:learn,405,db2,415,db2,410,400,405,410,415,400,trainer,False
52738,Ivory Ink,Inscription,auto,1,rule:orange1,15,db2,30,db2,22,0,15,22,30,15,,False
52739,Enchanting Vellum,Inscription,trainer,35,wh:learn,75,db2,100,db2,87,35,75,87,100,35,trainer,False
52843,Moonglow Ink,Inscription,trainer,35,wh:learn,45,db2,75,db2,60,35,45,60,75,35,trainer,False
53462,Midnight Ink,Inscription,trainer,75,wh:learn,75,db2,80,db2,77,75,75,77,80,75,trainer,False
56943,Glyph of Frenzied Regeneration,Inscription,trainer,350,wh:learn,355,db2,365,db2,360,350,355,360,365,350,trainer,False
56944,Glyph of Omens,Inscription,discovery,385,wh:learn,390,db2,405,db2,397,385,390,397,405,385,discovery,False
56945,Glyph of Healing Touch,Inscription,trainer,115,wh:learn,120,db2,130,db2,125,115,120,125,130,115,trainer,False
56946,Glyph of Hurricane,Inscription,discovery,385,wh:learn,390,db2,405,db2,397,385,390,397,405,385,discovery,False
56947,Glyph of Innervate,Inscription,discovery,385,wh:learn,390,db2,405,db2,397,385,390,397,405,385,discovery,False
56948,Glyph of the Orca,Inscription,trainer,150,wh:learn,155,db2,165,db2,160,150,155,160,165,150,trainer,False
56949,Glyph of Efflorescence,Inscription,discovery,385,wh:learn,390,db2,405,db2,397,385,390,397,405,385,discovery,False
56950,Glyph of the Stag,Inscription,discovery,385,wh:learn,390,db2,405,db2,397,385,390,397,405,385,discovery,False
56951,Glyph of Savagery,Inscription,trainer,130,wh:learn,135,db2,145,db2,140,130,135,140,145,130,trainer,False
56952,Glyph of Pounce,Inscription,trainer,310,wh:learn,315,db2,325,db2,320,310,315,320,325,310,trainer,False
56953,Glyph of Rebirth,Inscription,trainer,170,wh:learn,175,db2,185,db2,180,170,175,180,185,170,trainer,False
56954,Glyph of Regrowth,Inscription,discovery,385,wh:learn,390,db2,405,db2,397,385,390,397,405,385,discovery,False
56955,Glyph of Rejuvenation,Inscription,trainer,80,wh:learn,90,db2,110,db2,100,80,90,100,110,80,trainer,False
56956,Glyph of Prowl,Inscription,trainer,200,wh:learn,205,db2,215,db2,210,200,205,210,215,200,trainer,False
56957,Glyph of Shred,Inscription,trainer,260,wh:learn,265,db2,275,db2,270,260,265,270,275,260,trainer,False
56958,Glyph of Skull Bash,Inscription,discovery,385,wh:learn,390,db2,405,db2,397,385,390,397,405,385,discovery,False
56959,Glyph of Guided Stars,Inscription,trainer,220,wh:learn,225,db2,235,db2,230,220,225,230,235,220,trainer,False
56960,Glyph of Stampede,Inscription,discovery,385,wh:learn,390,db2,405,db2,397,385,390,397,405,385,discovery,False
56961,Glyph of Maul,Inscription,trainer,90,wh:learn,100,db2,120,db2,110,90,100,110,120,90,trainer,False
56963,Glyph of Nature's Grasp,Inscription,trainer,85,wh:learn,95,db2,115,db2,105,85,95,105,115,85,trainer,False
56965,Glyph of Stars,Inscription,discovery,75,wh:learn,355,db2,365,db2,360,75,355,360,365,75,discovery,False
56971,Glyph of Loose Mana,Inscription,trainer,115,wh:learn,120,db2,130,db2,125,115,120,125,130,115,trainer,False
56972,Glyph of Arcane Explosion,Inscription,trainer,335,wh:learn,340,db2,350,db2,345,335,340,345,350,335,trainer,False
56973,Glyph of Blink,Inscription,trainer,130,wh:learn,135,db2,145,db2,140,130,135,140,145,130,trainer,False
56974,Glyph of Evocation,Inscription,trainer,155,wh:learn,160,db2,170,db2,165,155,160,165,170,155,trainer,False
56975,Glyph of Combustion,Inscription,discovery,385,wh:learn,390,db2,405,db2,397,385,390,397,405,385,discovery,False
56976,Glyph of Frost Nova,Inscription,trainer,80,wh:learn,90,db2,110,db2,100,80,90,100,110,80,trainer,False
56978,Glyph of Momentum,Inscription,trainer,90,wh:learn,100,db2,120,db2,110,90,100,110,120,90,trainer,False
56979,Glyph of Ice Block,Inscription,trainer,225,wh:learn,230,db2,240,db2,235,225,230,235,240,225,trainer,False
56980,Glyph of Splitting Ice,Inscription,trainer,375,wh:learn,380,db2,390,db2,385,375,380,385,390,375,trainer,False
56981,Glyph of Cone of Cold,Inscription,trainer,175,wh:learn,180,db2,190,db2,185,175,180,185,190,175,trainer,False
56983,Glyph of Rapid Displacement,Inscription,discovery,385,wh:learn,390,db2,405,db2,397,385,390,397,405,385,discovery,False
56984,Glyph of Mana Gem,Inscription,trainer,325,wh:learn,330,db2,340,db2,335,325,330,335,340,325,trainer,False
56986,Glyph of Crittermorph,Inscription,discovery,385,wh:learn,390,db2,405,db2,397,385,390,397,405,385,discovery,False
56987,Glyph of Polymorph,Inscription,trainer,400,wh:learn,390,db2,405,db2,397,0,0,400,405,400,trainer,False
56988,Glyph of Icy Veins,Inscription,discovery,385,wh:learn,390,db2,405,db2,397,385,390,397,405,385,discovery,False
56989,Glyph of Spellsteal,Inscription,discovery,385,wh:learn,390,db2,405,db2,397,385,390,397,405,385,discovery,False
56990,Glyph of Remove Curse,Inscription,discovery,75,wh:learn,355,db2,365,db2,360,75,355,360,365,75,discovery,False
56991,Glyph of Arcane Power,Inscription,trainer,315,wh:learn,320,db2,330,db2,325,315,320,325,330,315,trainer,False
56994,Glyph of Aspects,Inscription,trainer,175,wh:learn,180,db2,190,db2,185,175,180,185,190,175,trainer,False
56995,Glyph of Camouflage,Inscription,trainer,100,wh:learn,105,db2,115,db2,110,100,105,110,115,100,trainer,False
56996,Glyph of Liberation,Inscription,discovery,385,wh:learn,390,db2,405,db2,397,385,390,397,405,385,discovery,False
56997,Glyph of Mending,Inscription,trainer,115,wh:learn,120,db2,130,db2,125,115,120,125,130,115,trainer,False
56998,Glyph of Distracting Shot,Inscription,discovery,385,wh:learn,390,db2,405,db2,397,385,390,397,405,385,discovery,False
56999,Glyph of Endless Wrath,Inscription,discovery,385,wh:learn,390,db2,405,db2,397,385,390,397,405,385,discovery,False
57000,Glyph of Deterrence,Inscription,trainer,200,wh:learn,205,db2,215,db2,210,200,205,210,215,200,trainer,False
57001,Glyph of Disengage,Inscription,trainer,225,wh:learn,230,db2,240,db2,235,225,230,235,240,225,trainer,False
57002,Glyph of Freezing Trap,Inscription,trainer,260,wh:learn,265,db2,275,db2,270,260,265,270,275,260,trainer,False
57003,Glyph of Ice Trap,Inscription,trainer,350,wh:learn,355,db2,365,db2,360,350,355,360,365,350,trainer,False
57004,Glyph of Misdirection,Inscription,trainer,80,wh:learn,90,db2,110,db2,100,80,90,100,110,80,trainer,False
57005,Glyph of Explosive Trap,Inscription,trainer,130,wh:learn,135,db2,145,db2,140,130,135,140,145,130,trainer,False
57006,Glyph of Animal Bond,Inscription,trainer,375,wh:learn,380,db2,390,db2,385,375,380,385,390,375,trainer,False
57007,Glyph of No Escape,Inscription,trainer,150,wh:learn,155,db2,165,db2,160,150,155,160,165,150,trainer,False
57008,Glyph of Pathfinding,Inscription,trainer,315,wh:learn,320,db2,330,db2,325,315,320,325,330,315,trainer,False
57009,Glyph of Tame Beast,Inscription,trainer,90,wh:learn,100,db2,120,db2,110,90,100,110,120,90,trainer,False
57010,Glyph of Snake Trap,Inscription,discovery,385,wh:learn,390,db2,405,db2,397,385,390,397,405,385,discovery,False
57011,Glyph of Aimed Shot,Inscription,discovery,385,wh:learn,390,db2,405,db2,397,385,390,397,405,385,discovery,False
57012,Glyph of Mend Pet,Inscription,discovery,385,wh:learn,390,db2,405,db2,397,385,390,397,405,385,discovery,False
57014,Glyph of Solace,Inscription,discovery,385,wh:learn,390,db2,405,db2,397,385,390,397,405,385,discovery,False
57019,Glyph of Focused Shield,Inscription,discovery,385,wh:learn,390,db2,405,db2,397,385,390,397,405,385,discovery,False
57020,Glyph of Final Wrath,Inscription,trainer,180,wh:learn,185,db2,195,db2,190,180,185,190,195,180,trainer,False
57021,Glyph of the Harsh Word,Inscription,discovery,385,wh:learn,390,db2,405,db2,397,385,390,397,405,385,discovery,False
57022,Glyph of Divine Protection,Inscription,trainer,80,wh:learn,90,db2,110,db2,100,80,90,100,110,80,trainer,False
57023,Glyph of Consecration,Inscription,trainer,205,wh:learn,210,db2,220,db2,215,205,210,215,220,205,trainer,False
57024,Glyph of Avenging Wrath,Inscription,trainer,230,wh:learn,235,db2,245,db2,240,230,235,240,245,230,trainer,False
57025,Glyph of Blinding Light,Inscription,trainer,265,wh:learn,270,db2,280,db2,275,265,270,275,280,265,trainer,False
57026,Glyph of Word of Glory,Inscription,trainer,300,wh:learn,305,db2,315,db2,310,300,305,310,315,300,trainer,False
57027,Glyph of Holy Wrath,Inscription,trainer,90,wh:learn,100,db2,120,db2,110,90,100,110,120,90,trainer,False
57028,Glyph of Templar's Verdict,Inscription,discovery,385,wh:learn,390,db2,405,db2,397,385,390,397,405,385,discovery,False
57029,Glyph of Illumination,Inscription,trainer,105,wh:learn,110,db2,120,db2,115,105,110,115,120,105,trainer,False
57030,Glyph of Double Jeopardy,Inscription,trainer,120,wh:learn,125,db2,135,db2,130,120,125,130,135,120,trainer,False
57031,Glyph of Divinity,Inscription,trainer,135,wh:learn,140,db2,150,db2,145,135,140,145,150,135,trainer,False
57032,Glyph of the Luminous Charger,Inscription,discovery:research,155,wh:learn,155,db2,165,db2,160,155,155,160,165,155,,False
57033,Glyph of Devotion Aura,Inscription,trainer,335,wh:learn,340,db2,350,db2,345,335,340,345,350,335,trainer,False
57034,Glyph of Blessed Life,Inscription,discovery,385,wh:learn,390,db2,405,db2,397,385,390,397,405,385,discovery,False
57035,Glyph of Light of Dawn,Inscription,discovery,385,wh:learn,390,db2,405,db2,397,385,390,397,405,385,discovery,False
57036,Glyph of Turn Evil,Inscription,trainer,375,wh:learn,380,db2,390,db2,385,375,380,385,390,375,trainer,False
57037,Glyph of Focused Wrath,Inscription,discovery,,,595,,605,,,,,,,,,False
57112,Glyph of Shadow Walk,Inscription,discovery,385,wh:learn,390,db2,405,db2,397,385,390,397,405,385,discovery,False
57113,Glyph of Ambush,Inscription,trainer,340,wh:learn,345,db2,355,db2,350,340,345,350,355,340,trainer,False
57114,Glyph of Decoy,Inscription,trainer,80,wh:learn,90,db2,110,db2,100,80,90,100,110,80,trainer,False
57115,Glyph of Blade Flurry,Inscription,discovery,385,wh:learn,390,db2,405,db2,397,385,390,397,405,385,discovery,False
57116,Glyph of Sharp Knives,Inscription,discovery,385,wh:learn,390,db2,405,db2,397,385,390,397,405,385,discovery,False
57117,Glyph of Recuperate,Inscription,discovery,385,wh:learn,390,db2,405,db2,397,385,390,397,405,385,discovery,False
57119,Glyph of Evasion,Inscription,trainer,95,wh:learn,105,db2,125,db2,115,95,105,115,125,95,trainer,False
57120,Glyph of Recovery,Inscription,trainer,105,wh:learn,110,db2,120,db2,115,105,110,115,120,105,trainer,False
57121,Glyph of Expose Armor,Inscription,trainer,120,wh:learn,125,db2,135,db2,130,120,125,130,135,120,trainer,False
57122,Glyph of Feint,Inscription,trainer,305,wh:learn,310,db2,320,db2,315,305,310,315,320,305,trainer,False
57123,Glyph of Garrote,Inscription,trainer,135,wh:learn,140,db2,150,db2,145,135,140,145,150,135,trainer,False
57124,Glyph of Detection,Inscription,discovery,385,wh:learn,390,db2,405,db2,397,385,390,397,405,385,discovery,False
57125,Glyph of Gouge,Inscription,trainer,160,wh:learn,165,db2,175,db2,170,160,165,170,175,160,trainer,False
57126,Glyph of Hemorrhage,Inscription,discovery,385,wh:learn,390,db2,405,db2,397,385,390,397,405,385,discovery,False
57127,Glyph of Smoke Bomb,Inscription,discovery,385,wh:learn,390,db2,405,db2,397,385,390,397,405,385,discovery,False
57128,Glyph of Cheap Shot,Inscription,discovery,385,wh:learn,390,db2,405,db2,397,385,390,397,405,385,discovery,False
57129,Glyph of Hemorraghing Veins,Inscription,trainer,185,wh:learn,190,db2,200,db2,195,185,190,195,200,185,trainer,False
57130,Glyph of Kick,Inscription,discovery,385,wh:learn,390,db2,405,db2,397,385,390,397,405,385,discovery,False
57131,Glyph of Redirect,Inscription,trainer,210,wh:learn,215,db2,225,db2,220,210,215,220,225,210,trainer,False
57132,Glyph of Shiv,Inscription,trainer,235,wh:learn,240,db2,250,db2,245,235,240,245,250,235,trainer,False
57133,Glyph of Sprint,Inscription,trainer,285,wh:learn,290,db2,300,db2,295,285,290,295,300,285,trainer,False
57152,Glyph of Shield Slam,Inscription,discovery,385,wh:learn,390,db2,405,db2,397,385,390,397,405,385,discovery,False
57153,Glyph of Bloody Healing,Inscription,discovery,385,wh:learn,355,db2,365,db2,360,0,0,0,385,385,discovery,False
57154,Glyph of Hindering Strikes,Inscription,trainer,240,wh:learn,245,db2,255,db2,250,240,245,250,255,240,trainer,False
57155,Glyph of Heavy Repercussions,Inscription,discovery,385,wh:learn,390,db2,405,db2,397,385,390,397,405,385,discovery,False
57156,Glyph of Bloodthirst,Inscription,trainer,285,wh:learn,290,db2,300,db2,295,285,290,295,300,285,trainer,False
57157,Glyph of Rude Interruption,Inscription,trainer,125,wh:learn,130,db2,140,db2,135,125,130,135,140,125,trainer,False
57158,Glyph of Gag Order,Inscription,trainer,95,wh:learn,105,db2,125,db2,115,95,105,115,125,95,trainer,False
57159,Glyph of Blitz,Inscription,discovery,385,wh:learn,390,db2,405,db2,397,385,390,397,405,385,discovery,False
57160,Glyph of Mortal Strike,Inscription,discovery,385,wh:learn,390,db2,405,db2,397,385,390,397,405,385,discovery,False
57161,Glyph of Die by the Sword,Inscription,trainer,170,wh:learn,175,db2,185,db2,180,170,175,180,185,170,trainer,False
57162,Glyph of Enraged Speed,Inscription,trainer,85,wh:learn,95,db2,115,db2,105,85,95,105,115,85,trainer,False
57163,Glyph of Hamstring,Inscription,trainer,110,wh:learn,115,db2,125,db2,120,110,115,120,125,110,trainer,False
57164,Glyph of Resonating Power,Inscription,discovery,385,wh:learn,390,db2,405,db2,397,385,390,397,405,385,discovery,False
57165,Glyph of Hold the Line,Inscription,trainer,190,wh:learn,195,db2,205,db2,200,190,195,200,205,190,trainer,False
57167,Glyph of Hoarse Voice,Inscription,trainer,140,wh:learn,145,db2,155,db2,150,140,145,150,155,140,trainer,False
57168,Glyph of Sweeping Strikes,Inscription,trainer,320,wh:learn,325,db2,335,db2,330,320,325,330,335,320,trainer,False
57170,Glyph of Victory Rush,Inscription,discovery,385,wh:learn,390,db2,405,db2,397,385,390,397,405,385,discovery,False
57172,Glyph of Raging Wind,Inscription,trainer,345,wh:learn,350,db2,360,db2,355,345,350,355,360,345,trainer,False
57181,Glyph of Circle of Healing,Inscription,discovery,385,wh:learn,390,db2,405,db2,397,385,390,397,405,385,discovery,False
57183,Glyph of Purify,Inscription,trainer,230,wh:learn,235,db2,245,db2,240,230,235,240,245,230,trainer,False
57184,Glyph of Fade,Inscription,trainer,105,wh:learn,110,db2,120,db2,115,105,110,115,120,105,trainer,False
57185,Glyph of Fear Ward,Inscription,trainer,270,wh:learn,275,db2,285,db2,280,270,275,280,285,270,trainer,False
57186,Glyph of Inner Sanctum,Inscription,trainer,120,wh:learn,125,db2,135,db2,130,120,125,130,135,120,trainer,False
57187,Glyph of Holy Nova,Inscription,trainer,315,wh:learn,320,db2,330,db2,325,315,320,325,330,315,trainer,False
57188,Glyph of Inner Fire,Inscription,trainer,135,wh:learn,140,db2,150,db2,145,135,140,145,150,135,trainer,False
57189,Glyph of Lightwell,Inscription,discovery,385,wh:learn,390,db2,405,db2,397,385,390,397,405,385,discovery,False
57190,Glyph of Mass Dispel,Inscription,discovery,385,wh:learn,390,db2,405,db2,397,385,390,397,405,385,discovery,False
57191,Glyph of Psychic Horror,Inscription,discovery,385,wh:learn,390,db2,405,db2,397,385,390,397,405,385,discovery,False
57192,Glyph of Holy Fire,Inscription,trainer,350,wh:learn,355,db2,365,db2,360,350,355,360,365,350,trainer,False
57193,Glyph of Weakened Soul,Inscription,discovery,385,wh:learn,390,db2,405,db2,397,385,390,397,405,385,discovery,False
57194,Glyph of Power Word: Shield,Inscription,trainer,80,wh:learn,90,db2,110,db2,100,80,90,100,110,80,trainer,False
57195,Glyph of Spirit of Redemption,Inscription,discovery,385,wh:learn,390,db2,405,db2,397,385,390,397,405,385,discovery,False
57196,Glyph of Psychic Scream,Inscription,trainer,95,wh:learn,105,db2,125,db2,115,95,105,115,125,95,trainer,False
57197,Glyph of Renew,Inscription,trainer,160,wh:learn,165,db2,175,db2,170,160,165,170,175,160,trainer,False
57198,Glyph of Scourge Imprisonment,Inscription,trainer,375,wh:learn,380,db2,390,db2,385,375,380,385,390,375,trainer,False
57199,Glyph of Mind Blast,Inscription,discovery,385,wh:learn,390,db2,405,db2,397,385,390,397,405,385,discovery,False
57200,Glyph of Dispel Magic,Inscription,trainer,180,wh:learn,185,db2,195,db2,190,180,185,190,195,180,trainer,False
57201,Glyph of Smite,Inscription,trainer,210,wh:learn,215,db2,225,db2,220,210,215,220,225,210,trainer,False
57202,Glyph of Prayer of Mending,Inscription,discovery,385,wh:learn,390,db2,405,db2,397,385,390,397,405,385,discovery,False
57207,Glyph of Anti-Magic Shell,Inscription,discovery,385,wh:learn,390,db2,405,db2,397,385,390,397,405,385,discovery,False
57208,Glyph of Unholy Frenzy,Inscription,discovery,385,wh:learn,390,db2,405,db2,397,385,390,397,405,385,discovery,False
57209,Glyph of the Geist,Inscription,discovery,75,wh:learn,295,db2,305,db2,300,75,295,300,305,75,discovery,False
57210,Glyph of Icebound Fortitude,Inscription,trainer,265,wh:learn,270,db2,280,db2,275,265,270,275,280,265,trainer,False
57211,Glyph of Chains of Ice,Inscription,discovery,385,wh:learn,390,db2,405,db2,397,385,390,397,405,385,discovery,False
57213,Glyph of Death Grip,Inscription,trainer,285,wh:learn,290,db2,300,db2,295,285,290,295,300,285,trainer,False
57214,Glyph of Death and Decay,Inscription,discovery,385,wh:learn,390,db2,405,db2,397,385,390,397,405,385,discovery,False
57215,Glyph of Death's Embrace,Inscription,discovery,75,wh:learn,295,db2,305,db2,300,75,295,300,305,75,discovery,False
57216,Glyph of Shifting Presences,Inscription,trainer,270,wh:learn,275,db2,285,db2,280,270,275,280,285,270,trainer,False
57217,Glyph of Horn of Winter,Inscription,discovery,75,wh:learn,295,db2,305,db2,300,75,295,300,305,75,discovery,False
57219,Glyph of Icy Touch,Inscription,trainer,280,wh:learn,285,db2,295,db2,290,280,285,290,295,280,trainer,False
57220,Glyph of Enduring Infection,Inscription,discovery,385,wh:learn,390,db2,405,db2,397,385,390,397,405,385,discovery,False
57221,Glyph of Pestilence,Inscription,trainer,300,wh:learn,305,db2,315,db2,310,300,305,310,315,300,trainer,False
57222,Glyph of Mind Freeze,Inscription,trainer,350,wh:learn,355,db2,365,db2,360,350,355,360,365,350,trainer,False
57223,Glyph of Army of the Dead,Inscription,discovery,385,wh:learn,390,db2,405,db2,397,385,390,397,405,385,discovery,False
57224,Glyph of Foul Menagerie,Inscription,trainer,330,wh:learn,335,db2,345,db2,340,330,335,340,345,330,trainer,False
57225,Glyph of Strangulate,Inscription,trainer,375,wh:learn,380,db2,390,db2,385,375,380,385,390,375,trainer,False
57226,Glyph of Pillar of Frost,Inscription,trainer,305,wh:learn,310,db2,320,db2,315,305,310,315,320,305,trainer,False
57227,Glyph of Vampiric Blood,Inscription,trainer,345,wh:learn,350,db2,360,db2,355,345,350,355,360,345,trainer,False
57228,Glyph of Death Gate,Inscription,discovery,75,wh:learn,295,db2,305,db2,300,75,295,300,305,75,discovery,False
57229,Glyph of Path of Frost,Inscription,discovery,75,wh:learn,295,db2,305,db2,300,75,295,300,305,75,discovery,False
57230,Glyph of Resilient Grip,Inscription,discovery,75,wh:learn,295,db2,305,db2,300,75,295,300,305,75,discovery,False
57232,Glyph of Unstable Earth,Inscription,discovery,385,wh:learn,390,db2,405,db2,397,385,390,397,405,385,discovery,False
57233,Glyph of Chain Lightning,Inscription,discovery,385,wh:learn,390,db2,405,db2,397,385,390,397,405,385,discovery,False
57234,Glyph of Spirit Walk,Inscription,discovery,385,wh:learn,390,db2,400,db2,395,385,390,395,400,385,discovery,False
57235,Glyph of Capacitor Totem,Inscription,discovery,385,wh:learn,390,db2,405,db2,397,385,390,397,405,385,discovery,False
57236,Glyph of Purge,Inscription,trainer,300,wh:learn,305,db2,315,db2,310,300,305,310,315,300,trainer,False
57237,Glyph of Fire Elemental Totem,Inscription,discovery,385,wh:learn,390,db2,405,db2,397,385,390,397,405,385,discovery,False
57238,Glyph of Fire Nova,Inscription,trainer,110,wh:learn,115,db2,125,db2,120,110,115,120,125,110,trainer,False
57239,Glyph of Flame Shock,Inscription,trainer,85,wh:learn,95,db2,115,db2,105,85,95,105,115,85,trainer,False
57240,Glyph of Wind Shear,Inscription,trainer,125,wh:learn,130,db2,140,db2,135,125,130,135,140,125,trainer,False
57241,Glyph of Frost Shock,Inscription,trainer,185,wh:learn,190,db2,200,db2,195,185,190,195,200,185,trainer,False
57242,Glyph of Healing Stream Totem,Inscription,trainer,215,wh:learn,220,db2,230,db2,225,215,220,225,230,215,trainer,False
57243,Glyph of Healing Wave,Inscription,discovery,385,wh:learn,390,db2,405,db2,397,385,390,397,405,385,discovery,False
57244,Glyph of Totemic Recall,Inscription,trainer,235,wh:learn,240,db2,250,db2,245,235,240,245,250,235,trainer,False
57245,Glyph of Telluric Currents,Inscription,trainer,140,wh:learn,145,db2,155,db2,150,140,145,150,155,140,trainer,False
57246,Glyph of the Lakestrider,Inscription,trainer,95,wh:learn,105,db2,125,db2,115,95,105,115,125,95,trainer,False
57247,Glyph of Grounding Totem,Inscription,discovery,385,wh:learn,390,db2,405,db2,397,385,390,397,405,385,discovery,False
57248,Glyph of Spiritwalker's Grace,Inscription,trainer,375,wh:learn,380,db2,390,db2,385,375,380,385,390,375,trainer,False
57249,Glyph of Lava Lash,Inscription,trainer,165,wh:learn,170,db2,180,db2,175,165,170,175,180,165,trainer,False
57250,Glyph of Chaining,Inscription,discovery,385,wh:learn,390,db2,405,db2,397,385,390,397,405,385,discovery,False
57251,Glyph of Water Shield,Inscription,trainer,275,wh:learn,280,db2,290,db2,285,275,280,285,290,275,trainer,False
57252,Glyph of Cleansing Waters,Inscription,trainer,330,wh:learn,335,db2,345,db2,340,330,335,340,345,330,trainer,False
57253,Glyph of Thunderstorm,Inscription,discovery,75,wh:learn,355,db2,365,db2,360,75,355,360,365,75,discovery,False
57257,Glyph of Hand of Gul'dan,Inscription,trainer,350,wh:learn,355,db2,365,db2,360,350,355,360,365,350,trainer,False
57258,Glyph of Conflagrate,Inscription,discovery,385,wh:learn,390,db2,405,db2,397,385,390,397,405,385,discovery,False
57259,Glyph of Siphon Life,Inscription,trainer,85,wh:learn,95,db2,115,db2,105,85,95,105,115,85,trainer,False
57260,Glyph of Verdant Spheres,Inscription,discovery,385,wh:learn,390,db2,405,db2,397,385,390,397,405,385,discovery,False
57261,Glyph of Nightmares,Inscription,discovery,385,wh:learn,390,db2,405,db2,397,385,390,397,405,385,discovery,False
57262,Glyph of Fear,Inscription,trainer,125,wh:learn,130,db2,140,db2,135,125,130,135,140,125,trainer,False
57263,Glyph of Felguard,Inscription,discovery,385,wh:learn,390,db2,405,db2,397,385,390,397,405,385,discovery,False
57264,Glyph of Demon Training,Inscription,discovery,385,wh:learn,390,db2,405,db2,397,385,390,397,405,385,discovery,False
57265,Glyph of Health Funnel,Inscription,trainer,110,wh:learn,115,db2,125,db2,120,110,115,120,125,110,trainer,False
57266,Glyph of Healthstone,Inscription,trainer,95,wh:learn,105,db2,125,db2,115,95,105,115,125,95,trainer,False
57267,Glyph of Subtlety,Inscription,discovery,385,wh:learn,390,db2,405,db2,397,385,390,397,405,385,discovery,False
57268,Glyph of Curse of the Elements,Inscription,discovery,385,wh:learn,390,db2,405,db2,397,385,390,397,405,385,discovery,False
57269,Glyph of Imp Swarm,Inscription,trainer,140,wh:learn,145,db2,155,db2,150,140,145,150,155,140,trainer,False
57270,Glyph of Havoc,Inscription,trainer,215,wh:learn,220,db2,230,db2,225,215,220,225,230,215,trainer,False
57271,Glyph of Shadow Bolt,Inscription,trainer,165,wh:learn,170,db2,180,db2,175,165,170,175,180,165,trainer,False
57274,Glyph of Soulstone,Inscription,trainer,240,wh:learn,245,db2,255,db2,250,240,245,250,255,240,trainer,False
57275,Glyph of Carrion Swarm,Inscription,trainer,325,wh:learn,330,db2,340,db2,335,325,330,335,340,325,trainer,False
57276,Glyph of Unstable Affliction,Inscription,discovery,385,wh:learn,390,db2,405,db2,397,385,390,397,405,385,discovery,False
57277,Glyph of Falling Meteor,Inscription,trainer,190,wh:learn,195,db2,205,db2,200,190,195,200,205,190,trainer,False
57703,Hunter's Ink,Inscription,trainer,85,wh:learn,85,db2,95,db2,90,85,85,90,95,85,trainer,False
57704,Lion's Ink,Inscription,trainer,100,wh:learn,95,db2,105,db2,100,0,100,100,105,100,trainer,False
57706,Dawnstar Ink,Inscription,trainer,125,wh:learn,125,db2,135,db2,130,125,125,130,135,125,trainer,False
57707,Jadefire Ink,Inscription,trainer,150,wh:learn,145,db2,155,db2,150,0,150,150,155,150,trainer,False
57708,Royal Ink,Inscription,trainer,175,wh:learn,170,db2,180,db2,175,0,175,175,180,175,trainer,False
57709,Celestial Ink,Inscription,trainer,200,wh:learn,195,db2,205,db2,200,0,200,200,205,200,trainer,False
57710,Fiery Ink,Inscription,trainer,225,wh:learn,220,db2,230,db2,225,0,225,225,230,225,trainer,False
57711,Shimmering Ink,Inscription,trainer,250,wh:learn,245,db2,255,db2,250,0,250,250,255,250,trainer,False
57712,Ink of the Sky,Inscription,trainer,275,wh:learn,290,db2,300,db2,295,275,290,295,300,275,trainer,False
57713,Ethereal Ink,Inscription,trainer,290,wh:learn,295,db2,305,db2,300,290,295,300,305,290,trainer,False
57714,Darkflame Ink,Inscription,trainer,325,wh:learn,320,db2,330,db2,325,0,325,325,330,325,trainer,False
57715,Ink of the Sea,Inscription,trainer,350,wh:learn,345,db2,355,db2,350,0,350,350,355,350,trainer,False
57716,Snowfall Ink,Inscription,trainer,375,wh:learn,370,db2,380,db2,375,0,375,375,380,375,trainer,False
58286,Glyph of Aquatic Form,Inscription,discovery,75,wh:learn,105,db2,115,db2,110,75,105,110,115,75,discovery,False
58287,Glyph of the Chameleon,Inscription,discovery,75,wh:learn,155,db2,165,db2,160,75,155,160,165,75,discovery,False
58288,Glyph of Blooming,Inscription,discovery,75,wh:learn,105,db2,115,db2,110,75,105,110,115,75,discovery,False
58289,Glyph of Grace,Inscription,discovery,75,wh:learn,80,db2,90,db2,85,75,80,85,90,75,discovery,False
58296,Glyph of Charm Woodland Creature,Inscription,discovery,75,wh:learn,80,db2,90,db2,85,75,80,85,90,75,discovery,False
58297,Glyph of Aspect of the Pack,Inscription,discovery,75,wh:learn,205,db2,215,db2,210,75,205,210,215,75,discovery,False
58298,Glyph of Stampede,Inscription,discovery,75,wh:learn,80,db2,90,db2,85,75,80,85,90,75,discovery,False
58299,Glyph of Revive Pet,Inscription,discovery,75,wh:learn,80,db2,90,db2,85,75,80,85,90,75,discovery,False
58301,Glyph of Lesser Proportion,Inscription,discovery,75,wh:learn,80,db2,90,db2,85,75,80,85,90,75,discovery,False
58302,Glyph of Fireworks,Inscription,discovery,75,wh:learn,155,db2,165,db2,160,75,155,160,165,75,discovery,False
58303,Glyph of the Porcupine,Inscription,discovery,75,wh:learn,80,db2,90,db2,85,75,80,85,90,75,discovery,False
58306,Glyph of Conjure Familiar,Inscription,discovery,75,wh:learn,80,db2,90,db2,85,75,80,85,90,75,discovery,False
58307,Glyph of the Monkey,Inscription,discovery,75,wh:learn,130,db2,140,db2,135,75,130,135,140,75,discovery,False
58308,Glyph of Arcane Language,Inscription,discovery,75,wh:learn,80,db2,90,db2,85,75,80,85,90,75,discovery,False
58309,Glyph of the Bear Cub,Inscription,trainer,75,user,80,,85,,,,,,,,,False
58310,Glyph of the Penguin,Inscription,discovery,75,wh:learn,80,db2,90,db2,85,75,80,85,90,75,discovery,False
58311,Glyph of Contemplation,Inscription,discovery,75,wh:learn,105,db2,115,db2,110,75,105,110,115,75,discovery,False
58312,Glyph of Winged Vengeance,Inscription,discovery,75,wh:learn,80,db2,90,db2,85,75,80,85,90,75,discovery,False
58313,Glyph of Flash of Light,Inscription,discovery,75,wh:learn,80,db2,90,db2,85,75,80,85,90,75,discovery,False
58314,Glyph of the Mounted King,Inscription,discovery,75,wh:learn,80,db2,90,db2,85,75,80,85,90,75,discovery,False
58315,Glyph of Seal of Blood,Inscription,discovery,75,wh:learn,105,db2,115,db2,110,75,105,110,115,75,discovery,False
58316,Glyph of Fire From the Heavens,Inscription,discovery,75,wh:learn,155,db2,165,db2,160,75,155,160,165,75,discovery,False
58317,Glyph of Shadow Ravens,Inscription,discovery,75,wh:learn,80,db2,90,db2,85,75,80,85,90,75,discovery,False
58318,Glyph of Borrowed Time,Inscription,discovery,75,wh:learn,80,db2,90,db2,85,75,80,85,90,75,discovery,False
58319,Glyph of Levitate,Inscription,discovery,75,wh:learn,155,db2,165,db2,160,75,155,160,165,75,discovery,False
58320,Glyph of Shackle Undead,Inscription,discovery,75,wh:learn,105,db2,115,db2,110,75,105,110,115,75,discovery,False
58321,Glyph of Reflective Shield,Inscription,discovery,75,wh:learn,155,db2,165,db2,160,75,155,160,165,75,discovery,False
58322,Glyph of Dark Archangel,Inscription,discovery,75,wh:learn,355,db2,365,db2,360,75,355,360,365,75,discovery,False
58323,Glyph of Blurred Speed,Inscription,discovery,75,wh:learn,80,db2,90,db2,85,75,80,85,90,75,discovery,False
58324,Glyph of Distract,Inscription,discovery,75,wh:learn,130,db2,140,db2,135,75,130,135,140,75,discovery,False
58325,Glyph of Pick Lock,Inscription,discovery,75,wh:learn,105,db2,115,db2,110,75,105,110,115,75,discovery,False
58326,Glyph of Pick Pocket,Inscription,discovery,75,wh:learn,80,db2,90,db2,85,75,80,85,90,75,discovery,False
58327,Glyph of Safe Fall,Inscription,discovery,75,wh:learn,205,db2,215,db2,210,75,205,210,215,75,discovery,False
58328,Glyph of Poisons,Inscription,discovery,75,wh:learn,130,db2,140,db2,135,75,130,135,140,75,discovery,False
58329,Glyph of Astral Recall,Inscription,discovery,75,wh:learn,155,db2,165,db2,160,75,155,160,165,75,discovery,False
58330,Glyph of Far Sight,Inscription,discovery,75,wh:learn,155,db2,165,db2,160,75,155,160,165,75,discovery,False
58331,Glyph of Healing Storm,Inscription,discovery,75,wh:learn,130,db2,140,db2,135,75,130,135,140,75,discovery,False
58332,Glyph of the Spectral Wolf,Inscription,discovery,75,wh:learn,105,db2,115,db2,110,75,105,110,115,75,discovery,False
58333,Glyph of Totemic Encirclement,Inscription,discovery,75,wh:learn,155,db2,165,db2,160,75,155,160,165,75,discovery,False
58336,Glyph of Unending Breath,Inscription,discovery,75,wh:learn,105,db2,115,db2,110,75,105,110,115,75,discovery,False
58337,Glyph of Soul Consumption,Inscription,discovery,75,wh:learn,80,db2,90,db2,85,75,80,85,90,75,discovery,False
58338,Glyph of Curse of Exhaustion,Inscription,discovery,75,wh:learn,155,db2,165,db2,160,75,155,160,165,75,discovery,False
58339,Glyph of Subjugate Demon,Inscription,discovery,75,wh:learn,155,db2,165,db2,160,75,155,160,165,75,discovery,False
58340,Glyph of Eye of Kilrogg,Inscription,discovery,75,wh:learn,130,db2,140,db2,135,75,130,135,140,75,discovery,False
58341,Glyph of Soulwell,Inscription,discovery,75,wh:learn,355,db2,365,db2,360,75,355,360,365,75,discovery,False
58342,Glyph of Mystic Shout,Inscription,discovery,75,wh:learn,80,db2,90,db2,85,75,80,85,90,75,discovery,False
58343,Glyph of Bloodcurdling Shout,Inscription,discovery,75,wh:learn,80,db2,90,db2,85,75,80,85,90,75,discovery,False
58344,Glyph of Long Charge,Inscription,discovery,75,wh:learn,80,db2,90,db2,85,75,80,85,90,75,discovery,False
58345,Glyph of Gushing Wound,Inscription,discovery,75,wh:learn,105,db2,115,db2,110,75,105,110,115,75,discovery,False
58346,Glyph of Unending Rage,Inscription,discovery,75,wh:learn,80,db2,90,db2,85,75,80,85,90,75,discovery,False
58347,Glyph of Mighty Victory,Inscription,discovery,75,wh:learn,295,db2,305,db2,300,75,295,300,305,75,discovery,False
58472,Scroll of Agility,Inscription,trainer,15,wh:learn,35,db2,45,db2,40,15,35,40,45,15,trainer,False
58473,Scroll of Agility II,Inscription,trainer,85,wh:learn,85,db2,95,db2,90,85,85,90,95,85,trainer,False
58476,Scroll of Agility III,Inscription,trainer,175,wh:learn,180,db2,190,db2,185,175,180,185,190,175,trainer,False
58478,Scroll of Agility IV,Inscription,trainer,225,wh:learn,230,db2,240,db2,235,225,230,235,240,225,trainer,False
58480,Scroll of Agility V,Inscription,trainer,270,wh:learn,275,db2,285,db2,280,270,275,280,285,270,trainer,False
58481,Scroll of Agility VI,Inscription,trainer,310,wh:learn,320,db2,330,db2,325,310,320,325,330,310,trainer,False
58482,Scroll of Agility VII,Inscription,trainer,370,wh:learn,375,db2,385,db2,380,370,375,380,385,370,trainer,False
58483,Scroll of Agility VIII,Inscription,trainer,420,wh:learn,425,db2,435,db2,430,420,425,430,435,420,trainer,False
58484,Scroll of Strength,Inscription,trainer,15,wh:learn,35,db2,45,db2,40,15,35,40,45,15,trainer,False
58485,Scroll of Strength II,Inscription,trainer,80,wh:learn,80,db2,90,db2,85,80,80,85,90,80,trainer,False
58486,Scroll of Strength III,Inscription,trainer,170,wh:learn,175,db2,185,db2,180,170,175,180,185,170,trainer,False
58487,Scroll of Strength IV,Inscription,trainer,220,wh:learn,225,db2,235,db2,230,220,225,230,235,220,trainer,False
58488,Scroll of Strength V,Inscription,trainer,265,wh:learn,270,db2,280,db2,275,265,270,275,280,265,trainer,False
58489,Scroll of Strength VI,Inscription,trainer,305,wh:learn,315,db2,325,db2,320,305,315,320,325,305,trainer,False
58490,Scroll of Strength VII,Inscription,trainer,365,wh:learn,370,db2,380,db2,375,365,370,375,380,365,trainer,False
58491,Scroll of Strength VIII,Inscription,trainer,415,wh:learn,420,db2,430,db2,425,415,420,425,430,415,trainer,False
58565,Mystic Tome,Inscription,trainer,85,wh:learn,125,db2,150,db2,137,85,125,137,150,85,trainer,False
59315,Glyph of Dash,Inscription,discovery,75,wh:learn,155,db2,165,db2,160,75,155,160,165,75,discovery,False
59326,Glyph of Ghost Wolf,Inscription,discovery,75,wh:learn,105,db2,115,db2,110,75,105,110,115,75,discovery,False
59338,Glyph of Unholy Command,Inscription,trainer,310,wh:learn,315,db2,325,db2,320,310,315,320,325,310,trainer,False
59339,Glyph of Outbreak,Inscription,trainer,320,wh:learn,325,db2,335,db2,330,320,325,330,335,320,trainer,False
59340,Glyph of Corpse Explosion,Inscription,trainer,340,wh:learn,345,db2,355,db2,350,340,345,350,355,340,trainer,False
59387,Certificate of Ownership,Inscription,trainer,200,wh:learn,205,db2,215,db2,210,200,205,210,215,200,trainer,False
59475,Tome of the Dawn,Inscription,trainer,125,wh:learn,150,db2,175,db2,162,125,150,162,175,125,trainer,False
59478,Book of Survival,Inscription,trainer,125,wh:learn,150,db2,175,db2,162,125,150,162,175,125,trainer,False
59480,Strange Tarot,Inscription,trainer,125,wh:learn,150,db2,175,db2,162,125,150,162,175,125,trainer,False
59484,Tome of Kings,Inscription,trainer,175,wh:learn,200,db2,210,db2,205,175,200,205,210,175,trainer,False
59486,Royal Guide of Escape Routes,Inscription,trainer,175,wh:learn,200,db2,210,db2,205,175,200,205,210,175,trainer,False
59487,Arcane Tarot,Inscription,trainer,175,wh:learn,200,db2,210,db2,205,175,200,205,210,175,trainer,False
59489,Fire Eater's Guide,Inscription,trainer,225,wh:learn,250,db2,260,db2,255,225,250,255,260,225,trainer,False
59490,Book of Stars,Inscription,trainer,225,wh:learn,250,db2,260,db2,255,225,250,255,260,225,trainer,False
59491,Shadowy Tarot,Inscription,trainer,225,wh:learn,250,db2,260,db2,255,225,250,255,260,225,trainer,False
59493,Stormbound Tome,Inscription,trainer,275,wh:learn,290,db2,300,db2,295,275,290,295,300,275,trainer,False
59494,Manual of Clouds,Inscription,trainer,275,wh:learn,290,db2,300,db2,295,275,290,295,300,275,trainer,False
59495,Hellfire Tome,Inscription,trainer,325,wh:learn,340,db2,350,db2,345,325,340,345,350,325,trainer,False
59496,Book of Clever Tricks,Inscription,trainer,325,wh:learn,340,db2,350,db2,345,325,340,345,350,325,trainer,False
59497,Iron-bound Tome,Inscription,trainer,400,wh:learn,425,db2,450,db2,437,400,425,437,450,400,trainer,False
59498,Faces of Doom,Inscription,trainer,400,wh:learn,425,db2,450,db2,437,400,425,437,450,400,trainer,False
59502,Darkmoon Card,Inscription,trainer,275,wh:learn,290,db2,300,db2,295,275,290,295,300,275,trainer,False
59503,Greater Darkmoon Card,Inscription,trainer,325,wh:learn,350,db2,380,db2,365,325,350,365,380,325,trainer,False
59504,Darkmoon Card of the North,Inscription,trainer,400,wh:learn,450,db2,475,db2,462,400,450,462,475,400,trainer,False
59559,Glyph of Denounce,Inscription,discovery,385,wh:learn,390,db2,405,db2,397,385,390,397,405,385,discovery,False
59560,Glyph of Dazing Shield,Inscription,discovery,385,wh:learn,390,db2,405,db2,397,385,390,397,405,385,discovery,False
59561,Glyph of Immediate Truth,Inscription,discovery,385,wh:learn,390,db2,405,db2,397,385,390,397,405,385,discovery,False
60336,Scroll of Recall II,Inscription,trainer,200,wh:learn,215,db2,225,db2,220,200,215,220,225,200,trainer,False
60337,Scroll of Recall III,Inscription,trainer,350,wh:learn,355,db2,365,db2,360,350,355,360,365,350,trainer,False
61117,Master's Inscription of the Axe,Inscription,trainer,400,wh:learn,395,db2,405,db2,400,0,400,400,405,400,trainer,False
61118,Master's Inscription of the Crag,Inscription,trainer,400,wh:learn,395,db2,405,db2,400,0,400,400,405,400,trainer,False
61119,Master's Inscription of the Pinnacle,Inscription,trainer,400,wh:learn,395,db2,405,db2,400,0,400,400,405,400,trainer,False
61120,Master's Inscription of the Storm,Inscription,trainer,400,wh:learn,395,db2,405,db2,400,0,400,400,405,400,trainer,False
61177,Northrend Inscription Research,Inscription,trainer,385,wh:learn,425,db2,450,db2,437,385,425,437,450,385,trainer,False
61288,Minor Inscription Research,Inscription,trainer,75,wh:learn,125,db2,150,db2,137,75,125,137,150,75,trainer,False
61677,Glyph of Frostfire Bolt,Inscription,discovery,385,wh:learn,390,db2,405,db2,397,385,390,397,405,385,discovery,False
62162,Glyph of the Master Shapeshifter,Inscription,trainer,375,wh:learn,380,db2,390,db2,385,375,380,385,390,375,trainer,False
64051,Rituals of the New Moon,Inscription,item,350,db2:item-req,375,db2,400,db2,387,350,375,387,400,350,quest,False
64053,Twilight Tome,Inscription,trainer,350,wh:learn,375,db2,400,db2,387,350,375,387,400,350,trainer,False
64246,Glyph of Mirrored Blades,Inscription,discovery,430,wh:learn,430,db2,440,db2,435,0,430,435,440,430,discovery,False
64247,Glyph of Totemic Vigor,Inscription,discovery,430,wh:learn,430,db2,440,db2,435,0,430,435,440,430,discovery,False
64248,Glyph of Life Tap,Inscription,discovery,430,wh:learn,430,db2,440,db2,435,0,430,435,440,430,discovery,False
64249,Glyph of Scatter Shot,Inscription,discovery,430,wh:learn,430,db2,440,db2,435,0,430,435,440,430,discovery,False
64250,Glyph of Crimson Banish,Inscription,discovery,430,wh:learn,430,db2,440,db2,435,0,430,435,440,430,discovery,False
64251,Glyph of Inquisition,Inscription,discovery,430,wh:learn,430,db2,440,db2,435,0,430,435,440,430,discovery,False
64252,Glyph of Shield Wall,Inscription,discovery,430,wh:learn,430,db2,440,db2,435,0,430,435,440,430,discovery,False
64253,Glyph of Master's Call,Inscription,discovery,430,wh:learn,430,db2,440,db2,435,0,430,435,440,430,discovery,False
64254,Glyph of Holy Shock,Inscription,discovery,430,wh:learn,430,db2,440,db2,435,0,430,435,440,430,discovery,False
64255,Glyph of Victorious Throw,Inscription,discovery,355,wh:learn,355,db2,365,db2,360,0,355,360,365,355,discovery,False
64256,Glyph of Barkskin,Inscription,discovery,430,wh:learn,430,db2,440,db2,435,0,430,435,440,430,discovery,False
64257,Glyph of Deep Freeze,Inscription,discovery,430,wh:learn,430,db2,440,db2,435,0,430,435,440,430,discovery,False
64258,Glyph of Cyclone,Inscription,trainer,250,wh:learn,255,db2,270,db2,262,250,255,262,270,250,trainer,False
64259,Glyph of Binding Heal,Inscription,trainer,255,wh:learn,255,db2,270,db2,262,255,255,262,270,255,trainer,False
64260,Glyph of Disguise,Inscription,trainer,255,wh:learn,255,db2,270,db2,262,255,255,262,270,255,trainer,False
64261,Glyph of Deluge,Inscription,trainer,250,wh:learn,255,db2,270,db2,262,250,255,262,270,250,trainer,False
64262,Glyph of Shamanistic Rage,Inscription,trainer,255,wh:learn,255,db2,270,db2,262,255,255,262,270,255,trainer,False
64266,Glyph of Death Coil,Inscription,trainer,275,wh:learn,280,db2,295,db2,287,275,280,287,295,275,trainer,False
64268,Glyph of Survival Instincts,Inscription,discovery,430,wh:learn,430,db2,440,db2,435,0,430,435,440,430,discovery,False
64270,Glyph of Wild Growth,Inscription,discovery,430,wh:learn,430,db2,440,db2,435,0,430,435,440,430,discovery,False
64271,Glyph of Chimera Shot,Inscription,discovery,430,wh:learn,430,db2,440,db2,435,0,430,435,440,430,discovery,False
64273,Glyph of Tranquilizing Shot,Inscription,discovery,430,wh:learn,430,db2,440,db2,435,0,430,435,440,430,discovery,False
64274,Glyph of Water Elemental,Inscription,discovery,430,wh:learn,430,db2,440,db2,435,0,430,435,440,430,discovery,False
64275,Glyph of Slow,Inscription,discovery,430,wh:learn,430,db2,440,db2,435,0,430,435,440,430,discovery,False
64276,Glyph of Illusion,Inscription,discovery,430,wh:learn,430,db2,440,db2,435,0,430,435,440,430,discovery,False
64277,Glyph of Beacon of Light,Inscription,discovery,430,wh:learn,430,db2,440,db2,435,0,430,435,440,430,discovery,False
64278,Glyph of Hammer of the Righteous,Inscription,discovery,430,wh:learn,430,db2,440,db2,435,0,430,435,440,430,discovery,False
64279,Glyph of Divine Storm,Inscription,discovery,430,wh:learn,430,db2,440,db2,435,0,430,435,440,430,discovery,False
64280,Glyph of Dispersion,Inscription,discovery,430,wh:learn,430,db2,440,db2,435,0,430,435,440,430,discovery,False
64281,Glyph of Leap of Faith,Inscription,discovery,430,wh:learn,430,db2,440,db2,435,0,430,435,440,430,discovery,False
64282,Glyph of Penance,Inscription,discovery,430,wh:learn,430,db2,440,db2,435,0,430,435,440,430,discovery,False
64283,Glyph of Mind Spike,Inscription,discovery,430,wh:learn,430,db2,440,db2,435,0,430,435,440,430,discovery,False
64284,Glyph of Vendetta,Inscription,discovery,430,wh:learn,430,db2,440,db2,435,0,430,435,440,430,discovery,False
64285,Glyph of Killing Spree,Inscription,discovery,430,wh:learn,430,db2,440,db2,435,0,430,435,440,430,discovery,False
64286,Glyph of Stealth,Inscription,discovery,430,wh:learn,430,db2,440,db2,435,0,430,435,440,430,discovery,False
64287,Glyph of Thunder,Inscription,discovery,430,wh:learn,430,db2,440,db2,435,0,430,435,440,430,discovery,False
64288,Glyph of Feral Spirit,Inscription,discovery,430,wh:learn,430,db2,440,db2,435,0,430,435,440,430,discovery,False
64289,Glyph of Riptide,Inscription,discovery,430,wh:learn,430,db2,440,db2,435,0,430,435,440,430,discovery,False
64291,Glyph of Drain Life,Inscription,discovery,430,wh:learn,430,db2,440,db2,435,0,430,435,440,430,discovery,False
64294,Glyph of Ember Tap,Inscription,discovery,430,wh:learn,430,db2,440,db2,435,0,430,435,440,430,discovery,False
64295,Glyph of Whirlwind,Inscription,discovery,430,wh:learn,430,db2,440,db2,435,0,430,435,440,430,discovery,False
64296,Glyph of Death From Above,Inscription,discovery,430,wh:learn,430,db2,440,db2,435,0,430,435,440,430,discovery,False
64297,Glyph of Dancing Rune Weapon,Inscription,discovery,430,wh:learn,430,db2,440,db2,435,0,430,435,440,430,discovery,False
64298,Glyph of Dark Simulacrum,Inscription,discovery,430,wh:learn,430,db2,440,db2,435,0,430,435,440,430,discovery,False
64300,Glyph of Tranquil Grip,Inscription,discovery,430,wh:learn,430,db2,440,db2,435,0,430,435,440,430,discovery,False
64302,Glyph of Spell Reflection,Inscription,discovery,430,wh:learn,430,db2,440,db2,435,0,430,435,440,430,discovery,False
64303,Glyph of Cloak of Shadows,Inscription,discovery,430,wh:learn,430,db2,440,db2,435,0,430,435,440,430,discovery,False
64304,Glyph of Aspect of the Cheetah,Inscription,discovery,430,wh:learn,430,db2,440,db2,435,0,430,435,440,430,discovery,False
64305,Glyph of Divine Plea,Inscription,discovery,430,wh:learn,430,db2,440,db2,435,0,430,435,440,430,discovery,False
64307,Glyph of Stampeding Roar,Inscription,discovery,430,wh:learn,430,db2,440,db2,435,0,430,435,440,430,discovery,False
64308,Glyph of the Alabaster Shield,Inscription,discovery,430,wh:learn,430,db2,440,db2,435,0,430,435,440,430,discovery,False
64309,Glyph of Focused Mending,Inscription,discovery,430,wh:learn,430,db2,440,db2,435,0,430,435,440,430,discovery,False
64310,Glyph of Tricks of the Trade,Inscription,discovery,430,wh:learn,430,db2,440,db2,435,0,430,435,440,430,discovery,False
64311,Glyph of Unending Resolve,Inscription,discovery,430,wh:learn,430,db2,440,db2,435,0,430,435,440,430,discovery,False
64312,Glyph of Intimidating Shout,Inscription,discovery,75,wh:learn,355,db2,365,db2,360,75,355,360,365,75,discovery,False
64313,Glyph of Might of Ursoc,Inscription,discovery,430,wh:learn,430,db2,440,db2,435,0,430,435,440,430,discovery,False
64314,Glyph of Mirror Image,Inscription,discovery,430,wh:learn,430,db2,440,db2,435,0,430,435,440,430,discovery,False
64315,Glyph of Deadly Momentum,Inscription,discovery,430,wh:learn,430,db2,440,db2,435,0,430,435,440,430,discovery,False
64316,Glyph of Hex,Inscription,discovery,430,wh:learn,430,db2,440,db2,435,0,430,435,440,430,discovery,False
64317,Glyph of Demonic Circle,Inscription,discovery,430,wh:learn,430,db2,440,db2,435,0,430,435,440,430,discovery,False
64318,Glyph of Demon Hunting,Inscription,discovery,430,wh:learn,430,db2,440,db2,435,0,430,435,440,430,discovery,False
67600,Glyph of Ferocious Bite,Inscription,trainer,100,wh:learn,105,db2,115,db2,110,100,105,110,115,100,trainer,False
68166,Glyph of Thunder Strike,Inscription,discovery,75,wh:learn,355,db2,365,db2,360,75,355,360,365,75,discovery,False
69385,Runescroll of Fortitude,Inscription,trainer,440,wh:learn,425,db2,460,db2,442,0,440,442,460,440,trainer,False
71101,Glyph of Counterspell,Inscription,item,250,db2:item-req,255,db2,260,db2,257,250,255,257,260,250,world+trainer,False
71102,Glyph of Eternal Resolve,Inscription,item,375,db2:item-req,380,db2,385,db2,382,375,380,382,385,375,world+trainer,False
85785,Runescroll of Fortitude II,Inscription,trainer,500,wh:learn,505,db2,515,db2,510,500,505,510,515,500,trainer,False
86004,Blackfallow Ink,Inscription,trainer,425,wh:learn,440,db2,450,db2,445,425,440,445,450,425,trainer,False
86005,Inferno Ink,Inscription,trainer,475,wh:learn,480,db2,485,db2,482,475,480,482,485,475,trainer,False
86375,Swiftsteel Inscription,Inscription,trainer,500,wh:learn,490,db2,505,db2,497,0,0,500,505,500,trainer,False
86401,Lionsmane Inscription,Inscription,trainer,500,wh:learn,490,db2,505,db2,497,0,0,500,505,500,trainer,False
86402,Inscription of the Earth Prince,Inscription,trainer,500,wh:learn,490,db2,505,db2,497,0,0,500,505,500,trainer,False
86403,Felfire Inscription,Inscription,trainer,500,wh:learn,490,db2,505,db2,497,0,0,500,505,500,trainer,False
86609,Mysterious Fortune Card,Inscription,trainer,450,wh:learn,460,db2,475,db2,467,450,460,467,475,450,trainer,False
86615,Darkmoon Card of Destruction,Inscription,trainer,525,wh:learn,525,db2,535,db2,530,525,525,530,535,525,trainer,False
86616,Book of Blood,Inscription,trainer,475,wh:learn,485,db2,490,db2,487,475,485,487,490,475,trainer,False
86640,Lord Rottington's Pressed Wisp Book,Inscription,trainer,475,wh:learn,485,db2,490,db2,487,475,485,487,490,475,trainer,False
86641,Dungeoneering Guide,Inscription,trainer,510,wh:learn,520,db2,530,db2,525,510,520,525,530,510,trainer,False
86642,Divine Companion,Inscription,trainer,510,wh:learn,520,db2,530,db2,525,510,520,525,530,510,trainer,False
86643,Battle Tome,Inscription,trainer,510,wh:learn,520,db2,530,db2,525,510,520,525,530,510,trainer,False
86644,Origami Slime,Inscription,item,480,db2:item-req,470,db2,490,db2,480,0,480,480,490,480,quest,False
86645,Origami Rock,Inscription,item,490,db2:item-req,480,db2,500,db2,490,0,490,490,500,490,quest,False
86646,Origami Beetle,Inscription,item,500,db2:item-req,490,db2,510,db2,500,0,500,500,510,500,quest,False
86648,Key to the Planes,Inscription,trainer,480,wh:learn,500,db2,505,db2,502,480,500,502,505,480,trainer,False
86649,Runed Staff,Inscription,trainer,505,wh:learn,515,db2,525,db2,520,505,515,520,525,505,trainer,False
86652,Rosethorn Staff,Inscription,trainer,515,wh:learn,525,db2,535,db2,530,515,525,530,535,515,trainer,False
86653,Silver Inlaid Staff,Inscription,trainer,515,wh:learn,525,db2,535,db2,530,515,525,530,535,515,trainer,False
86654,Forged Documents,Inscription,trainer,500,wh:learn,525,db2,535,db2,530,500,525,530,535,500,trainer,False
89244,Forged Documents,Inscription,trainer,500,wh:learn,525,db2,535,db2,530,500,525,530,535,500,trainer,False
89368,Scroll of Intellect IX,Inscription,trainer,445,wh:learn,450,db2,460,db2,455,445,450,455,460,445,trainer,False
89369,Scroll of Strength IX,Inscription,trainer,465,wh:learn,470,db2,480,db2,475,465,470,475,480,465,trainer,False
89370,Scroll of Agility IX,Inscription,trainer,470,wh:learn,475,db2,485,db2,480,470,475,480,485,470,trainer,False
89371,Scroll of Spirit IX,Inscription,trainer,455,wh:learn,460,db2,470,db2,465,455,460,465,470,455,trainer,False
89372,Scroll of Stamina IX,Inscription,trainer,460,wh:learn,465,db2,475,db2,470,460,465,470,475,460,trainer,False
89373,Scroll of Protection IX,Inscription,trainer,450,wh:learn,455,db2,465,db2,460,450,455,460,465,450,trainer,False
89815,Glyph of Colossus Smash,Inscription,item,465,db2:item-req,470,db2,485,db2,477,465,470,477,485,465,world+trainer,False
92026,Vanishing Powder,Inscription,trainer,75,wh:learn,90,db2,110,db2,100,75,90,100,110,75,trainer,False
92027,Dust of Disappearance,Inscription,trainer,475,wh:learn,475,db2,500,db2,487,475,475,487,500,475,trainer,False
92579,Glyph of Blind,Inscription,trainer,180,wh:learn,185,db2,195,db2,190,180,185,190,195,180,trainer,False
94000,Glyph of Inferno Blast,Inscription,discovery,385,wh:learn,390,db2,405,db2,397,385,390,397,405,385,discovery,False
94401,Glyph of Cat Form,Inscription,trainer,120,wh:learn,125,db2,135,db2,130,120,125,130,135,120,trainer,False
94402,Glyph of Fae Silence,Inscription,trainer,330,wh:learn,335,db2,345,db2,340,330,335,340,345,330,trainer,False
94403,Glyph of Faerie Fire,Inscription,trainer,120,wh:learn,125,db2,135,db2,130,120,125,130,135,120,trainer,False
94404,Glyph of the Predator,Inscription,trainer,150,wh:learn,155,db2,165,db2,160,150,155,160,165,150,trainer,False
94405,Glyph of Recklessness,Inscription,trainer,150,wh:learn,155,db2,165,db2,160,150,155,160,165,150,trainer,False
94406,Glyph of Bull Rush,Inscription,trainer,250,wh:learn,255,db2,265,db2,260,250,255,260,265,250,trainer,False
94711,Glyph of Vanish,Inscription,discovery,385,wh:learn,430,db2,440,db2,435,385,430,435,440,385,discovery,False
95215,Glyph of the Treant,Inscription,discovery,75,wh:learn,155,db2,165,db2,160,75,155,160,165,75,discovery,False
95710,Glyph of Rapid Teleportation,Inscription,discovery,75,wh:learn,155,db2,165,db2,160,75,155,160,165,75,discovery,False
95825,Glyph of Protector of the Innocent,Inscription,discovery,385,wh:learn,390,db2,405,db2,397,385,390,397,405,385,discovery,False
96284,Glyph of Dark Succor,Inscription,trainer,275,wh:learn,280,db2,295,db2,287,275,280,287,295,275,trainer,False
98398,Glyph of Armors,Inscription,discovery,385,wh:learn,430,db2,440,db2,435,385,430,435,440,385,discovery,False
101057,Glyph of Lightning Shield,Inscription,discovery,385,wh:learn,430,db2,440,db2,435,385,430,435,440,385,discovery,False
107907,Glyph of Shadow,Inscription,discovery,75,wh:learn,105,db2,115,db2,110,75,105,110,115,75,discovery,False
111645,Ink of Dreams,Inscription,trainer,500,wh:learn,535,db2,545,db2,540,500,535,540,545,500,trainer,False
111646,Starlight Ink,Inscription,trainer,500,wh:learn,535,db2,545,db2,540,500,535,540,545,500,trainer,False
111830,Darkmoon Card of Mists,Inscription,trainer,600,wh:learn,605,db2,610,db2,607,600,605,607,610,600,trainer,False
111908,Inscribed Fan,Inscription,trainer,560,wh:learn,570,db2,580,db2,575,560,570,575,580,560,trainer,False
111909,Inscribed Jade Fan,Inscription,trainer,560,wh:learn,600,db2,600,db2,600,560,600,600,600,560,trainer,False
111910,Inscribed Red Fan,Inscription,trainer,560,wh:learn,600,db2,600,db2,600,560,600,600,600,560,trainer,False
111917,Rain Poppy Staff,Inscription,trainer,560,wh:learn,570,db2,580,db2,575,560,570,575,580,560,trainer,False
111918,Inscribed Crane Staff,Inscription,trainer,560,wh:learn,600,db2,605,db2,602,560,600,602,605,560,trainer,False
111919,Inscribed Serpent Staff,Inscription,trainer,560,wh:learn,600,db2,605,db2,602,560,600,602,605,560,trainer,False
111920,Ghost Iron Staff,Inscription,trainer,560,wh:learn,570,db2,580,db2,575,560,570,575,580,560,trainer,False
111921,Inscribed Tiger Staff,Inscription,trainer,560,wh:learn,600,db2,605,db2,602,560,600,602,605,560,trainer,False
112045,Runescroll of Fortitude III,Inscription,trainer,580,wh:learn,600,db2,605,db2,602,580,600,602,605,580,trainer,False
112264,Glyph of the Falling Avenger,Inscription,discovery:research,595,wh:learn,595,db2,605,db2,600,0,595,600,605,595,,False
112265,Glyph of Righteous Retreat,Inscription,discovery:research,595,wh:learn,595,db2,605,db2,600,0,595,600,605,595,,False
112266,Glyph of Bladed Judgment,Inscription,discovery:research,595,wh:learn,595,db2,605,db2,600,0,595,600,605,595,,False
112429,Glyph of Crow Feast,Inscription,discovery:research,595,wh:learn,595,db2,605,db2,600,0,595,600,605,595,,False
112430,Glyph of Burning Anger,Inscription,discovery:research,595,wh:learn,595,db2,605,db2,600,0,595,600,605,595,,False
112437,Glyph of Nimble Brew,Inscription,trainer,220,wh:learn,225,db2,235,db2,230,220,225,230,235,220,trainer,False
112440,Glyph of Paralysis,Inscription,trainer,355,wh:learn,360,db2,370,db2,365,355,360,365,370,355,trainer,False
112442,Glyph of Life Cocoon,Inscription,trainer,320,wh:learn,325,db2,335,db2,330,320,325,330,335,320,trainer,False
112444,Glyph of Touch of Karma,Inscription,trainer,370,wh:learn,375,db2,385,db2,380,370,375,380,385,370,trainer,False
112450,Glyph of Leer of the Ox,Inscription,trainer,295,wh:learn,300,db2,310,db2,305,295,300,305,310,295,trainer,False
112451,Glyph of Afterlife,Inscription,trainer,155,wh:learn,160,db2,170,db2,165,155,160,165,170,155,trainer,False
112452,Glyph of Sparring,Inscription,trainer,360,wh:learn,365,db2,375,db2,370,360,365,370,375,360,trainer,False
112454,Glyph of Detox,Inscription,trainer,365,wh:learn,370,db2,380,db2,375,365,370,375,380,365,trainer,False
112457,Glyph of Fortifying Brew,Inscription,trainer,255,wh:learn,260,db2,270,db2,265,255,260,265,270,255,trainer,False
112458,Glyph of Targeted Expulsion,Inscription,trainer,380,wh:learn,385,db2,395,db2,390,380,385,390,395,380,trainer,False
112460,Glyph of Zen Flight,Inscription,discovery:research,595,wh:learn,595,db2,605,db2,600,0,595,600,605,595,,False
112461,Glyph of Water Roll,Inscription,discovery:research,595,wh:learn,595,db2,605,db2,600,0,595,600,605,595,,False
112462,Glyph of Crackling Tiger Lightning,Inscription,trainer,485,wh:learn,490,db2,500,db2,495,485,490,495,500,485,trainer,False
112463,Glyph of Flying Serpent Kick,Inscription,trainer,495,wh:learn,500,db2,510,db2,505,495,500,505,510,495,trainer,False
112464,Glyph of Honor,Inscription,discovery:research,595,wh:learn,595,db2,605,db2,600,0,595,600,605,595,,False
112465,Glyph of Jab,Inscription,discovery:research,595,wh:learn,595,db2,605,db2,600,0,595,600,605,595,,False
112466,Glyph of Rising Tiger Kick,Inscription,discovery:research,595,wh:learn,595,db2,605,db2,600,0,595,600,605,595,,False
112468,Glyph of Spirit Roll,Inscription,discovery:research,595,wh:learn,595,db2,605,db2,600,0,595,600,605,595,,False
112469,Glyph of Fighting Pose,Inscription,trainer,490,wh:learn,495,db2,505,db2,500,490,495,500,505,490,trainer,False
112883,Tome of the Clear Mind,Inscription,trainer,500,wh:learn,540,db2,540,db2,540,500,540,540,540,500,trainer,False
112996,Scroll of Wisdom,Inscription,trainer,525,wh:learn,605,db2,610,db2,607,525,605,607,610,525,trainer,False
119481,Glyph of the Battle Healer,Inscription,discovery:research,595,wh:learn,595,db2,605,db2,600,0,595,600,605,595,,False
122015,Glyph of Incite,Inscription,discovery:research,595,wh:learn,595,db2,605,db2,600,0,595,600,605,595,,False
122030,Glyph of Mass Exorcism,Inscription,discovery:research,595,wh:learn,595,db2,605,db2,600,0,595,600,605,595,,False
123781,Glyph of the Blazing Trail,Inscription,discovery:research,595,wh:learn,595,db2,605,db2,600,0,595,600,605,595,,False
124442,Glyph of Aspect of the Beast,Inscription,trainer,450,wh:learn,455,db2,465,db2,460,450,455,460,465,450,trainer,False
124443,Glyph of Black Ice,Inscription,discovery:research,595,wh:learn,595,db2,605,db2,600,0,595,600,605,595,,False
124444,Glyph of Breath of Fire,Inscription,discovery:research,595,wh:learn,595,db2,605,db2,600,0,595,600,605,595,,False
124445,Glyph of Fists of Fury,Inscription,trainer,460,wh:learn,465,db2,475,db2,470,460,465,470,475,460,trainer,False
124446,Glyph of Clash,Inscription,discovery:research,595,wh:learn,595,db2,605,db2,600,0,595,600,605,595,,False
124447,Glyph of Enduring Healing Sphere,Inscription,discovery:research,595,wh:learn,595,db2,605,db2,600,0,595,600,605,595,,False
124448,Glyph of Rapid Rolling,Inscription,discovery:research,595,wh:learn,595,db2,605,db2,600,0,595,600,605,595,,False
124449,Glyph of Guard,Inscription,discovery:research,595,wh:learn,595,db2,605,db2,600,0,595,600,605,595,,False
124450,Glyph of Mana Tea,Inscription,discovery:research,595,wh:learn,595,db2,605,db2,600,0,595,600,605,595,,False
124451,Glyph of Zen Meditation,Inscription,trainer,380,wh:learn,385,db2,395,db2,390,380,385,390,395,380,trainer,False
124452,Glyph of Renewing Mists,Inscription,trainer,440,wh:learn,445,db2,455,db2,450,440,445,450,455,440,trainer,False
124453,Glyph of Spinning Crane Kick,Inscription,trainer,445,wh:learn,450,db2,460,db2,455,445,450,455,460,445,trainer,False
124454,Glyph of Spinning Fire Blossom,Inscription,discovery:research,595,wh:learn,595,db2,605,db2,600,0,595,600,605,595,,False
124455,Glyph of Surging Mist,Inscription,trainer,465,wh:learn,470,db2,480,db2,475,465,470,475,480,465,trainer,False
124456,Glyph of Touch of Death,Inscription,trainer,470,wh:learn,475,db2,485,db2,480,470,475,480,485,470,trainer,False
124457,Glyph of Transcendence,Inscription,discovery:research,595,wh:learn,595,db2,605,db2,600,0,595,600,605,595,,False
124459,Glyph of Mind Flay,Inscription,trainer,455,wh:learn,460,db2,470,db2,465,455,460,465,470,455,trainer,False
124460,Glyph of Vampiric Embrace,Inscription,discovery:research,595,wh:learn,595,db2,605,db2,600,0,595,600,605,595,,False
124461,Glyph of Shadow Word: Death,Inscription,discovery:research,595,wh:learn,595,db2,605,db2,600,0,595,600,605,595,,False
124463,Glyph of Fortuitous Spheres,Inscription,trainer,380,wh:learn,385,db2,395,db2,390,380,385,390,395,380,trainer,False
124466,Glyph of the Heavens,Inscription,discovery:research,595,wh:learn,595,db2,605,db2,600,0,595,600,605,595,,False
126153,Glyph of Confession,Inscription,discovery:research,595,wh:learn,595,db2,605,db2,600,0,595,600,605,595,,False
126687,Glyph of Holy Resurrection,Inscription,discovery:research,595,wh:learn,595,db2,605,db2,600,0,595,600,605,595,,False
126696,Glyph of the Val'kyr,Inscription,discovery:research,595,wh:learn,595,db2,605,db2,600,0,595,600,605,595,,False
126701,Glyph of Direction,Inscription,discovery:research,595,wh:learn,595,db2,605,db2,600,0,595,600,605,595,,False
126704,Glyph of Marking,Inscription,discovery:research,595,wh:learn,595,db2,605,db2,600,0,595,600,605,595,,False
126800,Glyph of Shadowy Friends,Inscription,discovery:research,595,wh:learn,595,db2,605,db2,600,0,595,600,605,595,,False
126801,Glyph of Fetch,Inscription,trainer,440,wh:learn,445,db2,455,db2,450,440,445,450,455,440,trainer,False
126988,Origami Crane,Inscription,trainer,600,wh:learn,605,db2,610,db2,607,600,605,607,610,600,trainer,False
126989,Origami Frog,Inscription,trainer,600,wh:learn,605,db2,610,db2,607,600,605,607,610,600,trainer,False
126994,Greater Ox Horn Inscription,Inscription,trainer,570,wh:learn,600,db2,605,db2,602,570,600,602,605,570,trainer,False
126995,Greater Crane Wing Inscription,Inscription,trainer,570,wh:learn,600,db2,605,db2,602,570,600,602,605,570,trainer,False
126996,Greater Tiger Claw Inscription,Inscription,trainer,570,wh:learn,600,db2,605,db2,602,570,600,602,605,570,trainer,False
126997,Greater Tiger Fang Inscription,Inscription,trainer,570,wh:learn,600,db2,605,db2,602,570,600,602,605,570,trainer,False
127007,Yu'lon Kite,Inscription,trainer,600,wh:learn,605,db2,610,db2,607,600,605,607,610,600,trainer,False
127009,Chi-ji Kite,Inscription,trainer,600,wh:learn,605,db2,610,db2,607,600,605,607,610,600,trainer,False
127016,Tiger Fang Inscription,Inscription,trainer,540,wh:learn,550,db2,550,db2,550,540,550,550,550,540,trainer,False
127017,Tiger Claw Inscription,Inscription,trainer,540,wh:learn,550,db2,550,db2,550,540,550,550,550,540,trainer,False
127018,Crane Wing Inscription,Inscription,trainer,540,wh:learn,550,db2,550,db2,550,540,550,550,550,540,trainer,False
127019,Ox Horn Inscription,Inscription,trainer,540,wh:learn,550,db2,550,db2,550,540,550,550,550,540,trainer,False
127020,Secret Tiger Fang Inscription,Inscription,trainer,575,wh:learn,600,db2,605,db2,602,575,600,602,605,575,trainer,False
127021,Secret Tiger Claw Inscription,Inscription,trainer,575,wh:learn,600,db2,605,db2,602,575,600,602,605,575,trainer,False
127023,Secret Crane Wing Inscription,Inscription,trainer,575,wh:learn,600,db2,605,db2,602,575,600,602,605,575,trainer,False
127024,Secret Ox Horn Inscription,Inscription,trainer,575,wh:learn,600,db2,605,db2,602,575,600,602,605,575,trainer,False
127378,Commissioned Painting,Inscription,special,600,wh:learn,600,db2,605,db2,602,0,600,602,605,600,,False
127391,Engraved Jade Disk,Inscription,special,600,wh:learn,600,db2,605,db2,602,0,600,602,605,600,,False
127475,Incarnadine Ink,Inscription,item,600,db2:item-req,600,db2,605,db2,602,,,,,,,False
127481,Inscribed Monument,Inscription,special,600,wh:learn,600,db2,605,db2,602,0,600,602,605,600,,False
127625,Glyph of Lightspring,Inscription,trainer,255,wh:learn,260,db2,270,db2,265,255,260,265,270,255,trainer,False
128922,Portrait of Madam Goya,Inscription,special,600,wh:learn,600,db2,605,db2,602,0,600,602,605,600,,False
130407,Mystery of the Mists,Inscription,discovery?,605,wh:learn,605,db2,610,db2,607,0,605,607,610,605,,False
131152,Glyph of the Cheetah,Inscription,discovery:research,595,wh:learn,595,db2,605,db2,600,0,595,600,605,595,,False
132167,Glyph of Blackout Kick,Inscription,discovery:research,595,wh:learn,595,db2,605,db2,600,0,595,600,605,595,,False
135535,Glyph of Supernova,Inscription,unobtainable,,,595,,605,,,,,,,,,False
135561,Glyph of Gateway Attunement,Inscription,discovery:research,595,wh:learn,595,db2,605,db2,600,0,595,600,605,595,,False
146638,Crafted Malevolent Gladiator's Medallion of Tenacity,Inscription,item,600,db2:item-req,595,db2,605,db2,600,0,600,600,605,600,quest,False
148255,Glyph of Swift Death,Inscription,item,500,db2:item-req,595,db2,605,db2,600,500,595,600,605,500,quest,False
148256,Glyph of Loud Horn,Inscription,item,500,db2:item-req,595,db2,605,db2,600,500,595,600,605,500,quest,False
148257,Glyph of Regenerative Magic,Inscription,item,500,db2:item-req,595,db2,605,db2,600,500,595,600,605,500,quest,False
148258,Glyph of Festering Blood,Inscription,item,500,db2:item-req,595,db2,605,db2,600,500,595,600,605,500,quest,False
148259,Glyph of Divine Shield,Inscription,item,500,db2:item-req,595,db2,605,db2,600,500,595,600,605,500,quest,False
148260,Glyph of Hand of Sacrifice,Inscription,item,500,db2:item-req,595,db2,605,db2,600,500,595,600,605,500,quest,False
148261,Glyph of Purging,Inscription,item,500,db2:item-req,595,db2,605,db2,600,500,595,600,605,500,quest,False
148262,Glyph of Eternal Earth,Inscription,item,500,db2:item-req,595,db2,605,db2,600,500,595,600,605,500,quest,False
148264,Glyph of Impaling Throws,Inscription,item,500,db2:item-req,595,db2,605,db2,600,500,595,600,605,500,quest,False
148265,Glyph of the Executor,Inscription,item,500,db2:item-req,595,db2,605,db2,600,500,595,600,605,500,quest,False
148266,Glyph of the Skeleton,Inscription,item,500,db2:item-req,595,db2,605,db2,600,500,595,600,605,500,quest,False
148267,Glyph of the Long Winter,Inscription,item,500,db2:item-req,595,db2,605,db2,600,500,595,600,605,500,quest,False
148268,Glyph of the Sprouting Mushroom,Inscription,item,500,db2:item-req,595,db2,605,db2,600,500,595,600,605,500,quest,False
148269,Glyph of One with Nature,Inscription,item,500,db2:item-req,595,db2,605,db2,600,500,595,600,605,500,quest,False
148270,Glyph of the Unbound Elemental,Inscription,item,500,db2:item-req,595,db2,605,db2,600,500,595,600,605,500,quest,False
148271,Glyph of Evaporation,Inscription,item,500,db2:item-req,595,db2,605,db2,600,500,595,600,605,500,quest,False
148272,Glyph of Condensation,Inscription,item,500,db2:item-req,595,db2,605,db2,600,500,595,600,605,500,quest,False
148273,Glyph of the Exorcist,Inscription,item,500,db2:item-req,595,db2,605,db2,600,500,595,600,605,500,quest,False
148274,Glyph of Pillar of Light,Inscription,item,500,db2:item-req,595,db2,605,db2,600,500,595,600,605,500,quest,False
148275,Glyph of Angels,Inscription,item,500,db2:item-req,595,db2,605,db2,600,500,595,600,605,500,quest,False
148276,Glyph of the Sha,Inscription,item,500,db2:item-req,595,db2,605,db2,600,500,595,600,605,500,quest,False
148277,Glyph of Shifted Appearances,Inscription,item,500,db2:item-req,595,db2,605,db2,600,500,595,600,605,500,world,False
148278,Glyph of Inspired Hymns,Inscription,item,500,db2:item-req,595,db2,605,db2,600,500,595,600,605,500,quest,False
148279,Glyph of Headhunting,Inscription,item,500,db2:item-req,595,db2,605,db2,600,500,595,600,605,500,quest,False
148280,Glyph of Improved Distraction,Inscription,item,500,db2:item-req,595,db2,605,db2,600,500,595,600,605,500,quest,False
148281,Glyph of Spirit Raptors,Inscription,item,500,db2:item-req,595,db2,605,db2,600,500,595,600,605,500,quest,False
148282,Glyph of Lingering Ancestors,Inscription,item,500,db2:item-req,595,db2,605,db2,600,500,595,600,605,500,quest,False
148283,Glyph of Spirit Wolf,Inscription,item,500,db2:item-req,595,db2,605,db2,600,500,595,600,605,500,quest,False
148284,Glyph of Flaming Serpent,Inscription,item,500,db2:item-req,595,db2,605,db2,600,500,595,600,605,500,quest,False
148285,Glyph of the Compy,Inscription,item,500,db2:item-req,595,db2,605,db2,600,500,595,600,605,500,quest,False
148286,Glyph of Elemental Familiars,Inscription,item,500,db2:item-req,595,db2,605,db2,600,500,595,600,605,500,quest,False
148287,Glyph of Astral Fixation,Inscription,item,500,db2:item-req,595,db2,605,db2,600,500,595,600,605,500,quest,False
148288,Glyph of Rain of Frogs,Inscription,item,500,db2:item-req,595,db2,605,db2,600,500,595,600,605,500,quest,False
148289,Glyph of the Raging Whirlwind,Inscription,item,500,db2:item-req,595,db2,605,db2,600,500,595,600,605,500,quest,False
148290,Glyph of the Subtle Defender,Inscription,item,500,db2:item-req,595,db2,605,db2,600,500,595,600,605,500,quest,False
148291,Glyph of the Watchful Eye,Inscription,item,500,db2:item-req,595,db2,605,db2,600,500,595,600,605,500,quest,False
148292,Glyph of the Weaponmaster,Inscription,item,500,db2:item-req,595,db2,605,db2,600,500,595,600,605,500,quest,False
148487,Glyph of the Lean Pack,Inscription,item,500,db2:item-req,595,db2,605,db2,600,500,595,600,605,500,quest,False
148488,Glyph of Focused Fire,Inscription,item,75,wh:learn<item,595,db2,605,db2,600,75,595,600,605,75,discovery,False
148489,Glyph of Enduring Deceit,Inscription,item,500,db2:item-req,595,db2,605,db2,600,500,595,600,605,500,quest,False
148490,Glyph of Chameleon,Inscription,item,75,wh:learn<item,595,db2,605,db2,600,75,595,600,605,75,discovery,False
1216290,Bloodthirsty Eyeball of Dominance,Inscription,discovery?,520,wh:learn,520,db2,530,db2,525,0,520,525,530,520,,False
1216316,Bloodthirsty Charm of Triumph,Inscription,discovery?,520,wh:learn,520,db2,530,db2,525,0,520,525,530,520,,False
1216317,Bloodthirsty Jawbone of Conquest,Inscription,discovery?,520,wh:learn,520,db2,530,db2,525,0,520,525,530,520,,False
25255,Delicate Copper Wire,Jewelcrafting,auto,1,rule:orange1,20,db2,50,db2,35,0,20,35,50,20,,False
25278,Bronze Setting,Jewelcrafting,trainer,50,wh:learn,70,db2,90,db2,80,50,70,80,90,50,trainer,False
25280,Elegant Silver Ring,Jewelcrafting,trainer,50,wh:learn,80,db2,110,db2,95,50,80,95,110,50,trainer,False
25283,Inlaid Malachite Ring,Jewelcrafting,trainer,30,wh:learn,60,db2,90,db2,75,30,60,75,90,30,trainer,False
25284,Simple Pearl Ring,Jewelcrafting,trainer,60,wh:learn,90,db2,120,db2,105,60,90,105,120,60,trainer,False
25287,Gloom Band,Jewelcrafting,trainer,70,wh:learn,100,db2,130,db2,115,70,100,115,130,70,trainer,False
25305,Heavy Silver Ring,Jewelcrafting,trainer,90,wh:learn,120,db2,150,db2,135,90,120,135,150,90,trainer,False
25317,Ring of Silver Might,Jewelcrafting,trainer,80,wh:learn,110,db2,140,db2,125,80,110,125,140,80,trainer,False
25318,Ring of Twilight Shadows,Jewelcrafting,trainer,100,wh:learn,130,db2,160,db2,145,100,130,145,160,100,trainer,False
25320,Heavy Golden Necklace of Battle,Jewelcrafting,item,150,db2:item-req,180,db2,210,db2,195,150,180,195,210,150,world,False
25321,Moonsoul Crown,Jewelcrafting,trainer,120,wh:learn,150,db2,180,db2,165,120,150,165,180,120,trainer,False
25323,Wicked Moonstone Ring,Jewelcrafting,item,125,db2:item-req,155,db2,185,db2,170,125,155,170,185,125,world,False
25339,Amulet of the Moon,Jewelcrafting,item,110,db2:item-req,140,db2,170,db2,155,110,140,155,170,110,world,False
25490,Solid Bronze Ring,Jewelcrafting,trainer,50,wh:learn,80,db2,110,db2,95,50,80,95,110,50,trainer,False
25493,Braided Copper Ring,Jewelcrafting,auto,1,rule:orange1,30,db2,60,db2,45,0,30,45,60,30,,False
25498,Barbaric Iron Collar,Jewelcrafting,trainer,110,wh:learn,140,db2,170,db2,155,110,140,155,170,110,trainer,False
25610,Pendant of the Agate Shield,Jewelcrafting,item,120,db2:item-req,150,db2,180,db2,165,120,150,165,180,120,world+trainer,False
25612,Heavy Iron Knuckles,Jewelcrafting,item,125,db2:item-req,155,db2,185,db2,170,125,155,170,185,125,world+trainer,False
25613,Golden Dragon Ring,Jewelcrafting,trainer,135,wh:learn,165,db2,195,db2,180,135,165,180,195,135,trainer,False
25614,Silver Rose Pendant,Jewelcrafting,item,145,db2:item-req,175,db2,205,db2,190,,,,,,,False
25615,Mithril Filigree,Jewelcrafting,trainer,150,wh:learn,170,db2,190,db2,180,150,170,180,190,150,trainer,False
25617,Blazing Citrine Ring,Jewelcrafting,item,150,db2:item-req,180,db2,210,db2,195,150,180,195,210,150,world+trainer,False
25618,Jade Pendant of Blasting,Jewelcrafting,item,160,db2:item-req,190,db2,220,db2,205,160,190,205,220,160,quest,False
25619,The Jade Eye,Jewelcrafting,item,170,db2:item-req,200,db2,230,db2,215,170,200,215,230,170,world,False
25620,Engraved Truesilver Ring,Jewelcrafting,trainer,170,wh:learn,200,db2,230,db2,215,170,200,215,230,170,trainer,False
25621,Citrine Ring of Rapid Healing,Jewelcrafting,trainer,180,wh:learn,210,db2,240,db2,225,180,210,225,240,180,trainer,False
25622,Citrine Pendant of Golden Healing,Jewelcrafting,item,190,db2:item-req,220,db2,250,db2,235,190,220,235,250,190,quest,False
26872,Figurine - Jade Owl,Jewelcrafting,trainer,200,wh:learn,225,db2,255,db2,240,200,225,240,255,200,trainer,False
26873,Figurine - Golden Hare,Jewelcrafting,item,200,db2:item-req,225,db2,255,db2,240,200,225,240,255,200,quest,False
26874,Aquamarine Signet,Jewelcrafting,trainer,210,wh:learn,235,db2,265,db2,250,210,235,250,265,210,trainer,False
26875,Figurine - Black Pearl Panther,Jewelcrafting,item,215,db2:item-req,240,db2,270,db2,255,215,240,255,270,215,world,False
26876,Aquamarine Pendant of the Warrior,Jewelcrafting,trainer,220,wh:learn,245,db2,275,db2,260,220,245,260,275,220,trainer,False
26878,Ruby Crown of Restoration,Jewelcrafting,item,225,db2:item-req,250,db2,280,db2,265,225,250,265,280,225,world,False
26880,Thorium Setting,Jewelcrafting,trainer,225,wh:learn,235,db2,255,db2,245,225,235,245,255,225,trainer,False
26881,Figurine - Truesilver Crab,Jewelcrafting,item,225,db2:item-req,250,db2,280,db2,265,225,250,265,280,225,world,False
26882,Figurine - Truesilver Boar,Jewelcrafting,item,235,db2:item-req,260,db2,290,db2,275,235,260,275,290,235,quest,False
26883,Ruby Pendant of Fire,Jewelcrafting,trainer,235,wh:learn,260,db2,290,db2,275,235,260,275,290,235,trainer,False
26885,Truesilver Healing Ring,Jewelcrafting,trainer,240,wh:learn,265,db2,295,db2,280,240,265,280,295,240,trainer,False
26887,The Aquamarine Ward,Jewelcrafting,item,245,db2:item-req,270,db2,300,db2,285,245,270,285,300,245,quest,False
26896,Gem Studded Band,Jewelcrafting,item,250,db2:item-req,275,db2,305,db2,290,250,275,290,305,250,quest,False
26897,Opal Necklace of Impact,Jewelcrafting,item,250,db2:item-req,275,db2,305,db2,290,250,275,290,305,250,world,False
26900,Figurine - Ruby Serpent,Jewelcrafting,item,260,db2:item-req,280,db2,300,db2,290,260,280,290,300,260,quest,False
26902,Simple Opal Ring,Jewelcrafting,trainer,260,wh:learn,280,db2,300,db2,290,260,280,290,300,260,trainer,False
26903,Sapphire Signet,Jewelcrafting,trainer,275,wh:learn,285,db2,305,db2,295,275,285,295,305,275,trainer,False
26906,Emerald Crown of Destruction,Jewelcrafting,item,275,db2:item-req,285,db2,305,db2,295,275,285,295,305,275,world,False
26907,Onslaught Ring,Jewelcrafting,trainer,280,wh:learn,290,db2,310,db2,300,280,290,300,310,280,trainer,False
26908,Sapphire Pendant of Winter Night,Jewelcrafting,trainer,280,wh:learn,290,db2,310,db2,300,280,290,300,310,280,trainer,False
26909,Figurine - Emerald Owl,Jewelcrafting,item,285,db2:item-req,295,db2,315,db2,305,285,295,305,315,285,quest+world,False
26910,Ring of Bitter Shadows,Jewelcrafting,item,285,db2:item-req,295,db2,315,db2,305,285,295,305,315,285,world,False
26911,Living Emerald Pendant,Jewelcrafting,trainer,290,wh:learn,300,db2,320,db2,310,290,300,310,320,290,trainer,False
26912,Figurine - Black Diamond Crab,Jewelcrafting,item,300,db2:item-req,310,db2,330,db2,320,300,310,320,330,300,quest,False
26914,Figurine - Dark Iron Scorpid,Jewelcrafting,item,300,db2:item-req,310,db2,330,db2,320,300,310,320,330,300,quest,False
26915,Necklace of the Diamond Tower,Jewelcrafting,item,305,db2:item-req,315,db2,335,db2,325,305,315,325,335,305,world,False
26916,Band of Natural Fire,Jewelcrafting,trainer,310,wh:learn,320,db2,340,db2,330,310,320,330,340,310,trainer,False
26918,Arcanite Sword Pendant,Jewelcrafting,item,315,db2:item-req,325,db2,345,db2,335,315,325,335,345,315,,False
26920,Blood Crown,Jewelcrafting,item,325,db2:item-req,335,db2,355,db2,345,325,335,345,355,325,,False
26925,Woven Copper Ring,Jewelcrafting,auto,1,rule:orange1,30,db2,60,db2,45,0,30,45,60,30,,False
26926,Heavy Copper Ring,Jewelcrafting,trainer,5,wh:learn,35,db2,65,db2,50,5,35,50,65,5,trainer,False
26927,Thick Bronze Necklace,Jewelcrafting,trainer,50,wh:learn,80,db2,110,db2,95,50,80,95,110,50,trainer,False
26928,Ornate Tigerseye Necklace,Jewelcrafting,trainer,30,wh:learn,60,db2,90,db2,75,30,60,75,90,30,trainer,False
28903,Brilliant Blood Garnet,Jewelcrafting,item,300,db2:item-req,300,db2,340,db2,320,300,300,320,340,300,world,False
28905,Bold Blood Garnet,Jewelcrafting,item,300,wh:learn<item,305,db2,345,db2,325,300,305,325,345,300,world+trainer,False
28910,Inscribed Flame Spessarite,Jewelcrafting,item,300,db2:item-req,300,db2,340,db2,320,300,300,320,340,300,world+trainer,False
28912,Reckless Flame Spessarite,Jewelcrafting,item,305,db2:item-req,305,db2,345,db2,325,305,305,325,345,305,world,False
28914,Glinting Shadow Draenite,Jewelcrafting,item,315,db2:item-req,315,db2,355,db2,335,315,315,335,355,315,world+trainer,False
28915,Potent Flame Spessarite,Jewelcrafting,item,325,db2:item-req,325,db2,355,db2,340,325,325,340,355,325,world,False
28916,Radiant Deep Peridot,Jewelcrafting,item,300,db2:item-req,300,db2,340,db2,320,300,300,320,340,300,world+trainer,False
28917,Jagged Deep Peridot,Jewelcrafting,item,300,wh:learn<item,305,db2,345,db2,325,300,305,325,345,300,world+trainer,False
28918,Regal Deep Peridot,Jewelcrafting,item,315,db2:item-req,315,db2,355,db2,335,315,315,335,355,315,world,False
28925,Timeless Shadow Draenite,Jewelcrafting,item,300,db2:item-req,300,db2,340,db2,320,300,300,320,340,300,world+trainer,False
28927,Purified Shadow Draenite,Jewelcrafting,item,305,wh:learn<item,305,db2,345,db2,325,305,305,325,345,305,world,False
28933,Shifting Shadow Draenite,Jewelcrafting,item,315,db2:item-req,315,db2,355,db2,335,0,325,335,355,325,quest+world,False
28936,Sovereign Shadow Draenite,Jewelcrafting,item,325,db2:item-req,325,db2,355,db2,340,325,325,340,355,325,world+trainer,False
28944,Smooth Golden Draenite,Jewelcrafting,item,305,db2:item-req,305,db2,345,db2,325,0,325,325,345,325,world,False
28947,Subtle Golden Draenite,Jewelcrafting,item,315,db2:item-req,315,db2,355,db2,335,315,315,335,355,315,world,False
28948,Rigid Azure Moonstone,Jewelcrafting,item,325,db2:item-req,325,db2,355,db2,340,325,325,340,355,325,quest+world+trainer,False
28950,Solid Azure Moonstone,Jewelcrafting,item,300,db2:item-req,300,db2,340,db2,320,300,300,320,340,300,world+trainer,False
28953,Sparkling Azure Moonstone,Jewelcrafting,item,300,wh:learn<item,305,db2,345,db2,325,300,305,325,345,300,world+trainer,False
28955,Stormy Azure Moonstone,Jewelcrafting,item,315,db2:item-req,315,db2,355,db2,335,315,315,335,355,315,quest,False
31048,Fel Iron Blood Ring,Jewelcrafting,trainer,305,wh:learn,320,db2,340,db2,330,305,320,330,340,305,trainer,False
31049,Golden Draenite Ring,Jewelcrafting,trainer,305,wh:learn,320,db2,350,db2,335,305,320,335,350,305,trainer,False
31050,Azure Moonstone Ring,Jewelcrafting,trainer,320,wh:learn,330,db2,350,db2,340,320,330,340,350,320,trainer,False
31051,Thick Adamantite Necklace,Jewelcrafting,trainer,335,wh:learn,345,db2,365,db2,355,335,345,355,365,335,trainer,False
31052,Heavy Adamantite Ring,Jewelcrafting,trainer,335,wh:learn,345,db2,365,db2,355,335,345,355,365,335,trainer,False
31053,Khorium Band of Shadows,Jewelcrafting,item,350,db2:item-req,360,db2,380,db2,370,350,360,370,380,350,quest,False
31054,Khorium Band of Frost,Jewelcrafting,item,355,db2:item-req,365,db2,380,db2,372,355,365,372,380,355,quest,False
31055,Khorium Inferno Band,Jewelcrafting,item,355,db2:item-req,365,db2,380,db2,372,355,365,372,380,355,quest,False
31056,Khorium Band of Leaves,Jewelcrafting,item,360,db2:item-req,370,db2,380,db2,375,360,370,375,380,360,quest,False
31057,Arcane Khorium Band,Jewelcrafting,item,365,db2:item-req,370,db2,380,db2,375,365,370,375,380,365,quest,False
31058,Heavy Felsteel Ring,Jewelcrafting,item,345,db2:item-req,355,db2,375,db2,365,345,355,365,375,345,quest,False
31060,Delicate Eternium Ring,Jewelcrafting,item,355,db2:item-req,365,db2,385,db2,375,355,365,375,385,355,quest,False
31061,Blazing Eternium Band,Jewelcrafting,item,365,db2:item-req,375,db2,380,db2,377,365,375,377,380,365,quest,False
31062,Pendant of Frozen Flame,Jewelcrafting,item,360,db2:item-req,370,db2,380,db2,375,360,370,375,380,360,world,False
31063,Pendant of Thawing,Jewelcrafting,item,360,db2:item-req,370,db2,380,db2,375,360,370,375,380,360,world,False
31064,Pendant of Withering,Jewelcrafting,item,360,db2:item-req,370,db2,380,db2,375,360,370,375,380,360,world,False
31065,Pendant of Shadow's End,Jewelcrafting,item,360,db2:item-req,370,db2,380,db2,375,360,370,375,380,360,world,False
31066,Pendant of the Null Rune,Jewelcrafting,item,360,db2:item-req,370,db2,380,db2,375,360,370,375,380,360,world,False
31067,Thick Felsteel Necklace,Jewelcrafting,item,355,db2:item-req,365,db2,385,db2,375,355,365,375,385,355,quest,False
31068,Living Ruby Pendant,Jewelcrafting,item,355,db2:item-req,365,db2,385,db2,375,355,365,375,385,355,quest,False
31070,Braided Eternium Chain,Jewelcrafting,item,360,db2:item-req,370,db2,385,db2,377,360,370,377,385,360,quest,False
31071,Eye of the Night,Jewelcrafting,item,360,db2:item-req,370,db2,380,db2,375,360,370,375,380,360,quest,False
31072,Embrace of the Dawn,Jewelcrafting,item,365,db2:item-req,375,db2,385,db2,380,365,375,380,385,365,quest,False
31076,Chain of the Twilight Owl,Jewelcrafting,item,365,db2:item-req,375,db2,385,db2,380,365,375,380,385,365,quest,False
31077,Coronet of Verdant Flame,Jewelcrafting,item,370,db2:item-req,375,db2,385,db2,380,370,375,380,385,370,quest,False
31078,Circlet of Arcane Might,Jewelcrafting,item,370,db2:item-req,375,db2,385,db2,380,370,375,380,385,370,quest,False
31079,Figurine - Felsteel Boar,Jewelcrafting,item,370,db2:item-req,375,db2,385,db2,380,370,375,380,385,370,world,False
31080,Figurine - Dawnstone Crab,Jewelcrafting,item,370,db2:item-req,375,db2,385,db2,380,370,375,380,385,370,world,False
31081,Figurine - Living Ruby Serpent,Jewelcrafting,item,370,db2:item-req,375,db2,385,db2,380,370,375,380,385,370,world,False
31082,Figurine - Talasite Owl,Jewelcrafting,item,370,db2:item-req,375,db2,385,db2,380,370,375,380,385,370,world,False
31083,Figurine - Nightseye Panther,Jewelcrafting,item,370,db2:item-req,375,db2,385,db2,380,370,375,380,385,370,world,False
31084,Bold Living Ruby,Jewelcrafting,item,350,db2:item-req,350,db2,380,db2,365,350,350,365,380,350,quest,False
31085,Delicate Living Ruby,Jewelcrafting,item,350,db2:item-req,350,db2,380,db2,365,350,350,365,380,350,quest,False
31088,Brilliant Living Ruby,Jewelcrafting,item,350,db2:item-req,350,db2,380,db2,365,350,350,365,380,350,quest,False
31090,Subtle Dawnstone,Jewelcrafting,item,350,db2:item-req,350,db2,380,db2,365,350,350,365,380,350,quest,False
31091,Flashing Living Ruby,Jewelcrafting,item,350,db2:item-req,350,db2,380,db2,365,350,350,365,380,350,quest,False
31092,Solid Star of Elune,Jewelcrafting,item,350,db2:item-req,350,db2,380,db2,365,350,350,365,380,350,quest,False
31095,Stormy Star of Elune,Jewelcrafting,item,350,db2:item-req,350,db2,380,db2,365,350,350,365,380,350,quest,False
31097,Smooth Dawnstone,Jewelcrafting,item,350,db2:item-req,350,db2,380,db2,365,350,350,365,380,350,quest,False
31098,Rigid Star of Elune,Jewelcrafting,item,350,db2:item-req,350,db2,380,db2,365,350,350,365,380,350,quest,False
31101,Mystic Dawnstone,Jewelcrafting,item,350,db2:item-req,350,db2,380,db2,365,350,350,365,380,350,world,False
31102,Sovereign Nightseye,Jewelcrafting,item,350,db2:item-req,350,db2,380,db2,365,350,350,365,380,350,quest,False
31103,Shifting Nightseye,Jewelcrafting,item,350,db2:item-req,350,db2,380,db2,365,350,350,365,380,350,quest,False
31104,Timeless Nightseye,Jewelcrafting,item,350,db2:item-req,350,db2,380,db2,365,350,350,365,380,350,quest,False
31106,Inscribed Noble Topaz,Jewelcrafting,item,350,db2:item-req,350,db2,380,db2,365,350,350,365,380,350,quest,False
31107,Potent Noble Topaz,Jewelcrafting,item,350,db2:item-req,350,db2,380,db2,365,350,350,365,380,350,quest,False
31108,Reckless Noble Topaz,Jewelcrafting,item,350,db2:item-req,350,db2,380,db2,365,350,350,365,380,350,quest+world,False
31109,Glinting Nightseye,Jewelcrafting,item,350,db2:item-req,350,db2,380,db2,365,350,350,365,380,350,quest,False
31111,Radiant Talasite,Jewelcrafting,item,350,db2:item-req,350,db2,380,db2,365,350,350,365,380,350,quest,False
31112,Purified Nightseye,Jewelcrafting,item,350,db2:item-req,350,db2,380,db2,365,350,350,365,380,350,quest,False
31113,Jagged Talasite,Jewelcrafting,item,350,db2:item-req,350,db2,380,db2,365,350,350,365,380,350,quest,False
31149,Sparkling Star of Elune,Jewelcrafting,item,350,db2:item-req,350,db2,380,db2,365,350,350,365,380,350,quest,False
32178,Malachite Pendant,Jewelcrafting,trainer,20,wh:learn,50,db2,80,db2,65,20,50,65,80,20,trainer,False
32179,Tigerseye Band,Jewelcrafting,trainer,20,wh:learn,50,db2,80,db2,65,20,50,65,80,20,trainer,False
32259,Rough Stone Statue,Jewelcrafting,auto,1,rule:orange1,30,db2,50,db2,40,0,30,40,50,30,,False
32801,Coarse Stone Statue,Jewelcrafting,trainer,50,wh:learn,70,db2,90,db2,80,50,70,80,90,50,trainer,False
32807,Heavy Stone Statue,Jewelcrafting,trainer,110,wh:learn,120,db2,140,db2,130,110,120,130,140,110,trainer,False
32808,Solid Stone Statue,Jewelcrafting,trainer,175,wh:learn,175,db2,195,db2,185,175,175,185,195,175,trainer,False
32809,Dense Stone Statue,Jewelcrafting,trainer,225,wh:learn,225,db2,245,db2,235,225,225,235,245,225,trainer,False
32810,Primal Stone Statue,Jewelcrafting,item,300,db2:item-req,300,db2,320,db2,310,,,,,,,False
32866,Powerful Earthstorm Diamond,Jewelcrafting,item,365,db2:item-req,375,db2,380,db2,377,365,375,377,380,365,world,False
32867,Bracing Earthstorm Diamond,Jewelcrafting,item,365,db2:item-req,375,db2,380,db2,377,365,375,377,380,365,world,False
32868,Tenacious Earthstorm Diamond,Jewelcrafting,item,365,db2:item-req,375,db2,380,db2,377,365,375,377,380,365,quest,False
32869,Brutal Earthstorm Diamond,Jewelcrafting,item,365,db2:item-req,375,db2,380,db2,377,365,375,377,380,365,quest,False
32870,Insightful Earthstorm Diamond,Jewelcrafting,item,365,db2:item-req,375,db2,380,db2,377,365,375,377,380,365,world,False
32871,Destructive Skyfire Diamond,Jewelcrafting,item,365,db2:item-req,375,db2,380,db2,377,365,375,377,380,365,quest,False
32872,Mystical Skyfire Diamond,Jewelcrafting,item,365,db2:item-req,375,db2,380,db2,377,365,375,377,380,365,quest,False
32873,Swift Skyfire Diamond,Jewelcrafting,item,365,db2:item-req,375,db2,380,db2,377,365,375,377,380,365,world,False
32874,Enigmatic Skyfire Diamond,Jewelcrafting,item,365,db2:item-req,375,db2,380,db2,377,365,375,377,380,365,world,False
34590,Delicate Blood Garnet,Jewelcrafting,item,300,wh:learn<item,305,db2,345,db2,325,300,305,325,345,300,world+trainer,False
34955,Golden Ring of Power,Jewelcrafting,trainer,180,wh:learn,190,db2,210,db2,200,180,190,200,210,180,trainer,False
34959,Truesilver Commander's Ring,Jewelcrafting,trainer,200,wh:learn,210,db2,230,db2,220,200,210,220,230,200,trainer,False
34960,Glowing Thorium Band,Jewelcrafting,trainer,280,wh:learn,290,db2,310,db2,300,280,290,300,310,280,trainer,False
34961,Emerald Lion Ring,Jewelcrafting,trainer,290,wh:learn,300,db2,320,db2,310,290,300,310,320,290,trainer,False
36523,Brilliant Necklace,Jewelcrafting,trainer,75,wh:learn,105,db2,135,db2,120,75,105,120,135,75,trainer,False
36524,Heavy Jade Ring,Jewelcrafting,trainer,105,wh:learn,135,db2,165,db2,150,105,135,150,165,105,trainer,False
36525,Red Ring of Destruction,Jewelcrafting,trainer,230,wh:learn,255,db2,285,db2,270,230,255,270,285,230,trainer,False
36526,Diamond Focus Ring,Jewelcrafting,trainer,265,wh:learn,285,db2,305,db2,295,265,285,295,305,265,trainer,False
37818,Bronze Band of Force,Jewelcrafting,trainer,65,wh:learn,95,db2,125,db2,110,65,95,110,125,65,trainer,False
37855,Ring of Arcane Shielding,Jewelcrafting,item,360,db2:item-req,370,db2,380,db2,375,360,370,375,380,360,world,False
38068,Mercurial Adamantite,Jewelcrafting,trainer,325,wh:learn,325,db2,345,db2,335,325,325,335,345,325,trainer,False
38175,Bronze Torc,Jewelcrafting,trainer,80,wh:learn,110,db2,140,db2,125,80,110,125,140,80,trainer,False
38503,The Frozen Eye,Jewelcrafting,item,375,db2:item-req,375,db2,385,db2,380,375,375,380,385,375,world,False
38504,The Natural Ward,Jewelcrafting,item,375,db2:item-req,375,db2,385,db2,380,375,375,380,385,375,world,False
39466,Veiled Shadow Draenite,Jewelcrafting,item,325,db2:item-req,325,db2,355,db2,340,325,325,340,355,325,quest,False
39467,Deadly Flame Spessarite,Jewelcrafting,item,325,db2:item-req,325,db2,355,db2,340,325,325,340,355,325,quest,False
39470,Veiled Nightseye,Jewelcrafting,item,350,db2:item-req,350,db2,380,db2,365,350,350,365,380,350,quest,False
39471,Deadly Noble Topaz,Jewelcrafting,item,350,db2:item-req,350,db2,380,db2,365,350,350,365,380,350,quest,False
39705,Bold Crimson Spinel,Jewelcrafting,item,375,db2:item-req,375,db2,385,db2,380,375,375,380,385,375,world,False
39706,Delicate Crimson Spinel,Jewelcrafting,item,375,db2:item-req,375,db2,385,db2,380,375,375,380,385,375,world,False
39711,Brilliant Crimson Spinel,Jewelcrafting,item,375,db2:item-req,375,db2,385,db2,380,375,375,380,385,375,world,False
39713,Subtle Lionseye,Jewelcrafting,item,375,db2:item-req,375,db2,385,db2,380,375,375,380,385,375,world,False
39714,Flashing Crimson Spinel,Jewelcrafting,item,375,db2:item-req,375,db2,385,db2,380,375,375,380,385,375,quest+world,False
39715,Solid Empyrean Sapphire,Jewelcrafting,item,375,db2:item-req,375,db2,385,db2,380,375,375,380,385,375,world,False
39716,Sparkling Empyrean Sapphire,Jewelcrafting,item,375,db2:item-req,375,db2,385,db2,380,375,375,380,385,375,world,False
39718,Stormy Empyrean Sapphire,Jewelcrafting,item,375,db2:item-req,375,db2,385,db2,380,375,375,380,385,375,quest+world,False
39720,Smooth Lionseye,Jewelcrafting,item,375,db2:item-req,375,db2,385,db2,380,375,375,380,385,375,world,False
39721,Rigid Empyrean Sapphire,Jewelcrafting,item,375,db2:item-req,375,db2,385,db2,380,375,375,380,385,375,quest+world,False
39724,Mystic Lionseye,Jewelcrafting,item,375,db2:item-req,375,db2,385,db2,380,375,375,380,385,375,quest+world,False
39727,Sovereign Shadowsong Amethyst,Jewelcrafting,item,375,db2:item-req,375,db2,385,db2,380,375,375,380,385,375,quest+world,False
39728,Shifting Shadowsong Amethyst,Jewelcrafting,item,375,db2:item-req,375,db2,385,db2,380,375,375,380,385,375,quest+world,False
39731,Timeless Shadowsong Amethyst,Jewelcrafting,item,375,db2:item-req,375,db2,385,db2,380,375,375,380,385,375,world,False
39733,Inscribed Pyrestone,Jewelcrafting,item,375,db2:item-req,375,db2,385,db2,380,375,375,380,385,375,quest+world,False
39734,Potent Pyrestone,Jewelcrafting,item,375,db2:item-req,375,db2,385,db2,380,375,375,380,385,375,world,False
39736,Glinting Shadowsong Amethyst,Jewelcrafting,item,375,db2:item-req,375,db2,385,db2,380,375,375,380,385,375,world,False
39737,Veiled Shadowsong Amethyst,Jewelcrafting,item,375,db2:item-req,375,db2,385,db2,380,375,375,380,385,375,quest+world,False
39738,Deadly Pyrestone,Jewelcrafting,item,375,db2:item-req,375,db2,385,db2,380,375,375,380,385,375,world,False
39739,Regal Seaspray Emerald,Jewelcrafting,item,375,db2:item-req,375,db2,385,db2,380,375,375,380,385,375,world,False
39740,Radiant Seaspray Emerald,Jewelcrafting,item,375,db2:item-req,375,db2,385,db2,380,375,375,380,385,375,world,False
39741,Purified Shadowsong Amethyst,Jewelcrafting,item,375,db2:item-req,375,db2,385,db2,380,375,375,380,385,375,world,False
39742,Jagged Seaspray Emerald,Jewelcrafting,item,375,db2:item-req,375,db2,385,db2,380,375,375,380,385,375,world,False
39961,Relentless Earthstorm Diamond,Jewelcrafting,item,365,db2:item-req,375,db2,380,db2,377,365,375,377,380,365,world,False
39963,Thundering Skyfire Diamond,Jewelcrafting,item,365,db2:item-req,375,db2,380,db2,377,365,375,377,380,365,quest,False
40514,Necklace of the Deep,Jewelcrafting,trainer,340,wh:learn,340,db2,370,db2,355,340,340,355,370,340,trainer,False
41414,Brilliant Pearl Band,Jewelcrafting,trainer,325,wh:learn,335,db2,355,db2,345,325,335,345,355,325,trainer,False
41415,The Black Pearl,Jewelcrafting,trainer,330,wh:learn,340,db2,360,db2,350,330,340,350,360,330,trainer,False
41418,Crown of the Sea Witch,Jewelcrafting,special,365,wh:learn,375,db2,385,db2,380,365,375,380,385,365,trainer,False
41420,Purified Jaggal Pearl,Jewelcrafting,trainer,325,wh:learn,325,db2,340,db2,332,325,325,332,340,325,trainer,False
41429,Purified Shadow Pearl,Jewelcrafting,trainer,350,wh:learn,350,db2,380,db2,365,350,350,365,380,350,trainer,False
42558,Don Julio's Heart,Jewelcrafting,item,360,db2:item-req,365,db2,375,db2,370,360,365,370,375,360,world,False
42588,Kailee's Rose,Jewelcrafting,item,360,db2:item-req,365,db2,375,db2,370,360,365,370,375,360,world,False
42589,Crimson Sun,Jewelcrafting,item,360,db2:item-req,365,db2,375,db2,370,360,365,370,375,360,world,False
42590,Falling Star,Jewelcrafting,item,360,db2:item-req,365,db2,375,db2,370,360,365,370,375,360,world,False
42591,Stone of Blades,Jewelcrafting,item,360,db2:item-req,365,db2,375,db2,370,360,365,370,375,360,world,False
42592,Blood of Amber,Jewelcrafting,item,360,db2:item-req,365,db2,375,db2,370,360,365,370,375,360,world,False
42593,Facet of Eternity,Jewelcrafting,item,360,db2:item-req,365,db2,375,db2,370,360,365,370,375,360,world,False
43493,Steady Talasite,Jewelcrafting,item,350,db2:item-req,350,db2,380,db2,365,350,350,365,380,350,world,False
44794,Chaotic Skyfire Diamond,Jewelcrafting,item,365,db2:item-req,375,db2,380,db2,377,365,375,377,380,365,quest,False
46122,Loop of Forged Power,Jewelcrafting,item,365,db2:item-req,375,db2,385,db2,380,365,375,380,385,365,quest,False
46123,Ring of Flowing Life,Jewelcrafting,item,365,db2:item-req,375,db2,385,db2,380,365,375,380,385,365,quest,False
46124,Hard Khorium Band,Jewelcrafting,item,365,db2:item-req,375,db2,385,db2,380,365,375,380,385,365,quest,False
46125,Pendant of Sunfire,Jewelcrafting,item,365,db2:item-req,375,db2,385,db2,380,365,375,380,385,365,quest,False
46126,Amulet of Flowing Life,Jewelcrafting,item,365,db2:item-req,375,db2,385,db2,380,365,375,380,385,365,quest,False
46127,Hard Khorium Choker,Jewelcrafting,item,365,db2:item-req,375,db2,385,db2,380,365,375,380,385,365,quest,False
46403,Quick Dawnstone,Jewelcrafting,item,350,db2:item-req,350,db2,380,db2,365,350,350,365,380,350,world,False
46405,Forceful Talasite,Jewelcrafting,item,350,db2:item-req,350,db2,380,db2,365,350,350,365,380,350,world,False
46597,Eternal Earthstorm Diamond,Jewelcrafting,item,370,db2:item-req,375,db2,380,db2,377,370,375,377,380,370,world,False
46601,Ember Skyfire Diamond,Jewelcrafting,item,370,db2:item-req,375,db2,380,db2,377,370,375,377,380,370,world,False
46775,Figurine - Empyrean Tortoise,Jewelcrafting,item,375,db2:item-req,375,db2,385,db2,380,375,375,380,385,375,world,False
46776,Figurine - Khorium Boar,Jewelcrafting,item,375,db2:item-req,375,db2,385,db2,380,375,375,380,385,375,world,False
46777,Figurine - Crimson Serpent,Jewelcrafting,item,375,db2:item-req,375,db2,385,db2,380,375,375,380,385,375,world,False
46778,Figurine - Shadowsong Panther,Jewelcrafting,item,375,db2:item-req,375,db2,385,db2,380,375,375,380,385,375,world,False
46779,Figurine - Seaspray Albatross,Jewelcrafting,item,375,db2:item-req,375,db2,385,db2,380,375,375,380,385,375,world,False
46803,Regal Talasite,Jewelcrafting,item,350,db2:item-req,350,db2,380,db2,365,350,350,365,380,350,quest+world,False
47053,Forceful Seaspray Emerald,Jewelcrafting,item,375,db2:item-req,375,db2,385,db2,380,375,375,380,385,375,world,False
47054,Steady Seaspray Emerald,Jewelcrafting,item,375,db2:item-req,375,db2,385,db2,380,375,375,380,385,375,world,False
47055,Reckless Pyrestone,Jewelcrafting,item,375,db2:item-req,375,db2,385,db2,380,375,375,380,385,375,world,False
47056,Quick Lionseye,Jewelcrafting,item,375,db2:item-req,375,db2,385,db2,380,375,375,380,385,375,world,False
47280,Brilliant Glass,Jewelcrafting,trainer,350,wh:learn,350,db2,380,db2,365,350,350,365,380,350,trainer,False
53830,Bold Scarlet Ruby,Jewelcrafting,item,390,db2:item-req,410,db2,440,db2,425,390,410,425,440,390,world,False
53831,Bold Bloodstone,Jewelcrafting,trainer,350,wh:learn,375,db2,415,db2,395,350,375,395,415,350,trainer,False
53832,Delicate Bloodstone,Jewelcrafting,trainer,350,wh:learn,375,db2,415,db2,395,350,375,395,415,350,trainer,False
53843,Subtle Sun Crystal,Jewelcrafting,trainer,350,wh:learn,375,db2,415,db2,395,350,375,395,415,350,trainer,False
53844,Flashing Bloodstone,Jewelcrafting,trainer,350,wh:learn,375,db2,415,db2,395,350,375,395,415,350,trainer,False
53845,Smooth Sun Crystal,Jewelcrafting,trainer,350,wh:learn,375,db2,415,db2,395,350,375,395,415,350,trainer,False
53852,Brilliant Bloodstone,Jewelcrafting,trainer,350,wh:learn,375,db2,415,db2,395,350,375,395,415,350,trainer,False
53854,Rigid Chalcedony,Jewelcrafting,trainer,350,wh:learn,375,db2,415,db2,395,350,375,395,415,350,trainer,False
53856,Quick Sun Crystal,Jewelcrafting,trainer,350,wh:learn,375,db2,415,db2,395,350,375,395,415,350,trainer,False
53857,Mystic Sun Crystal,Jewelcrafting,item,350,db2:item-req,375,db2,415,db2,395,350,375,395,415,350,world,False
53859,Sovereign Shadow Crystal,Jewelcrafting,trainer,350,wh:learn,375,db2,415,db2,395,350,375,395,415,350,trainer,False
53860,Shifting Shadow Crystal,Jewelcrafting,trainer,350,wh:learn,375,db2,415,db2,395,350,375,395,415,350,trainer,False
53861,Glinting Shadow Crystal,Jewelcrafting,trainer,350,wh:learn,375,db2,415,db2,395,350,375,395,415,350,trainer,False
53865,Mysterious Shadow Crystal,Jewelcrafting,item,350,db2:item-req,375,db2,415,db2,395,350,375,395,415,350,world,False
53869,Defender's Shadow Crystal,Jewelcrafting,item,350,db2:item-req,375,db2,415,db2,395,350,375,395,415,350,world,False
53870,Jagged Dark Jade,Jewelcrafting,trainer,350,wh:learn,375,db2,415,db2,395,350,375,395,415,350,trainer,False
53871,Guardian's Shadow Crystal,Jewelcrafting,trainer,350,wh:learn,375,db2,415,db2,395,350,375,395,415,350,trainer,False
53872,Inscribed Huge Citrine,Jewelcrafting,trainer,350,wh:learn,375,db2,415,db2,395,350,375,395,415,350,trainer,False
53873,Etched Shadow Crystal,Jewelcrafting,trainer,350,wh:learn,375,db2,415,db2,395,350,375,395,415,350,trainer,False
53874,Champion's Huge Citrine,Jewelcrafting,trainer,350,wh:learn,375,db2,415,db2,395,350,375,395,415,350,trainer,False
53875,Resplendent Huge Citrine,Jewelcrafting,item,350,db2:item-req,375,db2,415,db2,395,350,375,395,415,350,world,False
53876,Fierce Huge Citrine,Jewelcrafting,trainer,350,wh:learn,375,db2,415,db2,395,350,375,395,415,350,trainer,False
53877,Deadly Huge Citrine,Jewelcrafting,item,350,db2:item-req,375,db2,415,db2,395,350,375,395,415,350,world,False
53879,Lucent Huge Citrine,Jewelcrafting,item,350,db2:item-req,375,db2,415,db2,395,350,375,395,415,350,world,False
53880,Deft Huge Citrine,Jewelcrafting,trainer,350,wh:learn,375,db2,415,db2,395,350,375,395,415,350,trainer,False
53882,Potent Huge Citrine,Jewelcrafting,trainer,350,wh:learn,375,db2,415,db2,395,350,375,395,415,350,trainer,False
53883,Veiled Shadow Crystal,Jewelcrafting,trainer,350,wh:learn,375,db2,415,db2,395,350,375,395,415,350,trainer,False
53884,Willful Huge Citrine,Jewelcrafting,item,350,db2:item-req,375,db2,415,db2,395,350,375,395,415,350,world,False
53885,Reckless Huge Citrine,Jewelcrafting,item,350,db2:item-req,375,db2,415,db2,395,350,375,395,415,350,world,False
53891,Stalwart Huge Citrine,Jewelcrafting,trainer,350,wh:learn,375,db2,415,db2,395,350,375,395,415,350,trainer,False
53892,Accurate Shadow Crystal,Jewelcrafting,trainer,350,wh:learn,375,db2,415,db2,395,350,375,395,415,350,trainer,False
53893,Resolute Huge Citrine,Jewelcrafting,trainer,350,wh:learn,375,db2,415,db2,395,350,375,395,415,350,trainer,False
53894,Timeless Shadow Crystal,Jewelcrafting,trainer,350,wh:learn,375,db2,415,db2,395,350,375,395,415,350,trainer,False
53917,Nimble Dark Jade,Jewelcrafting,item,350,db2:item-req,375,db2,415,db2,395,350,375,395,415,350,world,False
53918,Regal Dark Jade,Jewelcrafting,trainer,350,wh:learn,375,db2,415,db2,395,350,375,395,415,350,trainer,False
53919,Steady Dark Jade,Jewelcrafting,item,350,db2:item-req,375,db2,415,db2,395,350,375,395,415,350,world,False
53920,Forceful Dark Jade,Jewelcrafting,trainer,350,wh:learn,375,db2,415,db2,395,350,375,395,415,350,trainer,False
53921,Purified Shadow Crystal,Jewelcrafting,item,350,db2:item-req,375,db2,415,db2,395,350,375,395,415,350,world,False
53922,Misty Dark Jade,Jewelcrafting,trainer,350,wh:learn,375,db2,415,db2,395,350,375,395,415,350,trainer,False
53923,Lightning Dark Jade,Jewelcrafting,trainer,350,wh:learn,375,db2,415,db2,395,350,375,395,415,350,trainer,False
53924,Turbid Dark Jade,Jewelcrafting,item,350,db2:item-req,375,db2,415,db2,395,350,375,395,415,350,world,False
53925,Energized Dark Jade,Jewelcrafting,trainer,350,wh:learn,375,db2,415,db2,395,350,375,395,415,350,trainer,False
53932,Radiant Dark Jade,Jewelcrafting,item,350,db2:item-req,375,db2,415,db2,395,350,375,395,415,350,world,False
53933,Shattered Dark Jade,Jewelcrafting,item,350,db2:item-req,375,db2,415,db2,395,350,375,395,415,350,world,False
53934,Solid Chalcedony,Jewelcrafting,trainer,350,wh:learn,375,db2,415,db2,395,350,375,395,415,350,trainer,False
53941,Sparkling Chalcedony,Jewelcrafting,trainer,350,wh:learn,375,db2,415,db2,395,350,375,395,415,350,trainer,False
53943,Stormy Chalcedony,Jewelcrafting,item,350,db2:item-req,375,db2,415,db2,395,350,375,395,415,350,world,False
53945,Delicate Scarlet Ruby,Jewelcrafting,item,390,db2:item-req,410,db2,440,db2,425,390,410,425,440,390,world,False
53946,Brilliant Scarlet Ruby,Jewelcrafting,item,390,db2:item-req,410,db2,440,db2,425,0,0,0,450,450,world,False
53948,Subtle Autumn's Glow,Jewelcrafting,item,390,db2:item-req,410,db2,440,db2,425,390,410,425,440,390,quest+world,False
53949,Flashing Scarlet Ruby,Jewelcrafting,item,390,db2:item-req,410,db2,440,db2,425,390,410,425,440,390,world,False
53951,Precise Scarlet Ruby,Jewelcrafting,item,390,db2:item-req,410,db2,440,db2,425,390,410,425,440,390,quest,False
53952,Solid Sky Sapphire,Jewelcrafting,item,390,db2:item-req,410,db2,440,db2,425,390,410,425,440,390,world,False
53954,Sparkling Sky Sapphire,Jewelcrafting,item,390,db2:item-req,410,db2,440,db2,425,390,410,425,440,390,world,False
53955,Stormy Sky Sapphire,Jewelcrafting,item,390,db2:item-req,410,db2,440,db2,425,390,410,425,440,390,world,False
53957,Smooth Autumn's Glow,Jewelcrafting,item,390,db2:item-req,410,db2,440,db2,425,390,410,425,440,390,quest+world,False
53958,Rigid Sky Sapphire,Jewelcrafting,item,390,db2:item-req,410,db2,440,db2,425,390,410,425,440,390,world,False
53960,Mystic Autumn's Glow,Jewelcrafting,item,390,db2:item-req,410,db2,440,db2,425,390,410,425,440,390,world,False
53961,Quick Autumn's Glow,Jewelcrafting,item,390,db2:item-req,410,db2,440,db2,425,390,410,425,440,390,world,False
53962,Sovereign Twilight Opal,Jewelcrafting,item,390,db2:item-req,410,db2,440,db2,425,390,410,425,440,390,quest,False
53963,Shifting Twilight Opal,Jewelcrafting,item,390,db2:item-req,410,db2,440,db2,425,390,410,425,440,390,world,False
53965,Timeless Twilight Opal,Jewelcrafting,item,390,db2:item-req,410,db2,440,db2,425,390,410,425,440,390,quest+world,False
53966,Purified Twilight Opal,Jewelcrafting,item,390,db2:item-req,410,db2,440,db2,425,390,410,425,440,390,quest+world,False
53968,Mysterious Twilight Opal,Jewelcrafting,item,390,db2:item-req,410,db2,440,db2,425,390,410,425,440,390,world,False
53972,Defender's Twilight Opal,Jewelcrafting,item,390,db2:item-req,410,db2,440,db2,425,390,410,425,440,390,quest,False
53974,Guardian's Twilight Opal,Jewelcrafting,item,390,db2:item-req,410,db2,440,db2,425,390,410,425,440,390,world,False
53975,Inscribed Monarch Topaz,Jewelcrafting,item,390,db2:item-req,410,db2,440,db2,425,390,410,425,440,390,quest,False
53976,Etched Twilight Opal,Jewelcrafting,item,390,db2:item-req,410,db2,440,db2,425,390,410,425,440,390,quest,False
53977,Champion's Monarch Topaz,Jewelcrafting,item,390,db2:item-req,410,db2,440,db2,425,390,410,425,440,390,quest,False
53978,Resplendent Monarch Topaz,Jewelcrafting,item,390,db2:item-req,410,db2,440,db2,425,390,410,425,440,390,world,False
53980,Glinting Twilight Opal,Jewelcrafting,item,390,db2:item-req,410,db2,440,db2,425,390,410,425,440,390,quest+world,False
53981,Lucent Monarch Topaz,Jewelcrafting,item,390,db2:item-req,410,db2,440,db2,425,0,0,0,450,450,world,False
53984,Potent Monarch Topaz,Jewelcrafting,item,390,db2:item-req,410,db2,440,db2,425,390,410,425,440,390,world,False
53985,Veiled Twilight Opal,Jewelcrafting,item,390,db2:item-req,410,db2,440,db2,425,390,410,425,440,390,world,False
53986,Willful Monarch Topaz,Jewelcrafting,item,390,db2:item-req,410,db2,440,db2,425,390,410,425,440,390,world,False
53987,Reckless Monarch Topaz,Jewelcrafting,item,390,db2:item-req,410,db2,440,db2,425,390,410,425,440,390,world,False
53988,Deadly Monarch Topaz,Jewelcrafting,item,390,db2:item-req,410,db2,440,db2,425,390,410,425,440,390,quest+world,False
53991,Deft Monarch Topaz,Jewelcrafting,item,390,db2:item-req,410,db2,440,db2,425,390,410,425,440,390,quest+world,False
53993,Stalwart Monarch Topaz,Jewelcrafting,item,390,db2:item-req,410,db2,440,db2,425,390,410,425,440,390,quest+world,False
53994,Accurate Twilight Opal,Jewelcrafting,item,390,db2:item-req,410,db2,440,db2,425,390,410,425,440,390,quest,False
53996,Jagged Forest Emerald,Jewelcrafting,item,390,db2:item-req,410,db2,440,db2,425,390,410,425,440,390,world,False
53997,Nimble Forest Emerald,Jewelcrafting,item,390,db2:item-req,410,db2,440,db2,425,390,410,425,440,390,world,False
53998,Regal Forest Emerald,Jewelcrafting,item,390,db2:item-req,410,db2,440,db2,425,390,410,425,440,390,world,False
54000,Steady Forest Emerald,Jewelcrafting,item,390,db2:item-req,410,db2,440,db2,425,390,410,425,440,390,world,False
54001,Forceful Forest Emerald,Jewelcrafting,item,390,db2:item-req,410,db2,440,db2,425,390,410,425,440,390,world,False
54003,Misty Forest Emerald,Jewelcrafting,item,390,db2:item-req,410,db2,440,db2,425,390,410,425,440,390,quest+world,False
54005,Turbid Forest Emerald,Jewelcrafting,item,390,db2:item-req,410,db2,440,db2,425,390,410,425,440,390,world,False
54009,Lightning Forest Emerald,Jewelcrafting,item,390,db2:item-req,410,db2,440,db2,425,390,410,425,440,390,quest+world,False
54011,Energized Forest Emerald,Jewelcrafting,item,390,db2:item-req,410,db2,440,db2,425,390,410,425,440,390,world,False
54012,Radiant Forest Emerald,Jewelcrafting,item,390,db2:item-req,410,db2,440,db2,425,390,410,425,440,390,quest+world,False
54014,Shattered Forest Emerald,Jewelcrafting,item,390,db2:item-req,410,db2,440,db2,425,390,410,425,440,390,world,False
54017,Precise Bloodstone,Jewelcrafting,trainer,350,wh:learn,375,db2,415,db2,395,350,375,395,415,350,trainer,False
54019,Fierce Monarch Topaz,Jewelcrafting,item,390,db2:item-req,410,db2,440,db2,425,390,410,425,440,390,quest,False
54023,Resolute Monarch Topaz,Jewelcrafting,item,390,db2:item-req,410,db2,440,db2,425,390,410,425,440,390,quest,False
55384,Shielded Skyflare Diamond,Jewelcrafting,item,420,db2:item-req,440,db2,460,db2,450,420,440,450,460,420,world,False
55386,Tireless Skyflare Diamond,Jewelcrafting,item,420,wh:learn<item,440,db2,460,db2,450,420,440,450,460,420,trainer,False
55387,Forlorn Skyflare Diamond,Jewelcrafting,item,420,wh:learn<item,440,db2,460,db2,450,420,440,450,460,420,world,False
55388,Impassive Skyflare Diamond,Jewelcrafting,item,420,wh:learn<item,440,db2,460,db2,450,420,440,450,460,420,world,False
55389,Chaotic Skyflare Diamond,Jewelcrafting,item,420,db2:item-req,440,db2,460,db2,450,420,440,450,460,420,world,False
55390,Destructive Skyflare Diamond,Jewelcrafting,item,420,db2:item-req,440,db2,460,db2,450,420,440,450,460,420,quest,False
55392,Ember Skyflare Diamond,Jewelcrafting,item,420,db2:item-req,440,db2,460,db2,450,420,440,450,460,420,world,False
55393,Enigmatic Skyflare Diamond,Jewelcrafting,item,420,wh:learn<item,440,db2,460,db2,450,420,440,450,460,420,world,False
55394,Swift Skyflare Diamond,Jewelcrafting,item,420,wh:learn<item,440,db2,460,db2,450,420,440,450,460,420,trainer,False
55395,Thundering Skyflare Diamond,Jewelcrafting,item,420,db2:item-req,440,db2,460,db2,450,420,440,450,460,420,quest,False
55396,Insightful Earthsiege Diamond,Jewelcrafting,item,420,db2:item-req,440,db2,460,db2,450,420,440,450,460,420,world,False
55397,Bracing Earthsiege Diamond,Jewelcrafting,item,420,wh:learn<item,440,db2,460,db2,450,420,440,450,460,420,quest,False
55398,Eternal Earthsiege Diamond,Jewelcrafting,item,420,wh:learn<item,440,db2,460,db2,450,420,440,450,460,420,quest,False
55399,Powerful Earthsiege Diamond,Jewelcrafting,item,420,wh:learn<item,440,db2,460,db2,450,420,440,450,460,420,trainer,False
55400,Relentless Earthsiege Diamond,Jewelcrafting,item,420,db2:item-req,440,db2,460,db2,450,420,440,450,460,420,world,False
55401,Austere Earthsiege Diamond,Jewelcrafting,item,420,wh:learn<item,440,db2,460,db2,450,420,440,450,460,420,quest,False
55402,Persistent Earthsiege Diamond,Jewelcrafting,item,420,wh:learn<item,440,db2,460,db2,450,420,440,450,460,420,trainer,False
55403,Trenchant Earthsiege Diamond,Jewelcrafting,item,420,db2:item-req,440,db2,460,db2,450,420,440,450,460,420,world,False
55404,Invigorating Earthsiege Diamond,Jewelcrafting,item,420,db2:item-req,440,db2,460,db2,450,420,440,450,460,420,world,False
55405,Beaming Earthsiege Diamond,Jewelcrafting,item,420,db2:item-req,440,db2,460,db2,450,420,440,450,460,420,quest,False
55407,Revitalizing Skyflare Diamond,Jewelcrafting,item,420,db2:item-req,440,db2,460,db2,450,420,440,450,460,420,world,False
56049,Bold Dragon's Eye,Jewelcrafting,item,370,db2:item-req,390,db2,440,db2,415,370,390,415,440,370,world,False
56052,Delicate Dragon's Eye,Jewelcrafting,item,370,db2:item-req,390,db2,440,db2,415,370,390,415,440,370,world,False
56053,Brilliant Dragon's Eye,Jewelcrafting,item,370,db2:item-req,390,db2,440,db2,415,370,390,415,440,370,world,False
56055,Subtle Dragon's Eye,Jewelcrafting,item,370,db2:item-req,390,db2,440,db2,415,370,390,415,440,370,world,False
56056,Flashing Dragon's Eye,Jewelcrafting,item,370,db2:item-req,390,db2,440,db2,415,370,390,415,440,370,world,False
56079,Mystic Dragon's Eye,Jewelcrafting,item,370,db2:item-req,390,db2,440,db2,415,370,390,415,440,370,world,False
56081,Precise Dragon's Eye,Jewelcrafting,item,370,db2:item-req,390,db2,440,db2,415,370,390,415,440,370,world,False
56083,Quick Dragon's Eye,Jewelcrafting,item,370,db2:item-req,390,db2,440,db2,415,370,390,415,440,370,world,False
56084,Rigid Dragon's Eye,Jewelcrafting,item,370,db2:item-req,390,db2,440,db2,415,370,390,415,440,370,world,False
56085,Smooth Dragon's Eye,Jewelcrafting,item,370,db2:item-req,390,db2,440,db2,415,370,390,415,440,370,world,False
56086,Solid Dragon's Eye,Jewelcrafting,item,370,db2:item-req,390,db2,440,db2,415,370,390,415,440,370,world,False
56087,Sparkling Dragon's Eye,Jewelcrafting,item,370,db2:item-req,390,db2,440,db2,415,370,390,415,440,370,world,False
56088,Stormy Dragon's Eye,Jewelcrafting,item,370,db2:item-req,390,db2,440,db2,415,370,390,415,440,370,world,False
56193,Bloodstone Band,Jewelcrafting,trainer,350,wh:learn,380,db2,420,db2,400,350,380,400,420,350,trainer,False
56194,Sun Rock Ring,Jewelcrafting,trainer,350,wh:learn,380,db2,420,db2,400,350,380,400,420,350,trainer,False
56195,Jade Dagger Pendant,Jewelcrafting,trainer,380,wh:learn,400,db2,420,db2,410,380,400,410,420,380,trainer,False
56196,Blood Sun Necklace,Jewelcrafting,trainer,380,wh:learn,400,db2,420,db2,410,380,400,410,420,380,trainer,False
56197,Dream Signet,Jewelcrafting,trainer,420,wh:learn,440,db2,460,db2,450,420,440,450,460,420,trainer,False
56199,Figurine - Ruby Hare,Jewelcrafting,trainer,400,wh:learn,430,db2,450,db2,440,400,430,440,450,400,trainer,False
56201,Figurine - Twilight Serpent,Jewelcrafting,trainer,400,wh:learn,430,db2,450,db2,440,400,430,440,450,400,trainer,False
56202,Figurine - Sapphire Owl,Jewelcrafting,trainer,400,wh:learn,430,db2,450,db2,440,400,430,440,450,400,trainer,False
56203,Figurine - Emerald Boar,Jewelcrafting,trainer,400,wh:learn,430,db2,450,db2,440,400,430,440,450,400,trainer,False
56205,Dark Jade Focusing Lens,Jewelcrafting,trainer,350,wh:learn,360,db2,380,db2,370,350,360,370,380,350,trainer,False
56206,Shadow Crystal Focusing Lens,Jewelcrafting,trainer,350,wh:learn,370,db2,390,db2,380,350,370,380,390,350,trainer,False
56208,Shadow Jade Focusing Lens,Jewelcrafting,trainer,350,wh:learn,380,db2,400,db2,390,350,380,390,400,350,trainer,False
56496,Titanium Impact Band,Jewelcrafting,item,430,db2:item-req,450,db2,460,db2,455,430,450,455,460,430,world,False
56497,Titanium Earthguard Ring,Jewelcrafting,item,430,db2:item-req,450,db2,460,db2,455,430,450,455,460,430,world,False
56498,Titanium Spellshock Ring,Jewelcrafting,item,430,db2:item-req,450,db2,460,db2,455,430,450,455,460,430,world,False
56499,Titanium Impact Choker,Jewelcrafting,item,440,db2:item-req,450,db2,460,db2,455,440,450,455,460,440,world,False
56500,Titanium Earthguard Chain,Jewelcrafting,item,440,db2:item-req,450,db2,460,db2,455,440,450,455,460,440,world,False
56501,Titanium Spellshock Necklace,Jewelcrafting,item,440,db2:item-req,450,db2,460,db2,455,440,450,455,460,440,world,False
56530,Enchanted Pearl,Jewelcrafting,trainer,350,wh:learn,380,db2,420,db2,400,350,380,400,420,350,trainer,False
56531,Enchanted Tear,Jewelcrafting,trainer,390,wh:learn,410,db2,440,db2,425,390,410,425,440,390,trainer,False
58141,Crystal Citrine Necklace,Jewelcrafting,trainer,350,wh:learn,380,db2,420,db2,400,350,380,400,420,350,trainer,False
58142,Crystal Chalcedony Amulet,Jewelcrafting,trainer,350,wh:learn,380,db2,420,db2,400,350,380,400,420,350,trainer,False
58143,Earthshadow Ring,Jewelcrafting,trainer,350,wh:learn,390,db2,420,db2,405,350,390,405,420,350,trainer,False
58144,Jade Ring of Slaying,Jewelcrafting,trainer,350,wh:learn,390,db2,420,db2,405,350,390,405,420,350,trainer,False
58145,Stoneguard Band,Jewelcrafting,trainer,390,wh:learn,410,db2,430,db2,420,390,410,420,430,390,trainer,False
58146,Shadowmight Ring,Jewelcrafting,trainer,390,wh:learn,410,db2,430,db2,420,390,410,420,430,390,trainer,False
58147,Ring of Earthen Might,Jewelcrafting,item,420,db2:item-req,440,db2,460,db2,450,420,440,450,460,420,world,False
58148,Ring of Scarlet Shadows,Jewelcrafting,item,420,db2:item-req,440,db2,460,db2,450,420,440,450,460,420,world,False
58149,Windfire Band,Jewelcrafting,item,420,db2:item-req,440,db2,460,db2,450,420,440,450,460,420,world,False
58150,Ring of Northern Tears,Jewelcrafting,item,420,db2:item-req,440,db2,460,db2,450,420,440,450,460,420,world,False
58492,Savage Titanium Ring,Jewelcrafting,item,420,db2:item-req,440,db2,460,db2,450,420,440,450,460,420,world,False
58507,Savage Titanium Band,Jewelcrafting,item,420,db2:item-req,440,db2,460,db2,450,420,440,450,460,420,world,False
58954,Titanium Frostguard Ring,Jewelcrafting,item,420,db2:item-req,440,db2,460,db2,450,420,440,450,460,420,world,False
59759,Figurine - Monarch Crab,Jewelcrafting,trainer,400,wh:learn,430,db2,450,db2,440,400,430,440,450,400,trainer,False
62242,Icy Prism,Jewelcrafting,trainer,425,wh:learn,445,db2,470,db2,457,425,445,457,470,425,trainer,False
62941,Prismatic Black Diamond,Jewelcrafting,trainer,300,wh:learn,310,db2,320,db2,315,300,310,315,320,300,trainer,False
63743,Amulet of Truesight,Jewelcrafting,trainer,200,wh:learn,210,db2,230,db2,220,200,210,220,230,200,trainer,False
64725,Emerald Choker,Jewelcrafting,trainer,420,wh:learn,440,db2,460,db2,450,420,440,450,460,420,trainer,False
64726,Sky Sapphire Amulet,Jewelcrafting,trainer,420,wh:learn,440,db2,460,db2,450,420,440,450,460,420,trainer,False
64727,Runed Mana Band,Jewelcrafting,trainer,420,wh:learn,440,db2,460,db2,450,420,440,450,460,420,trainer,False
64728,Scarlet Signet,Jewelcrafting,trainer,420,wh:learn,440,db2,460,db2,450,420,440,450,460,420,trainer,False
66338,Regal Eye of Zul,Jewelcrafting,item,450,db2:item-req,440,db2,465,db2,452,0,450,452,465,450,world,False
66428,Steady Eye of Zul,Jewelcrafting,item,450,db2:item-req,440,db2,465,db2,452,0,450,452,465,450,world,False
66429,Nimble Eye of Zul,Jewelcrafting,item,450,db2:item-req,440,db2,465,db2,452,0,450,452,465,450,world,False
66431,Jagged Eye of Zul,Jewelcrafting,item,450,db2:item-req,440,db2,465,db2,452,0,450,452,465,450,world,False
66432,Timeless Dreadstone,Jewelcrafting,item,450,db2:item-req,440,db2,465,db2,452,0,450,452,465,450,world,False
66434,Forceful Eye of Zul,Jewelcrafting,item,450,db2:item-req,440,db2,465,db2,452,0,450,452,465,450,world,False
66435,Misty Eye of Zul,Jewelcrafting,item,450,db2:item-req,440,db2,465,db2,452,0,450,452,465,450,world,False
66439,Lightning Eye of Zul,Jewelcrafting,item,450,db2:item-req,440,db2,465,db2,452,0,450,452,465,450,world,False
66441,Radiant Eye of Zul,Jewelcrafting,item,450,db2:item-req,440,db2,465,db2,452,0,450,452,465,450,world,False
66442,Energized Eye of Zul,Jewelcrafting,item,450,db2:item-req,440,db2,465,db2,452,0,450,452,465,450,world,False
66443,Shattered Eye of Zul,Jewelcrafting,item,450,db2:item-req,440,db2,465,db2,452,0,450,452,465,450,world,False
66445,Turbid Eye of Zul,Jewelcrafting,item,450,db2:item-req,440,db2,465,db2,452,0,450,452,465,450,world,False
66446,Brilliant Cardinal Ruby,Jewelcrafting,item,450,db2:item-req,440,db2,465,db2,452,0,450,452,465,450,world,False
66447,Bold Cardinal Ruby,Jewelcrafting,item,450,db2:item-req,440,db2,465,db2,452,0,450,452,465,450,world,False
66448,Delicate Cardinal Ruby,Jewelcrafting,item,450,db2:item-req,440,db2,465,db2,452,0,450,452,465,450,world,False
66450,Precise Cardinal Ruby,Jewelcrafting,item,450,db2:item-req,440,db2,465,db2,452,0,450,452,465,450,world,False
66452,Subtle King's Amber,Jewelcrafting,item,450,db2:item-req,440,db2,465,db2,452,0,450,452,465,450,world,False
66453,Flashing Cardinal Ruby,Jewelcrafting,item,450,db2:item-req,440,db2,465,db2,452,0,450,452,465,450,world,False
66497,Solid Majestic Zircon,Jewelcrafting,item,450,db2:item-req,440,db2,465,db2,452,0,450,452,465,450,world,False
66498,Sparkling Majestic Zircon,Jewelcrafting,item,450,db2:item-req,440,db2,465,db2,452,0,450,452,465,450,world,False
66499,Stormy Majestic Zircon,Jewelcrafting,item,450,db2:item-req,440,db2,465,db2,452,0,450,452,465,450,world,False
66501,Rigid Majestic Zircon,Jewelcrafting,item,450,db2:item-req,440,db2,465,db2,452,0,450,452,465,450,world,False
66502,Smooth King's Amber,Jewelcrafting,item,450,db2:item-req,440,db2,465,db2,452,0,450,452,465,450,world,False
66505,Mystic King's Amber,Jewelcrafting,item,450,db2:item-req,440,db2,465,db2,452,0,450,452,465,450,world,False
66506,Quick King's Amber,Jewelcrafting,item,450,db2:item-req,440,db2,465,db2,452,0,450,452,465,450,world,False
66554,Sovereign Dreadstone,Jewelcrafting,item,450,db2:item-req,440,db2,465,db2,452,0,450,452,465,450,world,False
66556,Purified Dreadstone,Jewelcrafting,item,450,db2:item-req,440,db2,465,db2,452,0,450,452,465,450,world,False
66557,Shifting Dreadstone,Jewelcrafting,item,450,db2:item-req,440,db2,465,db2,452,0,450,452,465,450,world,False
66560,Defender's Dreadstone,Jewelcrafting,item,450,db2:item-req,440,db2,465,db2,452,0,450,452,465,450,world,False
66561,Guardian's Dreadstone,Jewelcrafting,item,450,db2:item-req,440,db2,465,db2,452,0,450,452,465,450,world,False
66562,Mysterious Dreadstone,Jewelcrafting,item,450,db2:item-req,440,db2,465,db2,452,0,450,452,465,450,world,False
66567,Inscribed Ametrine,Jewelcrafting,item,450,db2:item-req,440,db2,465,db2,452,0,450,452,465,450,world,False
66568,Deadly Ametrine,Jewelcrafting,item,450,db2:item-req,440,db2,465,db2,452,0,450,452,465,450,world,False
66569,Potent Ametrine,Jewelcrafting,item,450,db2:item-req,440,db2,465,db2,452,0,450,452,465,450,world,False
66570,Veiled Dreadstone,Jewelcrafting,item,450,db2:item-req,440,db2,465,db2,452,0,450,452,465,450,world,False
66571,Willful Ametrine,Jewelcrafting,item,450,db2:item-req,440,db2,465,db2,452,0,450,452,465,450,world,False
66572,Etched Dreadstone,Jewelcrafting,item,450,db2:item-req,440,db2,465,db2,452,0,450,452,465,450,world,False
66573,Glinting Dreadstone,Jewelcrafting,item,450,db2:item-req,440,db2,465,db2,452,0,450,452,465,450,world,False
66574,Reckless Ametrine,Jewelcrafting,item,450,db2:item-req,440,db2,465,db2,452,0,450,452,465,450,world,False
66576,Accurate Dreadstone,Jewelcrafting,item,450,db2:item-req,440,db2,465,db2,452,0,450,452,465,450,world,False
66579,Champion's Ametrine,Jewelcrafting,item,450,db2:item-req,440,db2,465,db2,452,0,450,452,465,450,world,False
66581,Stalwart Ametrine,Jewelcrafting,item,450,db2:item-req,440,db2,465,db2,452,0,450,452,465,450,world,False
66582,Resplendent Ametrine,Jewelcrafting,item,450,db2:item-req,440,db2,465,db2,452,0,450,452,465,450,world,False
66583,Fierce Ametrine,Jewelcrafting,item,450,db2:item-req,440,db2,465,db2,452,0,450,452,465,450,world,False
66584,Deft Ametrine,Jewelcrafting,item,450,db2:item-req,440,db2,465,db2,452,0,450,452,465,450,world,False
66585,Lucent Ametrine,Jewelcrafting,item,450,db2:item-req,440,db2,465,db2,452,0,450,452,465,450,world,False
66586,Resolute Ametrine,Jewelcrafting,item,450,db2:item-req,440,db2,465,db2,452,0,450,452,465,450,world,False
68253,Nightmare Tear,Jewelcrafting,item,450,db2:item-req,440,db2,465,db2,452,0,450,452,465,450,world,False
73222,Bold Carnelian,Jewelcrafting,trainer,425,wh:learn,450,db2,485,db2,467,425,450,467,485,425,trainer,False
73223,Delicate Carnelian,Jewelcrafting,trainer,425,wh:learn,450,db2,485,db2,467,425,450,467,485,425,trainer,False
73224,Flashing Carnelian,Jewelcrafting,item,425,db2:item-req,450,db2,485,db2,467,425,450,467,485,425,quest,False
73225,Brilliant Carnelian,Jewelcrafting,trainer,425,wh:learn,450,db2,485,db2,467,425,450,467,485,425,trainer,False
73226,Precise Carnelian,Jewelcrafting,trainer,425,wh:learn,450,db2,485,db2,467,425,450,467,485,425,trainer,False
73227,Solid Zephyrite,Jewelcrafting,trainer,425,wh:learn,450,db2,485,db2,467,425,450,467,485,425,trainer,False
73228,Sparkling Zephyrite,Jewelcrafting,trainer,425,wh:learn,450,db2,485,db2,467,425,450,467,485,425,trainer,False
73229,Stormy Zephyrite,Jewelcrafting,item,425,db2:item-req,450,db2,485,db2,467,425,450,467,485,425,quest,False
73230,Rigid Zephyrite,Jewelcrafting,trainer,425,wh:learn,450,db2,485,db2,467,425,450,467,485,425,trainer,False
73231,Subtle Alicite,Jewelcrafting,item,425,db2:item-req,450,db2,485,db2,467,425,450,467,485,425,quest,False
73232,Smooth Alicite,Jewelcrafting,trainer,425,wh:learn,450,db2,485,db2,467,425,450,467,485,425,trainer,False
73233,Mystic Alicite,Jewelcrafting,discovery?,450,wh:learn,450,db2,485,db2,467,0,450,467,485,450,,False
73234,Quick Alicite,Jewelcrafting,trainer,425,wh:learn,450,db2,485,db2,467,425,450,467,485,425,trainer,False
73239,Fractured Alicite,Jewelcrafting,trainer,425,wh:learn,450,db2,485,db2,467,425,450,467,485,425,trainer,False
73240,Sovereign Nightstone,Jewelcrafting,trainer,425,wh:learn,450,db2,485,db2,467,425,450,467,485,425,trainer,False
73241,Shifting Nightstone,Jewelcrafting,trainer,425,wh:learn,450,db2,485,db2,467,425,450,467,485,425,trainer,False
73242,Defender's Nightstone,Jewelcrafting,item,425,db2:item-req,450,db2,485,db2,467,425,450,467,485,425,quest,False
73243,Timeless Nightstone,Jewelcrafting,trainer,425,wh:learn,450,db2,485,db2,467,425,450,467,485,425,trainer,False
73244,Guardian's Nightstone,Jewelcrafting,item,425,db2:item-req,450,db2,485,db2,467,425,450,467,485,425,quest,False
73245,Purified Nightstone,Jewelcrafting,item,425,db2:item-req,450,db2,485,db2,467,425,450,467,485,425,quest,False
73246,Etched Nightstone,Jewelcrafting,trainer,425,wh:learn,450,db2,485,db2,467,425,450,467,485,425,trainer,False
73247,Glinting Nightstone,Jewelcrafting,trainer,425,wh:learn,450,db2,485,db2,467,425,450,467,485,425,trainer,False
73248,Retaliating Nightstone,Jewelcrafting,item,425,db2:item-req,450,db2,485,db2,467,425,450,467,485,425,quest,False
73249,Veiled Nightstone,Jewelcrafting,trainer,425,wh:learn,450,db2,485,db2,467,425,450,467,485,425,trainer,False
73250,Accurate Nightstone,Jewelcrafting,trainer,425,wh:learn,450,db2,485,db2,467,425,450,467,485,425,trainer,False
73258,Polished Hessonite,Jewelcrafting,item,425,db2:item-req,450,db2,485,db2,467,425,450,467,485,425,quest,False
73259,Resolute Hessonite,Jewelcrafting,discovery?,450,wh:learn,450,db2,485,db2,467,0,450,467,485,450,,False
73260,Inscribed Hessonite,Jewelcrafting,item,425,db2:item-req,450,db2,485,db2,467,425,450,467,485,425,quest,False
73262,Deadly Hessonite,Jewelcrafting,item,425,db2:item-req,450,db2,485,db2,467,425,450,467,485,425,quest,False
73263,Potent Hessonite,Jewelcrafting,item,425,db2:item-req,450,db2,485,db2,467,425,450,467,485,425,quest,False
73264,Fierce Hessonite,Jewelcrafting,item,425,db2:item-req,450,db2,485,db2,467,425,450,467,485,425,quest,False
73265,Deft Hessonite,Jewelcrafting,item,425,db2:item-req,450,db2,485,db2,467,425,450,467,485,425,quest,False
73266,Reckless Hessonite,Jewelcrafting,item,425,db2:item-req,450,db2,485,db2,467,425,450,467,485,425,quest+trainer,False
73267,Skillful Hessonite,Jewelcrafting,trainer,425,wh:learn,450,db2,485,db2,467,425,450,467,485,425,trainer,False
73268,Adept Hessonite,Jewelcrafting,trainer,425,wh:learn,450,db2,485,db2,467,425,450,467,485,425,trainer,False
73269,Fine Hessonite,Jewelcrafting,item,425,db2:item-req,450,db2,485,db2,467,425,450,467,485,425,quest,False
73270,Artful Hessonite,Jewelcrafting,trainer,425,wh:learn,450,db2,485,db2,467,425,450,467,485,425,trainer,False
73271,Keen Hessonite,Jewelcrafting,item,425,db2:item-req,450,db2,485,db2,467,425,450,467,485,425,quest,False
73272,Regal Jasper,Jewelcrafting,item,425,db2:item-req,450,db2,485,db2,467,425,450,467,485,425,quest,False
73273,Nimble Jasper,Jewelcrafting,item,425,db2:item-req,450,db2,485,db2,467,425,450,467,485,425,quest,False
73274,Jagged Jasper,Jewelcrafting,trainer,425,wh:learn,450,db2,485,db2,467,425,450,467,485,425,trainer,False
73275,Piercing Jasper,Jewelcrafting,item,425,db2:item-req,450,db2,485,db2,467,425,450,467,485,425,quest,False
73276,Steady Jasper,Jewelcrafting,item,425,db2:item-req,450,db2,485,db2,467,425,450,467,485,425,quest,False
73277,Forceful Jasper,Jewelcrafting,item,425,db2:item-req,450,db2,485,db2,467,425,450,467,485,425,quest,False
73278,Lightning Jasper,Jewelcrafting,item,425,db2:item-req,450,db2,485,db2,467,425,450,467,485,425,quest,False
73279,Puissant Jasper,Jewelcrafting,trainer,425,wh:learn,450,db2,485,db2,467,425,450,467,485,425,trainer,False
73280,Zen Jasper,Jewelcrafting,item,425,db2:item-req,450,db2,485,db2,467,425,450,467,485,425,quest,False
73281,Sensei's Jasper,Jewelcrafting,trainer,425,wh:learn,450,db2,485,db2,467,425,450,467,485,425,trainer,False
73335,Bold Inferno Ruby,Jewelcrafting,item,465,db2:item-req,500,db2,515,db2,507,465,500,507,515,465,world,False
73336,Delicate Inferno Ruby,Jewelcrafting,item,465,db2:item-req,500,db2,515,db2,507,465,500,507,515,465,world,False
73337,Flashing Inferno Ruby,Jewelcrafting,item,465,db2:item-req,500,db2,515,db2,507,465,500,507,515,465,world,False
73338,Brilliant Inferno Ruby,Jewelcrafting,item,465,db2:item-req,500,db2,515,db2,507,465,500,507,515,465,world,False
73339,Precise Inferno Ruby,Jewelcrafting,item,465,db2:item-req,500,db2,515,db2,507,465,500,507,515,465,world,False
73340,Solid Ocean Sapphire,Jewelcrafting,item,465,db2:item-req,500,db2,515,db2,507,465,500,507,515,465,world,False
73341,Sparkling Ocean Sapphire,Jewelcrafting,item,465,db2:item-req,500,db2,515,db2,507,465,500,507,515,465,world,False
73343,Stormy Ocean Sapphire,Jewelcrafting,item,465,db2:item-req,500,db2,515,db2,507,465,500,507,515,465,world,False
73344,Rigid Ocean Sapphire,Jewelcrafting,item,465,db2:item-req,500,db2,515,db2,507,465,500,507,515,465,world,False
73345,Subtle Amberjewel,Jewelcrafting,item,465,db2:item-req,500,db2,515,db2,507,465,500,507,515,465,world,False
73346,Smooth Amberjewel,Jewelcrafting,item,465,db2:item-req,500,db2,515,db2,507,465,500,507,515,465,world,False
73347,Mystic Amberjewel,Jewelcrafting,item,465,db2:item-req,500,db2,515,db2,507,465,500,507,515,465,world,False
73348,Quick Amberjewel,Jewelcrafting,item,465,db2:item-req,500,db2,515,db2,507,465,500,507,515,465,world,False
73349,Fractured Amberjewel,Jewelcrafting,item,465,db2:item-req,500,db2,515,db2,507,465,500,507,515,465,world,False
73350,Sovereign Demonseye,Jewelcrafting,item,465,db2:item-req,500,db2,515,db2,507,465,500,507,515,465,world,False
73351,Shifting Demonseye,Jewelcrafting,item,465,db2:item-req,500,db2,515,db2,507,465,500,507,515,465,world,False
73352,Defender's Demonseye,Jewelcrafting,item,465,db2:item-req,500,db2,515,db2,507,465,500,507,515,465,world,False
73353,Timeless Demonseye,Jewelcrafting,item,465,db2:item-req,500,db2,515,db2,507,465,500,507,515,465,world,False
73354,Guardian's Demonseye,Jewelcrafting,item,465,db2:item-req,500,db2,515,db2,507,465,500,507,515,465,world,False
73355,Purified Demonseye,Jewelcrafting,item,465,db2:item-req,500,db2,515,db2,507,465,500,507,515,465,world,False
73356,Etched Demonseye,Jewelcrafting,item,465,db2:item-req,500,db2,515,db2,507,465,500,507,515,465,world,False
73357,Glinting Demonseye,Jewelcrafting,item,465,db2:item-req,500,db2,515,db2,507,465,500,507,515,465,world,False
73358,Retaliating Demonseye,Jewelcrafting,item,465,db2:item-req,500,db2,515,db2,507,465,500,507,515,465,world,False
73359,Veiled Demonseye,Jewelcrafting,item,465,db2:item-req,500,db2,515,db2,507,465,500,507,515,465,world,False
73360,Accurate Demonseye,Jewelcrafting,item,465,db2:item-req,500,db2,515,db2,507,465,500,507,515,465,world,False
73361,Polished Ember Topaz,Jewelcrafting,item,465,db2:item-req,500,db2,515,db2,507,465,500,507,515,465,world,False
73362,Resolute Ember Topaz,Jewelcrafting,item,465,db2:item-req,500,db2,515,db2,507,465,500,507,515,465,world,False
73364,Inscribed Ember Topaz,Jewelcrafting,item,465,db2:item-req,500,db2,515,db2,507,465,500,507,515,465,world,False
73365,Deadly Ember Topaz,Jewelcrafting,item,465,db2:item-req,500,db2,515,db2,507,465,500,507,515,465,world,False
73366,Potent Ember Topaz,Jewelcrafting,item,465,db2:item-req,500,db2,515,db2,507,465,500,507,515,465,world,False
73367,Fierce Ember Topaz,Jewelcrafting,item,465,db2:item-req,500,db2,515,db2,507,465,500,507,515,465,world,False
73368,Deft Ember Topaz,Jewelcrafting,item,465,db2:item-req,500,db2,515,db2,507,465,500,507,515,465,world,False
73369,Reckless Ember Topaz,Jewelcrafting,item,465,db2:item-req,500,db2,515,db2,507,465,500,507,515,465,world,False
73370,Skillful Ember Topaz,Jewelcrafting,item,465,db2:item-req,500,db2,515,db2,507,465,500,507,515,465,world,False
73371,Adept Ember Topaz,Jewelcrafting,item,465,db2:item-req,500,db2,515,db2,507,465,500,507,515,465,world,False
73372,Fine Ember Topaz,Jewelcrafting,item,465,db2:item-req,500,db2,515,db2,507,465,500,507,515,465,world,False
73373,Artful Ember Topaz,Jewelcrafting,item,465,db2:item-req,500,db2,515,db2,507,465,500,507,515,465,world,False
73374,Keen Ember Topaz,Jewelcrafting,item,465,db2:item-req,500,db2,515,db2,507,465,500,507,515,465,world,False
73375,Regal Dream Emerald,Jewelcrafting,item,465,db2:item-req,500,db2,515,db2,507,465,500,507,515,465,world,False
73376,Nimble Dream Emerald,Jewelcrafting,item,465,db2:item-req,500,db2,515,db2,507,465,500,507,515,465,world,False
73377,Jagged Dream Emerald,Jewelcrafting,item,465,db2:item-req,500,db2,515,db2,507,465,500,507,515,465,world,False
73378,Piercing Dream Emerald,Jewelcrafting,item,465,db2:item-req,500,db2,515,db2,507,465,500,507,515,465,world,False
73379,Steady Dream Emerald,Jewelcrafting,item,465,db2:item-req,500,db2,515,db2,507,465,500,507,515,465,world,False
73380,Forceful Dream Emerald,Jewelcrafting,item,465,db2:item-req,500,db2,515,db2,507,465,500,507,515,465,world,False
73381,Lightning Dream Emerald,Jewelcrafting,item,465,db2:item-req,500,db2,515,db2,507,465,500,507,515,465,world,False
73382,Puissant Dream Emerald,Jewelcrafting,item,465,db2:item-req,500,db2,515,db2,507,465,500,507,515,465,world,False
73383,Zen Dream Emerald,Jewelcrafting,item,465,db2:item-req,500,db2,515,db2,507,465,500,507,515,465,world,False
73384,Sensei's Dream Emerald,Jewelcrafting,item,465,db2:item-req,500,db2,515,db2,507,465,500,507,515,465,world,False
73396,Bold Chimera's Eye,Jewelcrafting,item,500,db2:item-req,505,db2,510,db2,507,500,505,507,510,500,world,False
73397,Delicate Chimera's Eye,Jewelcrafting,item,500,db2:item-req,505,db2,510,db2,507,500,505,507,510,500,world,False
73398,Flashing Chimera's Eye,Jewelcrafting,item,500,db2:item-req,505,db2,510,db2,507,500,505,507,510,500,world,False
73399,Brilliant Chimera's Eye,Jewelcrafting,item,500,db2:item-req,505,db2,510,db2,507,500,505,507,510,500,world,False
73400,Precise Chimera's Eye,Jewelcrafting,item,500,db2:item-req,505,db2,510,db2,507,500,505,507,510,500,world,False
73401,Solid Chimera's Eye,Jewelcrafting,item,500,db2:item-req,505,db2,510,db2,507,500,505,507,510,500,world,False
73402,Sparkling Chimera's Eye,Jewelcrafting,item,500,db2:item-req,505,db2,510,db2,507,500,505,507,510,500,world,False
73403,Stormy Chimera's Eye,Jewelcrafting,item,500,db2:item-req,505,db2,510,db2,507,500,505,507,510,500,world,False
73404,Rigid Chimera's Eye,Jewelcrafting,item,500,db2:item-req,505,db2,510,db2,507,500,505,507,510,500,world,False
73405,Subtle Chimera's Eye,Jewelcrafting,item,500,db2:item-req,505,db2,510,db2,507,500,505,507,510,500,world,False
73406,Smooth Chimera's Eye,Jewelcrafting,item,500,db2:item-req,505,db2,510,db2,507,500,505,507,510,500,world,False
73407,Mystic Chimera's Eye,Jewelcrafting,item,500,db2:item-req,505,db2,510,db2,507,500,505,507,510,500,world,False
73408,Quick Chimera's Eye,Jewelcrafting,item,500,db2:item-req,505,db2,510,db2,507,500,505,507,510,500,world,False
73409,Fractured Chimera's Eye,Jewelcrafting,item,500,db2:item-req,505,db2,510,db2,507,500,505,507,510,500,world,False
73464,Fleet Shadowspirit Diamond,Jewelcrafting,item,490,db2:item-req,515,db2,525,db2,520,490,515,520,525,490,world,False
73465,Chaotic Shadowspirit Diamond,Jewelcrafting,item,490,db2:item-req,515,db2,525,db2,520,490,515,520,525,490,world,False
73466,Bracing Shadowspirit Diamond,Jewelcrafting,item,490,db2:item-req,515,db2,525,db2,520,490,515,520,525,490,world,False
73467,Eternal Shadowspirit Diamond,Jewelcrafting,item,490,db2:item-req,515,db2,525,db2,520,490,515,520,525,490,world,False
73468,Austere Shadowspirit Diamond,Jewelcrafting,item,490,db2:item-req,515,db2,525,db2,520,490,515,520,525,490,world,False
73469,Effulgent Shadowspirit Diamond,Jewelcrafting,item,490,db2:item-req,515,db2,525,db2,520,490,515,520,525,490,world,False
73470,Ember Shadowspirit Diamond,Jewelcrafting,item,490,db2:item-req,515,db2,525,db2,520,490,515,520,525,490,world,False
73471,Revitalizing Shadowspirit Diamond,Jewelcrafting,item,490,db2:item-req,515,db2,525,db2,520,490,515,520,525,490,world,False
73472,Destructive Shadowspirit Diamond,Jewelcrafting,item,490,db2:item-req,515,db2,525,db2,520,490,515,520,525,490,world,False
73473,Powerful Shadowspirit Diamond,Jewelcrafting,item,490,db2:item-req,515,db2,525,db2,520,490,515,520,525,490,world,False
73474,Enigmatic Shadowspirit Diamond,Jewelcrafting,item,490,db2:item-req,515,db2,525,db2,520,490,515,520,525,490,world,False
73475,Impassive Shadowspirit Diamond,Jewelcrafting,item,490,db2:item-req,515,db2,525,db2,520,490,515,520,525,490,world,False
73476,Forlorn Shadowspirit Diamond,Jewelcrafting,item,490,db2:item-req,515,db2,525,db2,520,490,515,520,525,490,world,False
73478,Fire Prism,Jewelcrafting,trainer,500,wh:learn,525,db2,525,db2,525,500,525,525,525,500,trainer,False
73494,Jasper Ring,Jewelcrafting,trainer,425,wh:learn,450,db2,485,db2,467,425,450,467,485,425,trainer,False
73495,Hessonite Band,Jewelcrafting,trainer,450,wh:learn,485,db2,505,db2,495,450,485,495,505,450,trainer,False
73496,Alicite Pendant,Jewelcrafting,trainer,435,wh:learn,450,db2,485,db2,467,435,450,467,485,435,trainer,False
73497,Nightstone Choker,Jewelcrafting,trainer,460,wh:learn,495,db2,515,db2,505,460,495,505,515,460,trainer,False
73498,Band of Blades,Jewelcrafting,item,525,db2:item-req,525,db2,525,db2,525,525,525,525,525,525,world,False
73502,Ring of Warring Elements,Jewelcrafting,item,525,db2:item-req,525,db2,525,db2,525,525,525,525,525,525,world,False
73503,Elementium Moebius Band,Jewelcrafting,item,525,db2:item-req,525,db2,525,db2,525,525,525,525,525,525,world,False
73504,Entwined Elementium Choker,Jewelcrafting,item,525,db2:item-req,525,db2,525,db2,525,525,525,525,525,525,world,False
73505,Eye of Many Deaths,Jewelcrafting,item,525,db2:item-req,525,db2,525,db2,525,525,525,525,525,525,world,False
73506,Elementium Guardian,Jewelcrafting,item,525,db2:item-req,525,db2,525,db2,525,525,525,525,525,525,world,False
73520,Elementium Destroyer's Ring,Jewelcrafting,item,525,db2:item-req,525,db2,525,db2,525,525,525,525,525,525,world,False
73521,Brazen Elementium Medallion,Jewelcrafting,item,525,db2:item-req,525,db2,525,db2,525,525,525,525,525,525,world,False
73620,Carnelian Spikes,Jewelcrafting,trainer,460,wh:learn,470,db2,480,db2,475,460,470,475,480,460,trainer,False
73621,The Perforator,Jewelcrafting,trainer,490,wh:learn,500,db2,510,db2,505,490,500,505,510,490,trainer,False
73622,Stardust,Jewelcrafting,trainer,435,wh:learn,450,db2,465,db2,457,435,450,457,465,435,trainer,False
73623,Rhinestone Sunglasses,Jewelcrafting,item,525,db2:item-req,525,db2,535,db2,530,525,525,530,535,525,quest,False
73625,Jeweler's Ruby Monocle,Jewelcrafting,item,450,db2:item-req,480,db2,500,db2,490,450,480,490,500,450,quest,False
73626,Jeweler's Sapphire Monocle,Jewelcrafting,item,455,db2:item-req,485,db2,505,db2,495,455,485,495,505,455,quest,False
73627,Jeweler's Amber Monocle,Jewelcrafting,item,460,db2:item-req,490,db2,510,db2,500,460,490,500,510,460,quest,False
95754,Willful Ember Topaz,Jewelcrafting,item,465,db2:item-req,500,db2,515,db2,507,465,500,507,515,465,world,False
95755,Lucent Ember Topaz,Jewelcrafting,item,465,db2:item-req,500,db2,515,db2,507,465,500,507,515,465,world,False
95756,Resplendent Ember Topaz,Jewelcrafting,item,465,db2:item-req,500,db2,515,db2,507,465,500,507,515,465,world,False
96226,Vivid Dream Emerald,Jewelcrafting,item,465,db2:item-req,500,db2,515,db2,507,465,500,507,515,465,world,False
96255,Agile Shadowspirit Diamond,Jewelcrafting,item,490,db2:item-req,515,db2,525,db2,520,490,515,520,525,490,quest,False
96256,Reverberating Shadowspirit Diamond,Jewelcrafting,item,490,db2:item-req,515,db2,525,db2,520,490,515,520,525,490,quest,False
96257,Burning Shadowspirit Diamond,Jewelcrafting,item,490,db2:item-req,515,db2,525,db2,520,490,515,520,525,490,quest,False
98921,Punisher's Band,Jewelcrafting,item,525,db2:item-req,525,db2,525,db2,525,525,525,525,525,525,world,False
99539,Vicious Sapphire Ring,Jewelcrafting,trainer,510,wh:learn,515,db2,525,db2,520,510,515,520,525,510,trainer,False
99540,Vicious Amberjewel Band,Jewelcrafting,trainer,510,wh:learn,515,db2,525,db2,520,510,515,520,525,510,trainer,False
99541,Vicious Ruby Signet,Jewelcrafting,trainer,510,wh:learn,515,db2,525,db2,520,510,515,520,525,510,trainer,False
99542,Vicious Sapphire Necklace,Jewelcrafting,trainer,520,wh:learn,525,db2,535,db2,530,520,525,530,535,520,trainer,False
99543,Vicious Amberjewel Pendant,Jewelcrafting,trainer,520,wh:learn,525,db2,535,db2,530,520,525,530,535,520,trainer,False
99544,Vicious Ruby Choker,Jewelcrafting,trainer,520,wh:learn,525,db2,535,db2,530,520,525,530,535,520,trainer,False
101735,Rigid Deepholm Iolite,Jewelcrafting,item,525,db2:item-req,525,db2,535,db2,530,525,525,530,535,525,world,False
101740,Stormy Deepholm Iolite,Jewelcrafting,item,525,db2:item-req,525,db2,535,db2,530,525,525,530,535,525,world,False
101741,Sparkling Deepholm Iolite,Jewelcrafting,item,525,db2:item-req,525,db2,535,db2,530,525,525,530,535,525,world,False
101742,Solid Deepholm Iolite,Jewelcrafting,item,525,db2:item-req,525,db2,535,db2,530,525,525,530,535,525,world,False
101743,Misty Elven Peridot,Jewelcrafting,item,525,db2:item-req,525,db2,535,db2,530,525,525,530,535,525,world,False
101744,Piercing Elven Peridot,Jewelcrafting,item,525,db2:item-req,525,db2,535,db2,530,525,525,530,535,525,world,False
101745,Lightning Elven Peridot,Jewelcrafting,item,525,db2:item-req,525,db2,535,db2,530,525,525,530,535,525,world,False
101746,Sensei's Elven Peridot,Jewelcrafting,item,525,db2:item-req,525,db2,535,db2,530,525,525,530,535,525,world,False
101747,Infused Elven Peridot,Jewelcrafting,item,525,db2:item-req,525,db2,535,db2,530,525,525,530,535,525,world,False
101748,Zen Elven Peridot,Jewelcrafting,item,525,db2:item-req,525,db2,535,db2,530,525,525,530,535,525,world,False
101749,Balanced Elven Peridot,Jewelcrafting,item,525,db2:item-req,525,db2,535,db2,530,525,525,530,535,525,world,False
101750,Vivid Elven Peridot,Jewelcrafting,item,525,db2:item-req,525,db2,535,db2,530,525,525,530,535,525,world,False
101751,Turbid Elven Peridot,Jewelcrafting,item,525,db2:item-req,525,db2,535,db2,530,525,525,530,535,525,world,False
101752,Radiant Elven Peridot,Jewelcrafting,item,525,db2:item-req,525,db2,535,db2,530,525,525,530,535,525,world,False
101753,Shattered Elven Peridot,Jewelcrafting,item,525,db2:item-req,525,db2,535,db2,530,525,525,530,535,525,world,False
101754,Energized Elven Peridot,Jewelcrafting,item,525,db2:item-req,525,db2,535,db2,530,525,525,530,535,525,world,False
101755,Jagged Elven Peridot,Jewelcrafting,item,525,db2:item-req,525,db2,535,db2,530,525,525,530,535,525,world,False
101756,Regal Elven Peridot,Jewelcrafting,item,525,db2:item-req,525,db2,535,db2,530,525,525,530,535,525,world,False
101757,Forceful Elven Peridot,Jewelcrafting,item,525,db2:item-req,525,db2,535,db2,530,525,525,530,535,525,world,False
101758,Nimble Elven Peridot,Jewelcrafting,item,525,db2:item-req,525,db2,535,db2,530,525,525,530,535,525,world,False
101759,Puissant Elven Peridot,Jewelcrafting,item,525,db2:item-req,525,db2,535,db2,530,525,525,530,535,525,world,False
101760,Steady Elven Peridot,Jewelcrafting,item,525,db2:item-req,525,db2,535,db2,530,525,525,530,535,525,world,False
101761,Deadly Lava Coral,Jewelcrafting,item,525,db2:item-req,525,db2,535,db2,530,525,525,530,535,525,world,False
101762,Crafty Lava Coral,Jewelcrafting,item,525,db2:item-req,525,db2,535,db2,530,525,525,530,535,525,world,False
101763,Potent Lava Coral,Jewelcrafting,item,525,db2:item-req,525,db2,535,db2,530,525,525,530,535,525,world,False
101764,Inscribed Lava Coral,Jewelcrafting,item,525,db2:item-req,525,db2,535,db2,530,525,525,530,535,525,world,False
101765,Polished Lava Coral,Jewelcrafting,item,525,db2:item-req,525,db2,535,db2,530,525,525,530,535,525,world,False
101766,Resolute Lava Coral,Jewelcrafting,item,525,db2:item-req,525,db2,535,db2,530,525,525,530,535,525,world,False
101767,Stalwart Lava Coral,Jewelcrafting,item,525,db2:item-req,525,db2,535,db2,530,525,525,530,535,525,world,False
101768,Champion's Lava Coral,Jewelcrafting,item,525,db2:item-req,525,db2,535,db2,530,525,525,530,535,525,world,False
101769,Deft Lava Coral,Jewelcrafting,item,525,db2:item-req,525,db2,535,db2,530,525,525,530,535,525,world,False
101770,Wicked Lava Coral,Jewelcrafting,item,525,db2:item-req,525,db2,535,db2,530,525,525,530,535,525,world,False
101771,Reckless Lava Coral,Jewelcrafting,item,525,db2:item-req,525,db2,535,db2,530,525,525,530,535,525,world,False
101772,Fierce Lava Coral,Jewelcrafting,item,525,db2:item-req,525,db2,535,db2,530,525,525,530,535,525,world,False
101773,Adept Lava Coral,Jewelcrafting,item,525,db2:item-req,525,db2,535,db2,530,525,525,530,535,525,world,False
101774,Keen Lava Coral,Jewelcrafting,item,525,db2:item-req,525,db2,535,db2,530,525,525,530,535,525,world,False
101775,Artful Lava Coral,Jewelcrafting,item,525,db2:item-req,525,db2,535,db2,530,525,525,530,535,525,world,False
101776,Fine Lava Coral,Jewelcrafting,item,525,db2:item-req,525,db2,535,db2,530,525,525,530,535,525,world,False
101777,Skillful Lava Coral,Jewelcrafting,item,525,db2:item-req,525,db2,535,db2,530,525,525,530,535,525,world,False
101778,Lucent Lava Coral,Jewelcrafting,item,525,db2:item-req,525,db2,535,db2,530,525,525,530,535,525,world,False
101779,Tenuous Lava Coral,Jewelcrafting,item,525,db2:item-req,525,db2,535,db2,530,525,525,530,535,525,world,False
101780,Willful Lava Coral,Jewelcrafting,item,525,db2:item-req,525,db2,535,db2,530,525,525,530,535,525,world,False
101781,Splendid Lava Coral,Jewelcrafting,item,525,db2:item-req,525,db2,535,db2,530,525,525,530,535,525,world,False
101782,Resplendent Lava Coral,Jewelcrafting,item,525,db2:item-req,525,db2,535,db2,530,525,525,530,535,525,world,False
101783,Glinting Shadow Spinel,Jewelcrafting,item,525,db2:item-req,525,db2,535,db2,530,525,525,530,535,525,world,False
101784,Accurate Shadow Spinel,Jewelcrafting,item,525,db2:item-req,525,db2,535,db2,530,525,525,530,535,525,world,False
101785,Veiled Shadow Spinel,Jewelcrafting,item,525,db2:item-req,525,db2,535,db2,530,525,525,530,535,525,world,False
101786,Retaliating Shadow Spinel,Jewelcrafting,item,525,db2:item-req,525,db2,535,db2,530,525,525,530,535,525,world,False
101787,Etched Shadow Spinel,Jewelcrafting,item,525,db2:item-req,525,db2,535,db2,530,525,525,530,535,525,world,False
101788,Mysterious Shadow Spinel,Jewelcrafting,item,525,db2:item-req,525,db2,535,db2,530,525,525,530,535,525,world,False
101789,Purified Shadow Spinel,Jewelcrafting,item,525,db2:item-req,525,db2,535,db2,530,525,525,530,535,525,world,False
101790,Shifting Shadow Spinel,Jewelcrafting,item,525,db2:item-req,525,db2,535,db2,530,525,525,530,535,525,world,False
101791,Guardian's Shadow Spinel,Jewelcrafting,item,525,db2:item-req,525,db2,535,db2,530,525,525,530,535,525,world,False
101792,Timeless Shadow Spinel,Jewelcrafting,item,525,db2:item-req,525,db2,535,db2,530,525,525,530,535,525,world,False
101793,Defender's Shadow Spinel,Jewelcrafting,item,525,db2:item-req,525,db2,535,db2,530,525,525,530,535,525,world,False
101794,Sovereign Shadow Spinel,Jewelcrafting,item,525,db2:item-req,525,db2,535,db2,530,525,525,530,535,525,world,False
101795,Delicate Queen's Garnet,Jewelcrafting,item,525,db2:item-req,525,db2,535,db2,530,525,525,530,535,525,world,False
101796,Precise Queen's Garnet,Jewelcrafting,item,525,db2:item-req,525,db2,535,db2,530,525,525,530,535,525,world,False
101797,Brilliant Queen's Garnet,Jewelcrafting,item,525,db2:item-req,525,db2,535,db2,530,525,525,530,535,525,world,False
101798,Flashing Queen's Garnet,Jewelcrafting,item,525,db2:item-req,525,db2,535,db2,530,525,525,530,535,525,world,False
101799,Bold Queen's Garnet,Jewelcrafting,item,525,db2:item-req,525,db2,535,db2,530,525,525,530,535,525,world,False
101800,Smooth Lightstone,Jewelcrafting,item,525,db2:item-req,525,db2,535,db2,530,525,525,530,535,525,world,False
101801,Subtle Lightstone,Jewelcrafting,item,525,db2:item-req,525,db2,535,db2,530,525,525,530,535,525,world,False
101802,Quick Lightstone,Jewelcrafting,item,525,db2:item-req,525,db2,535,db2,530,525,525,530,535,525,world,False
101803,Fractured Lightstone,Jewelcrafting,item,525,db2:item-req,525,db2,535,db2,530,525,525,530,535,525,world,False
101804,Mystic Lightstone,Jewelcrafting,item,525,db2:item-req,525,db2,535,db2,530,525,525,530,535,525,world,False
106947,Rigid River's Heart,Jewelcrafting,item,550,db2:item-req,600,db2,605,db2,602,550,600,602,605,550,discovery,False
106948,Stormy River's Heart,Jewelcrafting,item,550,db2:item-req,600,db2,605,db2,602,550,600,602,605,550,discovery,False
106949,Sparkling River's Heart,Jewelcrafting,item,550,db2:item-req,600,db2,605,db2,602,550,600,602,605,550,discovery,False
106950,Solid River's Heart,Jewelcrafting,item,550,db2:item-req,600,db2,605,db2,602,550,600,602,605,550,discovery,False
106953,Misty Wild Jade,Jewelcrafting,item,535,wh:learn<item,600,db2,605,db2,602,535,600,602,605,535,discovery,False
106954,Piercing Wild Jade,Jewelcrafting,item,535,wh:learn<item,600,db2,605,db2,602,535,600,602,605,535,discovery,False
106955,Lightning Wild Jade,Jewelcrafting,item,535,wh:learn<item,600,db2,605,db2,602,535,600,602,605,535,discovery,False
106956,Sensei's Wild Jade,Jewelcrafting,item,535,wh:learn<item,600,db2,605,db2,602,535,600,602,605,535,discovery,False
106957,Effulgent Wild Jade,Jewelcrafting,item,535,wh:learn<item,600,db2,605,db2,602,535,600,602,605,535,discovery,False
106958,Zen Wild Jade,Jewelcrafting,item,535,wh:learn<item,600,db2,605,db2,602,535,600,602,605,535,discovery,False
106960,Balanced Wild Jade,Jewelcrafting,item,535,wh:learn<item,600,db2,605,db2,602,535,600,602,605,535,discovery,False
106961,Vivid Wild Jade,Jewelcrafting,item,535,wh:learn<item,600,db2,605,db2,602,535,600,602,605,535,discovery,False
106962,Turbid Wild Jade,Jewelcrafting,item,535,wh:learn<item,600,db2,605,db2,602,535,600,602,605,535,discovery,False
107598,Balanced Alexandrite,Jewelcrafting,item,525,db2:item-req,575,db2,585,db2,580,550,575,580,585,550,trainer,False
107599,Effulgent Alexandrite,Jewelcrafting,item,525,db2:item-req,575,db2,585,db2,580,550,575,580,585,550,trainer,False
107600,Energized Alexandrite,Jewelcrafting,item,525,db2:item-req,575,db2,585,db2,580,560,575,580,585,560,trainer,False
107601,Forceful Alexandrite,Jewelcrafting,item,525,db2:item-req,575,db2,585,db2,580,565,575,580,585,565,trainer,False
107602,Jagged Alexandrite,Jewelcrafting,item,525,db2:item-req,575,db2,585,db2,580,530,575,580,585,530,trainer,False
107604,Lightning Alexandrite,Jewelcrafting,item,525,db2:item-req,575,db2,585,db2,580,525,575,580,585,525,trainer,False
107605,Misty Alexandrite,Jewelcrafting,item,525,db2:item-req,575,db2,585,db2,580,540,575,580,585,540,trainer,False
107606,Nimble Alexandrite,Jewelcrafting,item,525,db2:item-req,575,db2,585,db2,580,530,575,580,585,530,trainer,False
107607,Piercing Alexandrite,Jewelcrafting,item,525,db2:item-req,575,db2,585,db2,580,555,575,580,585,555,trainer,False
107608,Puissant Alexandrite,Jewelcrafting,item,525,db2:item-req,575,db2,585,db2,580,570,575,580,585,570,trainer,False
107609,Radiant Alexandrite,Jewelcrafting,item,525,db2:item-req,575,db2,585,db2,580,575,575,580,585,575,trainer,False
107610,Regal Alexandrite,Jewelcrafting,item,525,db2:item-req,575,db2,585,db2,580,535,575,580,585,535,trainer,False
107611,Sensei's Alexandrite,Jewelcrafting,item,525,db2:item-req,575,db2,585,db2,580,545,575,580,585,545,trainer,False
107612,Shattered Alexandrite,Jewelcrafting,item,525,db2:item-req,575,db2,585,db2,580,540,575,580,585,540,trainer,False
107613,Steady Alexandrite,Jewelcrafting,item,525,db2:item-req,575,db2,585,db2,580,555,575,580,585,555,trainer,False
107614,Turbid Alexandrite,Jewelcrafting,item,525,db2:item-req,575,db2,585,db2,580,545,575,580,585,545,trainer,False
107615,Vivid Alexandrite,Jewelcrafting,item,525,db2:item-req,575,db2,585,db2,580,525,575,580,585,525,trainer,False
107616,Zen Alexandrite,Jewelcrafting,item,525,db2:item-req,575,db2,585,db2,580,535,575,580,585,535,trainer,False
107617,Rigid Lapis Lazuli,Jewelcrafting,item,525,db2:item-req,575,db2,585,db2,580,525,575,580,585,525,trainer,False
107619,Solid Lapis Lazuli,Jewelcrafting,item,525,db2:item-req,575,db2,585,db2,580,535,575,580,585,535,trainer,False
107620,Sparkling Lapis Lazuli,Jewelcrafting,item,525,db2:item-req,575,db2,585,db2,580,545,575,580,585,545,trainer,False
107621,Stormy Lapis Lazuli,Jewelcrafting,item,525,db2:item-req,575,db2,585,db2,580,555,575,580,585,555,trainer,False
107622,Bold Pandarian Garnet,Jewelcrafting,item,525,db2:item-req,575,db2,585,db2,580,570,575,580,585,570,trainer,False
107623,Brilliant Pandarian Garnet,Jewelcrafting,item,525,db2:item-req,575,db2,585,db2,580,560,575,580,585,560,trainer,False
107624,Delicate Pandarian Garnet,Jewelcrafting,item,525,db2:item-req,575,db2,585,db2,580,530,575,580,585,530,trainer,False
107625,Flashing Pandarian Garnet,Jewelcrafting,item,525,db2:item-req,575,db2,585,db2,580,550,575,580,585,550,trainer,False
107626,Precise Pandarian Garnet,Jewelcrafting,item,525,db2:item-req,575,db2,585,db2,580,540,575,580,585,540,trainer,False
107627,Accurate Roguestone,Jewelcrafting,item,525,db2:item-req,575,db2,585,db2,580,550,575,580,585,550,trainer,False
107628,Defender's Roguestone,Jewelcrafting,item,525,db2:item-req,575,db2,585,db2,580,555,575,580,585,555,trainer,False
107630,Etched Roguestone,Jewelcrafting,item,525,db2:item-req,575,db2,585,db2,580,525,575,580,585,525,trainer,False
107631,Glinting Roguestone,Jewelcrafting,item,525,db2:item-req,575,db2,585,db2,580,540,575,580,585,540,trainer,False
107632,Guardian's Roguestone,Jewelcrafting,item,525,db2:item-req,575,db2,585,db2,580,545,575,580,585,545,trainer,False
107633,Mysterious Roguestone,Jewelcrafting,item,525,db2:item-req,575,db2,585,db2,580,525,575,580,585,525,trainer,False
107634,Purified Roguestone,Jewelcrafting,item,525,db2:item-req,575,db2,585,db2,580,565,575,580,585,565,trainer,False
107635,Retaliating Roguestone,Jewelcrafting,item,525,db2:item-req,575,db2,585,db2,580,575,575,580,585,575,trainer,False
107636,Shifting Roguestone,Jewelcrafting,item,525,db2:item-req,575,db2,585,db2,580,535,575,580,585,535,trainer,False
107637,Sovereign Roguestone,Jewelcrafting,item,525,db2:item-req,575,db2,585,db2,580,535,575,580,585,535,trainer,False
107638,Timeless Roguestone,Jewelcrafting,item,525,db2:item-req,575,db2,585,db2,580,560,575,580,585,560,trainer,False
107639,Veiled Roguestone,Jewelcrafting,item,525,db2:item-req,575,db2,585,db2,580,530,575,580,585,530,trainer,False
107640,Fractured Sunstone,Jewelcrafting,item,525,db2:item-req,575,db2,585,db2,580,535,575,580,585,535,trainer,False
107641,Mystic Sunstone,Jewelcrafting,item,525,db2:item-req,575,db2,585,db2,580,545,575,580,585,545,trainer,False
107642,Quick Sunstone,Jewelcrafting,item,525,db2:item-req,575,db2,585,db2,580,555,575,580,585,555,trainer,False
107643,Smooth Sunstone,Jewelcrafting,item,525,db2:item-req,575,db2,585,db2,580,565,575,580,585,565,trainer,False
107644,Subtle Sunstone,Jewelcrafting,item,525,db2:item-req,575,db2,585,db2,580,575,575,580,585,575,trainer,False
107645,Adept Tiger Opal,Jewelcrafting,item,525,db2:item-req,575,db2,585,db2,580,550,575,580,585,550,trainer,False
107646,Artful Tiger Opal,Jewelcrafting,item,525,db2:item-req,575,db2,585,db2,580,525,575,580,585,525,trainer,False
107647,Champion's Tiger Opal,Jewelcrafting,item,525,db2:item-req,575,db2,585,db2,580,545,575,580,585,545,trainer,False
107648,Crafty Tiger Opal,Jewelcrafting,item,525,db2:item-req,575,db2,585,db2,580,565,575,580,585,565,trainer,False
107649,Deadly Tiger Opal,Jewelcrafting,item,525,db2:item-req,575,db2,585,db2,580,525,575,580,585,525,trainer,False
107650,Deft Tiger Opal,Jewelcrafting,item,525,db2:item-req,575,db2,585,db2,580,530,575,580,585,530,trainer,False
107651,Fierce Tiger Opal,Jewelcrafting,item,525,db2:item-req,575,db2,585,db2,580,555,575,580,585,555,trainer,False
107652,Fine Tiger Opal,Jewelcrafting,item,525,db2:item-req,575,db2,585,db2,580,535,575,580,585,535,trainer,False
107653,Inscribed Tiger Opal,Jewelcrafting,item,525,db2:item-req,575,db2,585,db2,580,555,575,580,585,555,trainer,False
107654,Keen Tiger Opal,Jewelcrafting,item,525,db2:item-req,575,db2,585,db2,580,530,575,580,585,530,trainer,False
107655,Lucent Tiger Opal,Jewelcrafting,item,525,db2:item-req,575,db2,585,db2,580,540,575,580,585,540,trainer,False
107656,Polished Tiger Opal,Jewelcrafting,item,525,db2:item-req,575,db2,585,db2,580,545,575,580,585,545,trainer,False
107657,Potent Tiger Opal,Jewelcrafting,item,525,db2:item-req,575,db2,585,db2,580,560,575,580,585,560,trainer,False
107658,Reckless Tiger Opal,Jewelcrafting,item,525,db2:item-req,575,db2,585,db2,580,540,575,580,585,540,trainer,False
107659,Resolute Tiger Opal,Jewelcrafting,item,525,db2:item-req,575,db2,585,db2,580,575,575,580,585,575,trainer,False
107660,Resplendent Tiger Opal,Jewelcrafting,item,525,db2:item-req,575,db2,585,db2,580,575,575,580,585,575,trainer,False
107661,Skillful Tiger Opal,Jewelcrafting,item,525,db2:item-req,575,db2,585,db2,580,560,575,580,585,560,trainer,False
107662,Splendid Tiger Opal,Jewelcrafting,item,525,db2:item-req,575,db2,585,db2,580,570,575,580,585,570,trainer,False
107663,Stalwart Tiger Opal,Jewelcrafting,item,525,db2:item-req,575,db2,585,db2,580,565,575,580,585,565,trainer,False
107665,Tenuous Tiger Opal,Jewelcrafting,item,525,db2:item-req,575,db2,585,db2,580,550,575,580,585,550,trainer,False
107666,Wicked Tiger Opal,Jewelcrafting,item,525,db2:item-req,575,db2,585,db2,580,570,575,580,585,570,trainer,False
107667,Willful Tiger Opal,Jewelcrafting,item,525,db2:item-req,575,db2,585,db2,580,535,575,580,585,535,trainer,False
107693,Accurate Imperial Amethyst,Jewelcrafting,item,545,wh:learn<item,600,db2,605,db2,602,545,600,602,605,545,discovery,False
107694,Defender's Imperial Amethyst,Jewelcrafting,item,545,wh:learn<item,600,db2,605,db2,602,545,600,602,605,545,discovery,False
107695,Etched Imperial Amethyst,Jewelcrafting,item,545,wh:learn<item,600,db2,605,db2,602,545,600,602,605,545,discovery,False
107696,Glinting Imperial Amethyst,Jewelcrafting,item,545,wh:learn<item,600,db2,605,db2,602,545,600,602,605,545,discovery,False
107697,Guardian's Imperial Amethyst,Jewelcrafting,item,545,wh:learn<item,600,db2,605,db2,602,545,600,602,605,545,discovery,False
107698,Mysterious Imperial Amethyst,Jewelcrafting,item,545,wh:learn<item,600,db2,605,db2,602,545,600,602,605,545,discovery,False
107699,Purified Imperial Amethyst,Jewelcrafting,item,545,wh:learn<item,600,db2,605,db2,602,545,600,602,605,545,discovery,False
107700,Retaliating Imperial Amethyst,Jewelcrafting,item,545,wh:learn<item,600,db2,605,db2,602,545,600,602,605,545,discovery,False
107701,Shifting Imperial Amethyst,Jewelcrafting,item,545,wh:learn<item,600,db2,605,db2,602,545,600,602,605,545,discovery,False
107702,Sovereign Imperial Amethyst,Jewelcrafting,item,545,wh:learn<item,600,db2,605,db2,602,545,600,602,605,545,discovery,False
107703,Timeless Imperial Amethyst,Jewelcrafting,item,545,wh:learn<item,600,db2,605,db2,602,545,600,602,605,545,discovery,False
107704,Veiled Imperial Amethyst,Jewelcrafting,item,545,wh:learn<item,600,db2,605,db2,602,545,600,602,605,545,discovery,False
107705,Bold Primordial Ruby,Jewelcrafting,item,550,db2:item-req,600,db2,605,db2,602,550,600,602,605,550,discovery,False
107706,Brilliant Primordial Ruby,Jewelcrafting,item,550,db2:item-req,600,db2,605,db2,602,550,600,602,605,550,discovery,False
107707,Delicate Primordial Ruby,Jewelcrafting,item,550,db2:item-req,600,db2,605,db2,602,550,600,602,605,550,discovery,False
107708,Flashing Primordial Ruby,Jewelcrafting,item,550,db2:item-req,600,db2,605,db2,602,550,600,602,605,550,discovery,False
107709,Precise Primordial Ruby,Jewelcrafting,item,550,db2:item-req,600,db2,605,db2,602,550,600,602,605,550,discovery,False
107710,Fractured Sun's Radiance,Jewelcrafting,item,550,db2:item-req,600,db2,605,db2,602,550,600,602,605,550,discovery,False
107711,Mystic Sun's Radiance,Jewelcrafting,item,550,db2:item-req,600,db2,605,db2,602,550,600,602,605,550,discovery,False
107712,Quick Sun's Radiance,Jewelcrafting,item,550,db2:item-req,600,db2,605,db2,602,550,600,602,605,550,discovery,False
107713,Smooth Sun's Radiance,Jewelcrafting,item,550,db2:item-req,600,db2,605,db2,602,550,600,602,605,550,discovery,False
107714,Subtle Sun's Radiance,Jewelcrafting,item,550,db2:item-req,600,db2,605,db2,602,550,600,602,605,550,discovery,False
107715,Adept Vermilion Onyx,Jewelcrafting,item,535,wh:learn<item,600,db2,605,db2,602,535,600,602,605,535,discovery,False
107716,Artful Vermilion Onyx,Jewelcrafting,item,535,wh:learn<item,600,db2,605,db2,602,535,600,602,605,535,discovery,False
107717,Champion's Vermilion Onyx,Jewelcrafting,item,535,wh:learn<item,600,db2,605,db2,602,535,600,602,605,535,discovery,False
107718,Crafty Vermilion Onyx,Jewelcrafting,item,535,wh:learn<item,600,db2,605,db2,602,535,600,602,605,535,discovery,False
107719,Deadly Vermilion Onyx,Jewelcrafting,item,535,wh:learn<item,600,db2,605,db2,602,535,600,602,605,535,discovery,False
107720,Deft Vermilion Onyx,Jewelcrafting,item,535,wh:learn<item,600,db2,605,db2,602,535,600,602,605,535,discovery,False
107721,Fierce Vermilion Onyx,Jewelcrafting,item,535,wh:learn<item,600,db2,605,db2,602,535,600,602,605,535,discovery,False
107722,Fine Vermilion Onyx,Jewelcrafting,item,535,wh:learn<item,600,db2,605,db2,602,535,600,602,605,535,discovery,False
107723,Inscribed Vermilion Onyx,Jewelcrafting,item,535,wh:learn<item,600,db2,605,db2,602,535,600,602,605,535,discovery,False
107724,Keen Vermilion Onyx,Jewelcrafting,item,535,wh:learn<item,600,db2,605,db2,602,535,600,602,605,535,discovery,False
107725,Lucent Vermilion Onyx,Jewelcrafting,item,535,wh:learn<item,600,db2,605,db2,602,535,600,602,605,535,discovery,False
107726,Polished Vermilion Onyx,Jewelcrafting,item,535,wh:learn<item,600,db2,605,db2,602,535,600,602,605,535,discovery,False
107727,Potent Vermilion Onyx,Jewelcrafting,item,535,wh:learn<item,600,db2,605,db2,602,535,600,602,605,535,discovery,False
107728,Reckless Vermilion Onyx,Jewelcrafting,item,535,wh:learn<item,600,db2,605,db2,602,535,600,602,605,535,discovery,False
107729,Resolute Vermilion Onyx,Jewelcrafting,item,535,wh:learn<item,600,db2,605,db2,602,535,600,602,605,535,discovery,False
107730,Resplendent Vermilion Onyx,Jewelcrafting,item,535,wh:learn<item,600,db2,605,db2,602,535,600,602,605,535,discovery,False
107731,Skillful Vermilion Onyx,Jewelcrafting,item,535,wh:learn<item,600,db2,605,db2,602,535,600,602,605,535,discovery,False
107732,Splendid Vermilion Onyx,Jewelcrafting,item,535,wh:learn<item,600,db2,605,db2,602,535,600,602,605,535,discovery,False
107733,Stalwart Vermilion Onyx,Jewelcrafting,item,535,wh:learn<item,600,db2,605,db2,602,535,600,602,605,535,discovery,False
107734,Tenuous Vermilion Onyx,Jewelcrafting,item,535,wh:learn<item,600,db2,605,db2,602,535,600,602,605,535,discovery,False
107735,Wicked Vermilion Onyx,Jewelcrafting,item,535,wh:learn<item,600,db2,605,db2,602,535,600,602,605,535,discovery,False
107736,Willful Vermilion Onyx,Jewelcrafting,item,535,wh:learn<item,600,db2,605,db2,602,535,600,602,605,535,discovery,False
107737,Energized Wild Jade,Jewelcrafting,item,535,wh:learn<item,600,db2,605,db2,602,535,600,602,605,535,discovery,False
107738,Forceful Wild Jade,Jewelcrafting,item,535,wh:learn<item,600,db2,605,db2,602,535,600,602,605,535,discovery,False
107739,Jagged Wild Jade,Jewelcrafting,item,535,wh:learn<item,600,db2,605,db2,602,535,600,602,605,535,discovery,False
107740,Nimble Wild Jade,Jewelcrafting,item,535,wh:learn<item,600,db2,605,db2,602,535,600,602,605,535,discovery,False
107742,Puissant Wild Jade,Jewelcrafting,item,535,wh:learn<item,600,db2,605,db2,602,535,600,602,605,535,discovery,False
107743,Radiant Wild Jade,Jewelcrafting,item,535,wh:learn<item,600,db2,605,db2,602,535,600,602,605,535,discovery,False
107744,Regal Wild Jade,Jewelcrafting,item,535,wh:learn<item,600,db2,605,db2,602,535,600,602,605,535,discovery,False
107745,Shattered Wild Jade,Jewelcrafting,item,535,wh:learn<item,600,db2,605,db2,602,535,600,602,605,535,discovery,False
107746,Steady Wild Jade,Jewelcrafting,item,535,wh:learn<item,600,db2,605,db2,602,535,600,602,605,535,discovery,False
107753,Agile Primal Diamond,Jewelcrafting,item,575,db2:item-req,600,db2,605,db2,602,575,600,602,605,575,quest,False
107754,Austere Primal Diamond,Jewelcrafting,item,575,db2:item-req,600,db2,605,db2,602,575,600,602,605,575,quest,False
107756,Burning Primal Diamond,Jewelcrafting,item,575,db2:item-req,600,db2,605,db2,602,575,600,602,605,575,quest,False
107757,Destructive Primal Diamond,Jewelcrafting,item,575,db2:item-req,600,db2,605,db2,602,575,600,602,605,575,quest,False
107758,Effulgent Primal Diamond,Jewelcrafting,item,575,db2:item-req,600,db2,605,db2,602,575,600,602,605,575,quest,False
107759,Ember Primal Diamond,Jewelcrafting,item,575,db2:item-req,600,db2,605,db2,602,575,600,602,605,575,quest,False
107760,Enigmatic Primal Diamond,Jewelcrafting,item,575,db2:item-req,600,db2,605,db2,602,575,600,602,605,575,quest,False
107762,Eternal Primal Diamond,Jewelcrafting,item,575,db2:item-req,600,db2,605,db2,602,575,600,602,605,575,quest,False
107763,Fleet Primal Diamond,Jewelcrafting,item,575,db2:item-req,600,db2,605,db2,602,575,600,602,605,575,quest,False
107764,Forlorn Primal Diamond,Jewelcrafting,item,575,db2:item-req,600,db2,605,db2,602,575,600,602,605,575,quest,False
107765,Impassive Primal Diamond,Jewelcrafting,item,575,db2:item-req,600,db2,605,db2,602,575,600,602,605,575,quest,False
107766,Powerful Primal Diamond,Jewelcrafting,item,575,db2:item-req,600,db2,605,db2,602,575,600,602,605,575,quest,False
107767,Reverberating Primal Diamond,Jewelcrafting,item,575,db2:item-req,600,db2,605,db2,602,575,600,602,605,575,quest+world,False
107768,Revitalizing Primal Diamond,Jewelcrafting,item,575,db2:item-req,600,db2,605,db2,602,575,600,602,605,575,quest,False
120045,Jeweled Onyx Panther,Jewelcrafting,item,600,db2:item-req,615,db2,615,db2,615,600,615,615,615,600,world,False
121841,Ruby Panther,Jewelcrafting,item,600,db2:item-req,615,db2,615,db2,615,600,615,615,615,600,world,False
121842,Sapphire Panther,Jewelcrafting,item,600,db2:item-req,615,db2,615,db2,615,600,615,615,615,600,world,False
121843,Sunstone Panther,Jewelcrafting,item,600,db2:item-req,615,db2,615,db2,615,600,615,615,615,600,world,False
121844,Jade Panther,Jewelcrafting,item,600,db2:item-req,615,db2,615,db2,615,600,615,615,615,600,world,False
122661,Ornate Band,Jewelcrafting,item,500,wh:learn<item,575,db2,585,db2,580,500,575,580,585,500,trainer,False
122662,Shadowfire Necklace,Jewelcrafting,item,510,wh:learn<item,575,db2,585,db2,580,510,575,580,585,510,trainer,False
122663,Scrying Roguestone,Jewelcrafting,item,525,db2:item-req,575,db2,585,db2,580,525,575,580,585,525,trainer,False
122664,Heart of the Earth,Jewelcrafting,item,575,db2:item-req,600,db2,610,db2,605,575,600,605,610,575,trainer,False
122665,Roguestone Shadowband,Jewelcrafting,item,575,db2:item-req,600,db2,610,db2,605,575,600,605,610,575,trainer,False
122666,Lord's Signet,Jewelcrafting,item,575,db2:item-req,600,db2,610,db2,605,575,600,605,610,575,trainer,False
122667,Lionsfall Ring,Jewelcrafting,item,575,db2:item-req,600,db2,610,db2,605,575,600,605,610,575,trainer,False
122668,Band of Blood,Jewelcrafting,item,575,db2:item-req,600,db2,610,db2,605,575,600,605,610,575,trainer,False
122669,Reflection of the Sea,Jewelcrafting,item,575,db2:item-req,600,db2,610,db2,605,575,600,605,610,575,trainer,False
122670,Golembreaker Amulet,Jewelcrafting,item,575,db2:item-req,600,db2,610,db2,605,575,600,605,610,575,trainer,False
122671,Widow Chain,Jewelcrafting,item,575,db2:item-req,600,db2,610,db2,605,575,600,605,610,575,trainer,False
122672,Skymage Circle,Jewelcrafting,item,575,db2:item-req,600,db2,610,db2,605,575,600,605,610,575,trainer,False
122673,Tiger Opal Pendant,Jewelcrafting,item,575,db2:item-req,600,db2,610,db2,605,575,600,605,610,575,trainer,False
122674,Delicate Serpent's Eye,Jewelcrafting,item,550,db2:item-req,575,db2,585,db2,580,550,575,580,585,550,trainer,False
122675,Bold Serpent's Eye,Jewelcrafting,item,550,db2:item-req,575,db2,585,db2,580,550,575,580,585,550,trainer,False
122676,Brilliant Serpent's Eye,Jewelcrafting,item,550,db2:item-req,575,db2,585,db2,580,550,575,580,585,550,trainer,False
122677,Sparkling Serpent's Eye,Jewelcrafting,item,550,db2:item-req,575,db2,585,db2,580,550,575,580,585,550,trainer,False
122678,Solid Serpent's Eye,Jewelcrafting,item,550,db2:item-req,575,db2,585,db2,580,550,575,580,585,550,trainer,False
122679,Subtle Serpent's Eye,Jewelcrafting,item,550,db2:item-req,575,db2,585,db2,580,550,575,580,585,550,trainer,False
122680,Smooth Serpent's Eye,Jewelcrafting,item,550,db2:item-req,575,db2,585,db2,580,550,575,580,585,550,trainer,False
122681,Rigid Serpent's Eye,Jewelcrafting,item,550,db2:item-req,575,db2,585,db2,580,550,575,580,585,550,trainer,False
122682,Quick Serpent's Eye,Jewelcrafting,item,550,db2:item-req,575,db2,585,db2,580,550,575,580,585,550,trainer,False
122683,Precise Serpent's Eye,Jewelcrafting,item,550,db2:item-req,575,db2,585,db2,580,550,575,580,585,550,trainer,False
122684,Fractured Serpent's Eye,Jewelcrafting,item,550,db2:item-req,575,db2,585,db2,580,550,575,580,585,550,trainer,False
122685,Flashing Serpent's Eye,Jewelcrafting,item,550,db2:item-req,575,db2,585,db2,580,550,575,580,585,550,trainer,False
130655,Tense Roguestone,Jewelcrafting,trainer,570,wh:learn,575,db2,585,db2,580,570,575,580,585,570,trainer,False
130656,Assassin's Roguestone,Jewelcrafting,trainer,530,wh:learn,575,db2,585,db2,580,530,575,580,585,530,trainer,False
130657,Assassin's Imperial Amethyst,Jewelcrafting,discovery,545,wh:learn,600,db2,605,db2,602,545,600,602,605,545,discovery,False
130658,Tense Imperial Amethyst,Jewelcrafting,discovery,545,wh:learn,600,db2,605,db2,602,545,600,602,605,545,discovery,False
131593,River's Heart,Jewelcrafting,trainer,525,wh:learn,600,db2,600,db2,600,525,600,600,600,525,trainer,False
131686,Primordial Ruby,Jewelcrafting,trainer,550,wh:learn,600,db2,600,db2,600,550,600,600,600,550,trainer,False
131688,Wild Jade,Jewelcrafting,trainer,535,wh:learn,600,db2,600,db2,600,535,600,600,600,535,trainer,False
131690,Vermilion Onyx,Jewelcrafting,trainer,535,wh:learn,600,db2,600,db2,600,535,600,600,600,535,trainer,False
131691,Imperial Amethyst,Jewelcrafting,trainer,545,wh:learn,600,db2,600,db2,600,545,600,600,600,545,trainer,False
131695,Sun's Radiance,Jewelcrafting,trainer,525,wh:learn,600,db2,600,db2,600,525,600,600,600,525,trainer,False
131759,Secrets of the Stone,Jewelcrafting,trainer,550,wh:learn,605,db2,610,db2,607,550,605,607,610,550,trainer,False
131897,Jade Owl,Jewelcrafting,item,600,db2:item-req,600,db2,605,db2,602,600,600,602,605,600,quest,False
131898,Sapphire Cub,Jewelcrafting,item,600,db2:item-req,600,db2,605,db2,602,600,600,602,605,600,quest,False
136269,Resplendent Serpent's Eye,Jewelcrafting,discovery?,575,wh:learn,575,db2,585,db2,580,0,575,580,585,575,,False
136270,Lucent Serpent's Eye,Jewelcrafting,discovery?,575,wh:learn,575,db2,585,db2,580,0,575,580,585,575,,False
136272,Willful Serpent's Eye,Jewelcrafting,discovery?,575,wh:learn,575,db2,585,db2,580,0,575,580,585,575,,False
136273,Tense Serpent's Eye,Jewelcrafting,discovery?,575,wh:learn,575,db2,585,db2,580,0,575,580,585,575,,False
136274,Assassin's Serpent's Eye,Jewelcrafting,discovery?,575,wh:learn,575,db2,585,db2,580,0,575,580,585,575,,False
136275,Mysterious Serpent's Eye,Jewelcrafting,discovery?,575,wh:learn,575,db2,585,db2,580,0,575,580,585,575,,False
140050,Serpent's Heart,Jewelcrafting,item,500,db2:item-req,600,db2,605,db2,602,500,600,602,605,500,quest,False
140060,Primal Diamond,Jewelcrafting,item,500,db2:item-req,600,db2,605,db2,602,500,600,602,605,500,quest,False
1216321,Bloodthirsty Amberjewel Pendant,Jewelcrafting,discovery?,525,wh:learn,525,db2,535,db2,530,0,525,530,535,525,,False
1216323,Bloodthirsty Sapphire Ring,Jewelcrafting,discovery?,515,wh:learn,515,db2,525,db2,520,0,515,520,525,515,,False
1216328,Bloodthirsty Amberjewel Band,Jewelcrafting,discovery?,515,wh:learn,515,db2,525,db2,520,0,515,520,525,515,,False
1216329,Bloodthirsty Ruby Signet,Jewelcrafting,discovery?,515,wh:learn,515,db2,525,db2,520,0,515,520,525,515,,False
1216330,Bloodthirsty Sapphire Necklace,Jewelcrafting,discovery?,525,wh:learn,525,db2,535,db2,530,0,525,530,535,525,,False
1216331,Bloodthirsty Ruby Choker,Jewelcrafting,discovery?,525,wh:learn,525,db2,535,db2,530,0,525,530,535,525,,False
2149,Handstitched Leather Boots,Leatherworking,auto,1,wh:grant,40,db2,70,db2,55,1,40,55,70,1,,False
2152,Light Armor Kit,Leatherworking,auto,1,wh:grant,30,db2,60,db2,45,1,30,45,60,1,,False
2153,Handstitched Leather Pants,Leatherworking,trainer,15,wh:learn,45,db2,75,db2,60,15,45,60,75,15,trainer,False
2158,Fine Leather Boots,Leatherworking,item,90,db2:item-req,120,db2,150,db2,135,90,120,135,150,90,quest+world+questreward,False
2159,Fine Leather Cloak,Leatherworking,trainer,85,wh:learn,105,db2,135,db2,120,85,105,120,135,85,trainer,False
2160,Embossed Leather Vest,Leatherworking,trainer,40,wh:learn,70,db2,100,db2,85,40,70,85,100,40,trainer,False
2161,Embossed Leather Boots,Leatherworking,trainer,55,wh:learn,85,db2,115,db2,100,55,85,100,115,55,trainer,False
2162,Embossed Leather Cloak,Leatherworking,trainer,60,wh:learn,90,db2,120,db2,105,60,90,105,120,60,trainer,False
2163,White Leather Jerkin,Leatherworking,item,60,db2:item-req,90,db2,120,db2,105,60,90,105,120,60,quest+world+questreward,False
2164,Fine Leather Gloves,Leatherworking,item,75,db2:item-req,105,db2,135,db2,120,75,105,120,135,75,quest+questreward,False
2165,Medium Armor Kit,Leatherworking,trainer,100,wh:learn,115,db2,130,db2,122,100,115,122,130,100,trainer,False
2166,Toughened Leather Armor,Leatherworking,trainer,120,wh:learn,145,db2,170,db2,157,120,145,157,170,120,trainer,False
2167,Dark Leather Boots,Leatherworking,trainer,100,wh:learn,125,db2,150,db2,137,100,125,137,150,100,trainer,False
2168,Dark Leather Cloak,Leatherworking,trainer,110,wh:learn,135,db2,160,db2,147,110,135,147,160,110,trainer,False
2169,Dark Leather Tunic,Leatherworking,item,100,db2:item-req,125,db2,150,db2,137,100,125,137,150,100,quest,False
2881,Light Leather,Leatherworking,auto,1,wh:grant,20,db2,40,db2,30,1,20,30,40,1,,False
3753,Handstitched Leather Belt,Leatherworking,trainer,25,wh:learn,55,db2,85,db2,70,25,55,70,85,25,trainer,False
3756,Embossed Leather Gloves,Leatherworking,trainer,55,wh:learn,85,db2,115,db2,100,55,85,100,115,55,trainer,False
3759,Embossed Leather Pants,Leatherworking,trainer,75,wh:learn,105,db2,135,db2,120,75,105,120,135,75,trainer,False
3760,Hillman's Cloak,Leatherworking,trainer,150,wh:learn,170,db2,190,db2,180,150,170,180,190,150,trainer,False
3761,Fine Leather Tunic,Leatherworking,trainer,85,wh:learn,115,db2,145,db2,130,85,115,130,145,85,trainer,False
3762,Hillman's Leather Vest,Leatherworking,item,100,db2:item-req,125,db2,150,db2,137,100,125,137,150,100,quest+questreward,False
3763,Fine Leather Belt,Leatherworking,trainer,80,wh:learn,110,db2,140,db2,125,80,110,125,140,80,trainer,False
3764,Hillman's Leather Gloves,Leatherworking,trainer,145,wh:learn,170,db2,195,db2,182,145,170,182,195,145,trainer,False
3765,Dark Leather Gloves,Leatherworking,item,120,db2:item-req,155,db2,180,db2,167,120,155,167,180,120,quest,False
3766,Dark Leather Belt,Leatherworking,trainer,125,wh:learn,150,db2,175,db2,162,125,150,162,175,125,trainer,False
3767,Hillman's Belt,Leatherworking,item,120,db2:item-req,145,db2,170,db2,157,120,145,157,170,120,quest,False
3768,Hillman's Shoulders,Leatherworking,trainer,130,wh:learn,155,db2,180,db2,167,130,155,167,180,130,trainer,False
3769,Dark Leather Shoulders,Leatherworking,item,140,db2:item-req,165,db2,190,db2,177,140,165,177,190,140,quest,False
3770,Toughened Leather Gloves,Leatherworking,trainer,135,wh:learn,160,db2,185,db2,172,135,160,172,185,135,trainer,False
3771,Barbaric Gloves,Leatherworking,item,150,db2:item-req,170,db2,190,db2,180,150,170,180,190,150,quest,False
3772,Green Leather Armor,Leatherworking,item,155,db2:item-req,175,db2,195,db2,185,155,175,185,195,155,world,False
3773,Guardian Armor,Leatherworking,item,175,db2:item-req,195,db2,215,db2,205,175,195,205,215,175,quest,False
3774,Green Leather Belt,Leatherworking,trainer,160,wh:learn,180,db2,200,db2,190,160,180,190,200,160,trainer,False
3775,Guardian Belt,Leatherworking,item,170,db2:item-req,190,db2,210,db2,200,170,190,200,210,170,quest,False
3776,Green Leather Bracers,Leatherworking,trainer,180,wh:learn,200,db2,220,db2,210,180,200,210,220,180,trainer,False
3777,Guardian Leather Bracers,Leatherworking,item,195,db2:item-req,215,db2,235,db2,225,195,215,225,235,195,quest,False
3778,Gem-studded Leather Belt,Leatherworking,item,185,db2:item-req,205,db2,225,db2,215,185,205,215,225,185,world,False
3779,Barbaric Belt,Leatherworking,item,200,db2:item-req,220,db2,240,db2,230,200,220,230,240,200,quest,False
3780,Heavy Armor Kit,Leatherworking,trainer,150,wh:learn,170,db2,190,db2,180,150,170,180,190,150,trainer,False
3816,Cured Light Hide,Leatherworking,trainer,35,wh:learn,55,db2,75,db2,65,35,55,65,75,35,trainer,False
3817,Cured Medium Hide,Leatherworking,trainer,100,wh:learn,115,db2,130,db2,122,100,115,122,130,100,trainer,False
3818,Cured Heavy Hide,Leatherworking,trainer,150,wh:learn,160,db2,170,db2,165,150,160,165,170,150,trainer,False
4096,Raptor Hide Harness,Leatherworking,item,165,db2:item-req,185,db2,205,db2,195,165,185,195,205,165,world,False
4097,Raptor Hide Belt,Leatherworking,item,165,db2:item-req,185,db2,205,db2,195,165,185,195,205,165,world,False
5244,Kodo Hide Bag,Leatherworking,item,40,db2:item-req,70,db2,100,db2,85,40,70,85,100,40,vendor,False
6661,Barbaric Harness,Leatherworking,trainer,190,wh:learn,210,db2,230,db2,220,190,210,220,230,190,trainer,False
6702,Murloc Scale Belt,Leatherworking,item,90,db2:item-req,120,db2,150,db2,135,90,120,135,150,90,quest+world,False
6703,Murloc Scale Breastplate,Leatherworking,item,95,db2:item-req,125,db2,155,db2,140,95,125,140,155,95,quest+world,False
6704,Thick Murloc Armor,Leatherworking,item,170,db2:item-req,190,db2,210,db2,200,170,190,200,210,170,quest+world,False
6705,Murloc Scale Bracers,Leatherworking,item,190,db2:item-req,210,db2,230,db2,220,190,210,220,230,190,quest+world,False
7126,Handstitched Leather Vest,Leatherworking,auto,1,wh:grant,40,db2,70,db2,55,1,40,55,70,1,,False
7133,Fine Leather Pants,Leatherworking,item,105,db2:item-req,130,db2,155,db2,142,105,130,142,155,105,quest,False
7135,Dark Leather Pants,Leatherworking,trainer,115,wh:learn,140,db2,165,db2,152,115,140,152,165,115,trainer,False
7147,Guardian Pants,Leatherworking,trainer,160,wh:learn,180,db2,200,db2,190,160,180,190,200,160,trainer,False
7149,Barbaric Leggings,Leatherworking,item,170,db2:item-req,190,db2,210,db2,200,170,190,200,210,170,world,False
7151,Barbaric Shoulders,Leatherworking,trainer,175,wh:learn,195,db2,215,db2,205,175,195,205,215,175,trainer,False
7153,Guardian Cloak,Leatherworking,item,125,db2:item-req,205,db2,225,db2,215,185,205,215,225,185,quest+world,False
7156,Guardian Gloves,Leatherworking,trainer,190,wh:learn,210,db2,230,db2,220,190,210,220,230,190,trainer,False
7953,Deviate Scale Cloak,Leatherworking,item,90,db2:item-req,120,db2,150,db2,135,90,120,135,150,90,world,False
7954,Deviate Scale Gloves,Leatherworking,item,105,db2:item-req,130,db2,155,db2,142,105,130,142,155,105,world,False
7955,Deviate Scale Belt,Leatherworking,item,115,db2:item-req,140,db2,165,db2,152,115,140,152,165,115,,False
8322,Moonglow Vest,Leatherworking,item,90,db2:item-req,115,db2,145,db2,130,90,115,130,145,90,vendor,False
9058,Handstitched Leather Cloak,Leatherworking,auto,1,wh:grant,40,db2,70,db2,55,1,40,55,70,1,,False
9059,Handstitched Leather Bracers,Leatherworking,auto,1,wh:grant,40,db2,70,db2,55,1,40,55,70,1,,False
9064,Rugged Leather Pants,Leatherworking,item,35,db2:item-req,65,db2,95,db2,80,35,65,80,95,35,quest+questreward,False
9065,Light Leather Bracers,Leatherworking,trainer,70,wh:learn,100,db2,130,db2,115,70,100,115,130,70,trainer,False
9068,Light Leather Pants,Leatherworking,trainer,95,wh:learn,125,db2,155,db2,140,95,125,140,155,95,trainer,False
9070,Black Whelp Cloak,Leatherworking,item,100,db2:item-req,125,db2,150,db2,137,100,125,137,150,100,world,False
9072,Red Whelp Gloves,Leatherworking,item,120,db2:item-req,145,db2,170,db2,157,120,145,157,170,120,world,False
9074,Nimble Leather Gloves,Leatherworking,trainer,120,wh:learn,145,db2,170,db2,157,120,145,157,170,120,trainer,False
9145,Fletcher's Gloves,Leatherworking,trainer,125,wh:learn,150,db2,175,db2,162,125,150,162,175,125,trainer,False
9146,Herbalist's Gloves,Leatherworking,item,135,db2:item-req,160,db2,185,db2,172,135,160,172,185,135,world,False
9147,Earthen Leather Shoulders,Leatherworking,item,135,db2:item-req,160,db2,185,db2,172,135,160,172,185,135,world,False
9148,Pilferer's Gloves,Leatherworking,item,140,db2:item-req,165,db2,190,db2,177,140,165,177,190,140,quest,False
9149,Heavy Earthen Gloves,Leatherworking,item,145,db2:item-req,170,db2,195,db2,182,145,170,182,195,145,quest,False
9195,Dusky Leather Leggings,Leatherworking,item,165,db2:item-req,185,db2,205,db2,195,165,185,195,205,165,quest,False
9196,Dusky Leather Armor,Leatherworking,trainer,175,wh:learn,195,db2,215,db2,205,175,195,205,215,175,trainer,False
9197,Green Whelp Armor,Leatherworking,item,175,db2:item-req,195,db2,215,db2,205,175,195,205,215,175,quest,False
9198,Frost Leather Cloak,Leatherworking,trainer,180,wh:learn,200,db2,220,db2,210,180,200,210,220,180,trainer,False
9201,Dusky Bracers,Leatherworking,trainer,185,wh:learn,205,db2,225,db2,215,185,205,215,225,185,trainer,False
9202,Green Whelp Bracers,Leatherworking,item,190,db2:item-req,210,db2,230,db2,220,190,210,220,230,190,world,False
9206,Dusky Belt,Leatherworking,trainer,195,wh:learn,215,db2,235,db2,225,195,215,225,235,195,trainer,False
9207,Dusky Boots,Leatherworking,item,200,db2:item-req,220,db2,240,db2,230,200,220,230,240,200,quest,False
9208,Swift Boots,Leatherworking,item,200,db2:item-req,220,db2,240,db2,230,200,220,230,240,200,quest,False
10482,Cured Thick Hide,Leatherworking,trainer,200,wh:learn,200,db2,200,db2,200,200,200,200,200,200,trainer,False
10487,Thick Armor Kit,Leatherworking,trainer,200,wh:learn,220,db2,240,db2,230,200,220,230,240,200,trainer,False
10490,Comfortable Leather Hat,Leatherworking,item,200,db2:item-req,220,db2,240,db2,230,200,220,230,240,200,quest,False
10499,Nightscape Tunic,Leatherworking,trainer,205,wh:learn,225,db2,245,db2,235,205,225,235,245,205,trainer,False
10507,Nightscape Headband,Leatherworking,trainer,205,wh:learn,225,db2,245,db2,235,205,225,235,245,205,trainer,False
10509,Turtle Scale Gloves,Leatherworking,item,205,db2:item-req,225,db2,245,db2,235,205,225,235,245,205,quest+world,False
10511,Turtle Scale Breastplate,Leatherworking,trainer,210,wh:learn,230,db2,250,db2,240,210,230,240,250,210,trainer,False
10516,Nightscape Shoulders,Leatherworking,item,210,db2:item-req,230,db2,250,db2,240,210,230,240,250,210,world,False
10518,Turtle Scale Bracers,Leatherworking,trainer,210,wh:learn,230,db2,250,db2,240,210,230,240,250,210,trainer,False
10520,Big Voodoo Robe,Leatherworking,item,215,db2:item-req,235,db2,255,db2,245,215,235,245,255,215,quest,False
10525,Tough Scorpid Breastplate,Leatherworking,item,220,db2:item-req,240,db2,260,db2,250,220,240,250,260,220,quest,False
10529,Wild Leather Shoulders,Leatherworking,item,220,db2:item-req,240,db2,260,db2,250,220,240,250,260,220,,False
10531,Big Voodoo Mask,Leatherworking,item,220,db2:item-req,240,db2,260,db2,250,220,240,250,260,220,quest,False
10533,Tough Scorpid Bracers,Leatherworking,item,220,db2:item-req,240,db2,260,db2,250,220,240,250,260,220,quest,False
10542,Tough Scorpid Gloves,Leatherworking,item,225,db2:item-req,245,db2,265,db2,255,225,245,255,265,225,quest,False
10544,Wild Leather Vest,Leatherworking,item,225,db2:item-req,245,db2,265,db2,255,225,245,255,265,225,,False
10546,Wild Leather Helmet,Leatherworking,item,225,db2:item-req,245,db2,265,db2,255,225,245,255,265,225,,False
10548,Nightscape Pants,Leatherworking,trainer,230,wh:learn,250,db2,270,db2,260,230,250,260,270,230,trainer,False
10550,Nightscape Cloak,Leatherworking,item,230,db2:item-req,250,db2,270,db2,260,,,,,,,False
10552,Turtle Scale Helm,Leatherworking,trainer,230,wh:learn,250,db2,270,db2,260,230,250,260,270,230,trainer,False
10554,Tough Scorpid Boots,Leatherworking,item,235,db2:item-req,255,db2,275,db2,265,235,255,265,275,235,quest,False
10556,Turtle Scale Leggings,Leatherworking,trainer,235,wh:learn,255,db2,275,db2,265,235,255,265,275,235,trainer,False
10558,Nightscape Boots,Leatherworking,trainer,235,wh:learn,255,db2,275,db2,265,235,255,265,275,235,trainer,False
10560,Big Voodoo Pants,Leatherworking,item,240,db2:item-req,260,db2,280,db2,270,240,260,270,280,240,quest,False
10562,Big Voodoo Cloak,Leatherworking,item,240,db2:item-req,260,db2,280,db2,270,240,260,270,280,240,quest,False
10564,Tough Scorpid Shoulders,Leatherworking,item,240,db2:item-req,260,db2,280,db2,270,240,260,270,280,240,quest,False
10566,Wild Leather Boots,Leatherworking,item,245,db2:item-req,265,db2,285,db2,275,245,265,275,285,245,,False
10568,Tough Scorpid Leggings,Leatherworking,item,245,db2:item-req,265,db2,285,db2,275,245,265,275,285,245,quest,False
10570,Tough Scorpid Helm,Leatherworking,item,250,db2:item-req,270,db2,290,db2,280,250,270,280,290,250,quest,False
10572,Wild Leather Leggings,Leatherworking,item,250,db2:item-req,270,db2,290,db2,280,250,270,280,290,250,,False
10574,Wild Leather Cloak,Leatherworking,item,250,db2:item-req,270,db2,290,db2,280,250,270,280,290,250,,False
10619,Dragonscale Gauntlets,Leatherworking,spec,225,wh:learn,245,db2,265,db2,255,225,245,255,265,225,,False
10621,Wolfshead Helm,Leatherworking,spec,225,wh:learn,245,db2,265,db2,255,225,245,255,265,225,,False
10630,Gauntlets of the Sea,Leatherworking,trainer,230,wh:learn,250,db2,270,db2,260,230,250,260,270,230,trainer,False
10632,Helm of Fire,Leatherworking,trainer,250,wh:learn,270,db2,290,db2,280,250,270,280,290,250,trainer,False
10647,Feathered Breastplate,Leatherworking,trainer,250,wh:learn,270,db2,290,db2,280,250,270,280,290,250,trainer,False
10650,Dragonscale Breastplate,Leatherworking,trainer,255,wh:learn,275,db2,295,db2,285,255,275,285,295,255,trainer,False
19047,Cured Rugged Hide,Leatherworking,trainer,250,wh:learn,250,db2,260,db2,255,250,250,255,260,250,trainer,False
19048,Heavy Scorpid Bracers,Leatherworking,item,255,db2:item-req,275,db2,295,db2,285,255,275,285,295,255,world,False
19049,Wicked Leather Gauntlets,Leatherworking,item,260,db2:item-req,280,db2,300,db2,290,260,280,290,300,260,world,False
19050,Green Dragonscale Breastplate,Leatherworking,item,260,db2:item-req,280,db2,300,db2,290,260,280,290,300,260,quest+world,False
19051,Heavy Scorpid Vest,Leatherworking,item,265,db2:item-req,285,db2,305,db2,295,265,285,295,305,265,quest,False
19052,Wicked Leather Bracers,Leatherworking,item,265,db2:item-req,285,db2,305,db2,295,265,285,295,305,265,quest+trainer,False
19053,Chimeric Gloves,Leatherworking,item,265,db2:item-req,285,db2,305,db2,295,265,285,295,305,265,world,False
19054,Red Dragonscale Breastplate,Leatherworking,item,300,db2:item-req,320,db2,340,db2,330,300,320,330,340,300,quest,False
19055,Runic Leather Gauntlets,Leatherworking,item,270,db2:item-req,290,db2,310,db2,300,270,290,300,310,270,quest+trainer,False
19058,Rugged Armor Kit,Leatherworking,trainer,250,wh:learn,255,db2,275,db2,265,250,255,265,275,250,trainer,False
19059,Volcanic Leggings,Leatherworking,item,270,db2:item-req,290,db2,310,db2,300,270,290,300,310,270,quest,False
19060,Green Dragonscale Leggings,Leatherworking,item,270,db2:item-req,290,db2,310,db2,300,270,290,300,310,270,quest,False
19061,Living Shoulders,Leatherworking,item,270,db2:item-req,290,db2,310,db2,300,270,290,300,310,270,world,False
19062,Ironfeather Shoulders,Leatherworking,item,270,db2:item-req,290,db2,310,db2,300,270,290,300,310,270,world,False
19063,Chimeric Boots,Leatherworking,item,275,db2:item-req,295,db2,315,db2,305,275,295,305,315,275,quest,False
19064,Heavy Scorpid Gauntlets,Leatherworking,item,275,db2:item-req,295,db2,315,db2,305,275,295,305,315,275,quest,False
19065,Runic Leather Bracers,Leatherworking,item,275,db2:item-req,295,db2,315,db2,305,275,295,305,315,275,quest+trainer,False
19066,Frostsaber Boots,Leatherworking,item,275,db2:item-req,295,db2,315,db2,305,275,295,305,315,275,world,False
19067,Stormshroud Pants,Leatherworking,item,275,db2:item-req,295,db2,315,db2,305,275,295,305,315,275,world,False
19068,Warbear Harness,Leatherworking,item,275,db2:item-req,295,db2,315,db2,305,275,295,305,315,275,quest+world,False
19070,Heavy Scorpid Belt,Leatherworking,item,280,db2:item-req,300,db2,320,db2,310,280,300,310,320,280,quest+world,False
19071,Wicked Leather Headband,Leatherworking,item,280,db2:item-req,300,db2,320,db2,310,280,300,310,320,280,quest+trainer,False
19072,Runic Leather Belt,Leatherworking,item,280,db2:item-req,300,db2,320,db2,310,280,300,310,320,280,quest+trainer+world,False
19073,Chimeric Leggings,Leatherworking,item,280,db2:item-req,300,db2,320,db2,310,280,300,310,320,280,quest+world,False
19074,Frostsaber Leggings,Leatherworking,item,285,db2:item-req,305,db2,325,db2,315,285,305,315,325,285,quest,False
19075,Heavy Scorpid Leggings,Leatherworking,item,285,db2:item-req,305,db2,325,db2,315,285,305,315,325,285,quest,False
19076,Volcanic Breastplate,Leatherworking,item,285,db2:item-req,305,db2,325,db2,315,285,305,315,325,285,quest,False
19077,Blue Dragonscale Breastplate,Leatherworking,item,285,db2:item-req,305,db2,325,db2,315,285,305,315,325,285,world,False
19078,Living Leggings,Leatherworking,item,285,db2:item-req,305,db2,325,db2,315,285,305,315,325,285,quest,False
19079,Stormshroud Armor,Leatherworking,item,285,db2:item-req,305,db2,325,db2,315,285,305,315,325,285,quest,False
19080,Warbear Woolies,Leatherworking,item,285,db2:item-req,305,db2,325,db2,315,285,305,315,325,285,world,False
19081,Chimeric Vest,Leatherworking,item,290,db2:item-req,310,db2,330,db2,320,290,310,320,330,290,quest,False
19082,Runic Leather Headband,Leatherworking,item,290,db2:item-req,310,db2,330,db2,320,290,310,320,330,290,world+trainer,False
19083,Wicked Leather Pants,Leatherworking,item,290,db2:item-req,310,db2,330,db2,320,290,310,320,330,290,quest+trainer,False
19084,Devilsaur Gauntlets,Leatherworking,item,290,db2:item-req,310,db2,330,db2,320,290,310,320,330,290,world,False
19085,Black Dragonscale Breastplate,Leatherworking,item,290,db2:item-req,310,db2,330,db2,320,290,310,320,330,290,world,False
19086,Ironfeather Breastplate,Leatherworking,item,290,db2:item-req,310,db2,330,db2,320,290,310,320,330,290,quest,False
19087,Frostsaber Gloves,Leatherworking,item,295,db2:item-req,315,db2,335,db2,325,295,315,325,335,295,quest,False
19088,Heavy Scorpid Helm,Leatherworking,item,295,db2:item-req,315,db2,335,db2,325,295,315,325,335,295,world,False
19089,Blue Dragonscale Shoulders,Leatherworking,item,295,db2:item-req,315,db2,335,db2,325,295,315,325,335,295,quest,False
19090,Stormshroud Shoulders,Leatherworking,item,295,db2:item-req,315,db2,335,db2,325,295,315,325,335,295,quest,False
19091,Runic Leather Pants,Leatherworking,item,300,db2:item-req,320,db2,340,db2,330,300,320,330,340,300,quest+trainer,False
19092,Wicked Leather Belt,Leatherworking,item,300,db2:item-req,320,db2,340,db2,330,300,320,330,340,300,quest+trainer,False
19093,Onyxia Scale Cloak,Leatherworking,item,300,db2:item-req,320,db2,340,db2,330,300,320,330,340,300,,False
19094,Black Dragonscale Shoulders,Leatherworking,item,300,db2:item-req,320,db2,340,db2,330,300,320,330,340,300,quest,False
19095,Living Breastplate,Leatherworking,item,300,db2:item-req,320,db2,340,db2,330,300,320,330,340,300,quest,False
19097,Devilsaur Leggings,Leatherworking,item,300,db2:item-req,320,db2,340,db2,330,300,320,330,340,300,quest+world,False
19098,Wicked Leather Armor,Leatherworking,item,300,db2:item-req,320,db2,340,db2,330,300,320,330,340,300,quest+trainer,False
19100,Heavy Scorpid Shoulders,Leatherworking,item,300,db2:item-req,320,db2,340,db2,330,300,320,330,340,300,quest,False
19101,Volcanic Shoulders,Leatherworking,item,300,db2:item-req,320,db2,340,db2,330,300,320,330,340,300,quest,False
19102,Runic Leather Armor,Leatherworking,item,300,db2:item-req,320,db2,340,db2,330,300,320,330,340,300,quest+trainer,False
19103,Runic Leather Shoulders,Leatherworking,item,300,db2:item-req,320,db2,340,db2,330,300,320,330,340,300,quest+trainer,False
19104,Frostsaber Tunic,Leatherworking,item,300,db2:item-req,320,db2,340,db2,330,300,320,330,340,300,quest,False
19106,Onyxia Scale Breastplate,Leatherworking,item,300,db2:item-req,320,db2,340,db2,330,,,,,,,False
19107,Black Dragonscale Leggings,Leatherworking,item,300,db2:item-req,320,db2,340,db2,330,300,320,330,340,300,quest,False
20648,Medium Leather,Leatherworking,trainer,100,wh:learn,100,db2,110,db2,105,100,100,105,110,100,trainer,False
20649,Heavy Leather,Leatherworking,trainer,150,wh:learn,150,db2,160,db2,155,150,150,155,160,150,trainer,False
20650,Thick Leather,Leatherworking,trainer,200,wh:learn,200,db2,205,db2,202,200,200,202,205,200,trainer,False
20853,Corehound Boots,Leatherworking,item,295,db2:item-req,315,db2,335,db2,325,295,315,325,335,295,world,False
20854,Molten Helm,Leatherworking,item,300,db2:item-req,320,db2,340,db2,330,300,320,330,340,300,world,False
20855,Black Dragonscale Boots,Leatherworking,item,300,db2:item-req,320,db2,340,db2,330,300,320,330,340,300,world,False
21943,Gloves of the Greatfather,Leatherworking,item,190,db2:item-req,210,db2,230,db2,220,190,210,220,230,190,quest,False
22331,Rugged Leather,Leatherworking,trainer,250,wh:learn,250,db2,250,db2,250,250,250,250,250,250,trainer,False
22711,Shadowskin Gloves,Leatherworking,item,200,db2:item-req,210,db2,230,db2,220,200,210,220,230,200,world,False
22727,Core Armor Kit,Leatherworking,item,300,db2:item-req,320,db2,340,db2,330,300,320,330,340,300,quest,False
22815,Gordok Ogre Suit,Leatherworking,special,285,wh:learn,285,db2,295,db2,290,0,285,290,295,285,,False
22921,Girdle of Insight,Leatherworking,item,300,db2:item-req,320,db2,340,db2,330,300,320,330,340,300,quest,False
22922,Mongoose Boots,Leatherworking,item,300,db2:item-req,320,db2,340,db2,330,300,320,330,340,300,quest,False
22923,Swift Flight Bracers,Leatherworking,item,300,db2:item-req,320,db2,340,db2,330,300,320,330,340,300,quest,False
22926,Chromatic Cloak,Leatherworking,item,300,db2:item-req,320,db2,340,db2,330,300,320,330,340,300,quest,False
22927,Hide of the Wild,Leatherworking,item,300,db2:item-req,320,db2,340,db2,330,300,320,330,340,300,quest,False
22928,Shifting Cloak,Leatherworking,item,300,db2:item-req,320,db2,340,db2,330,300,320,330,340,300,quest,False
23190,Heavy Leather Ball,Leatherworking,item,150,db2:item-req,150,db2,160,db2,155,150,150,155,160,150,world,False
23399,Barbaric Bracers,Leatherworking,item,155,db2:item-req,175,db2,195,db2,185,155,175,185,195,155,world,False
23703,Might of the Timbermaw,Leatherworking,item,290,db2:item-req,310,db2,330,db2,320,290,310,320,330,290,world,False
23704,Timbermaw Brawlers,Leatherworking,item,300,db2:item-req,320,db2,340,db2,330,300,320,330,340,300,world,False
23705,Dawn Treaders,Leatherworking,item,290,db2:item-req,310,db2,330,db2,320,290,310,320,330,290,world,False
23706,Golden Mantle of the Dawn,Leatherworking,item,300,db2:item-req,320,db2,340,db2,330,300,320,330,340,300,world,False
23707,Lava Belt,Leatherworking,item,300,db2:item-req,320,db2,340,db2,330,300,320,330,340,300,world,False
23708,Chromatic Gauntlets,Leatherworking,item,300,db2:item-req,320,db2,340,db2,330,300,320,330,340,300,world,False
23709,Corehound Belt,Leatherworking,item,300,db2:item-req,320,db2,340,db2,330,300,320,330,340,300,world,False
23710,Molten Belt,Leatherworking,item,300,db2:item-req,320,db2,340,db2,330,300,320,330,340,300,world,False
24121,Primal Batskin Jerkin,Leatherworking,item,300,db2:item-req,320,db2,340,db2,330,300,320,330,340,300,world,False
24122,Primal Batskin Gloves,Leatherworking,item,300,db2:item-req,320,db2,340,db2,330,300,320,330,340,300,world,False
24123,Primal Batskin Bracers,Leatherworking,item,300,db2:item-req,320,db2,340,db2,330,300,320,330,340,300,world,False
24124,Blood Tiger Breastplate,Leatherworking,item,300,db2:item-req,320,db2,340,db2,330,300,320,330,340,300,world,False
24125,Blood Tiger Shoulders,Leatherworking,item,300,db2:item-req,320,db2,340,db2,330,300,320,330,340,300,world,False
24654,Blue Dragonscale Leggings,Leatherworking,trainer,300,wh:learn,320,db2,340,db2,330,300,320,330,340,300,trainer,False
24655,Green Dragonscale Gauntlets,Leatherworking,trainer,280,wh:learn,300,db2,320,db2,310,280,300,310,320,280,trainer,False
24703,Dreamscale Breastplate,Leatherworking,item,300,db2:item-req,320,db2,340,db2,330,300,320,330,340,300,world,False
24846,Spitfire Bracers,Leatherworking,item,300,db2:item-req,320,db2,340,db2,330,300,320,330,340,300,world,False
24847,Spitfire Gauntlets,Leatherworking,item,300,db2:item-req,320,db2,340,db2,330,300,320,330,340,300,world,False
24848,Spitfire Breastplate,Leatherworking,item,300,db2:item-req,320,db2,340,db2,330,300,320,330,340,300,world,False
24849,Sandstalker Bracers,Leatherworking,item,300,db2:item-req,320,db2,340,db2,330,300,320,330,340,300,world,False
24850,Sandstalker Gauntlets,Leatherworking,item,300,db2:item-req,320,db2,340,db2,330,300,320,330,340,300,world,False
24851,Sandstalker Breastplate,Leatherworking,item,300,db2:item-req,320,db2,340,db2,330,300,320,330,340,300,world,False
24940,Black Whelp Tunic,Leatherworking,item,100,db2:item-req,125,db2,150,db2,137,100,125,137,150,100,world,False
26279,Stormshroud Gloves,Leatherworking,item,300,db2:item-req,320,db2,340,db2,330,300,320,330,340,300,quest,False
28219,Polar Tunic,Leatherworking,item,300,db2:item-req,320,db2,340,db2,330,300,320,330,340,300,,False
28220,Polar Gloves,Leatherworking,item,300,db2:item-req,320,db2,340,db2,330,300,320,330,340,300,,False
28221,Polar Bracers,Leatherworking,item,300,db2:item-req,320,db2,340,db2,330,300,320,330,340,300,,False
28222,Icy Scale Breastplate,Leatherworking,item,300,db2:item-req,320,db2,340,db2,330,300,320,330,340,300,,False
28223,Icy Scale Gauntlets,Leatherworking,item,300,db2:item-req,320,db2,340,db2,330,300,320,330,340,300,,False
28224,Icy Scale Bracers,Leatherworking,item,300,db2:item-req,320,db2,340,db2,330,300,320,330,340,300,,False
28472,Bramblewood Helm,Leatherworking,item,300,db2:item-req,320,db2,340,db2,330,300,320,330,340,300,world,False
28473,Bramblewood Boots,Leatherworking,item,300,db2:item-req,320,db2,340,db2,330,300,320,330,340,300,world,False
28474,Bramblewood Belt,Leatherworking,item,300,db2:item-req,320,db2,340,db2,330,300,320,330,340,300,world,False
32454,Knothide Leather,Leatherworking,trainer,300,wh:learn,300,db2,310,db2,305,300,300,305,310,300,trainer,False
32455,Heavy Knothide Leather,Leatherworking,item,325,db2:item-req,325,db2,335,db2,330,325,325,330,335,325,world+trainer,False
32456,Knothide Armor Kit,Leatherworking,trainer,300,wh:learn,310,db2,340,db2,325,300,310,325,340,300,trainer,False
32457,Vindicator's Armor Kit,Leatherworking,item,325,db2:item-req,335,db2,345,db2,340,325,335,340,345,325,world,False
32458,Magister's Armor Kit,Leatherworking,item,325,db2:item-req,335,db2,345,db2,340,325,335,340,345,325,world,False
32461,Riding Crop,Leatherworking,item,350,db2:item-req,360,db2,380,db2,370,350,360,370,380,350,world,False
32462,Felscale Gloves,Leatherworking,trainer,300,wh:learn,310,db2,330,db2,320,300,310,320,330,300,trainer,False
32463,Felscale Boots,Leatherworking,trainer,310,wh:learn,320,db2,340,db2,330,310,320,330,340,310,trainer,False
32464,Felscale Pants,Leatherworking,trainer,320,wh:learn,330,db2,350,db2,340,320,330,340,350,320,trainer,False
32465,Felscale Breastplate,Leatherworking,trainer,335,wh:learn,345,db2,365,db2,355,335,345,355,365,335,trainer,False
32466,Scaled Draenic Pants,Leatherworking,trainer,300,wh:learn,310,db2,330,db2,320,300,310,320,330,300,trainer,False
32467,Scaled Draenic Gloves,Leatherworking,trainer,310,wh:learn,320,db2,340,db2,330,310,320,330,340,310,trainer,False
32468,Scaled Draenic Vest,Leatherworking,trainer,325,wh:learn,335,db2,355,db2,345,325,335,345,355,325,trainer,False
32469,Scaled Draenic Boots,Leatherworking,trainer,335,wh:learn,345,db2,365,db2,355,335,345,355,365,335,trainer,False
32470,Thick Draenic Gloves,Leatherworking,trainer,300,wh:learn,310,db2,330,db2,320,300,310,320,330,300,trainer,False
32471,Thick Draenic Pants,Leatherworking,trainer,315,wh:learn,325,db2,345,db2,335,315,325,335,345,315,trainer,False
32472,Thick Draenic Boots,Leatherworking,trainer,320,wh:learn,330,db2,350,db2,340,320,330,340,350,320,trainer,False
32473,Thick Draenic Vest,Leatherworking,trainer,330,wh:learn,340,db2,360,db2,350,330,340,350,360,330,trainer,False
32478,Wild Draenish Boots,Leatherworking,trainer,300,wh:learn,310,db2,330,db2,320,300,310,320,330,300,trainer,False
32479,Wild Draenish Gloves,Leatherworking,trainer,310,wh:learn,320,db2,340,db2,330,310,320,330,340,310,trainer,False
32480,Wild Draenish Leggings,Leatherworking,trainer,320,wh:learn,330,db2,350,db2,340,320,330,340,350,320,trainer,False
32481,Wild Draenish Vest,Leatherworking,trainer,330,wh:learn,340,db2,360,db2,350,330,340,350,360,330,trainer,False
32482,Comfortable Insoles,Leatherworking,item,300,db2:item-req,300,db2,310,db2,305,300,300,305,310,300,world,False
32485,Stylin' Purple Hat,Leatherworking,item,350,db2:item-req,360,db2,380,db2,370,350,360,370,380,350,quest,False
32487,Stylin' Adventure Hat,Leatherworking,item,350,db2:item-req,360,db2,380,db2,370,350,360,370,380,350,quest,False
32488,Stylin' Crimson Hat,Leatherworking,item,350,db2:item-req,360,db2,380,db2,370,350,360,370,380,350,quest,False
32489,Stylin' Jungle Hat,Leatherworking,item,350,db2:item-req,360,db2,380,db2,370,350,360,370,380,350,quest,False
32490,Fel Leather Gloves,Leatherworking,item,340,db2:item-req,350,db2,370,db2,360,340,350,360,370,340,world,False
32493,Fel Leather Boots,Leatherworking,item,350,db2:item-req,360,db2,380,db2,370,350,360,370,380,350,world,False
32494,Fel Leather Leggings,Leatherworking,item,350,db2:item-req,360,db2,380,db2,370,350,360,370,380,350,world,False
32495,Heavy Clefthoof Vest,Leatherworking,item,360,db2:item-req,370,db2,390,db2,380,360,370,380,390,360,world,False
32496,Heavy Clefthoof Leggings,Leatherworking,item,355,db2:item-req,365,db2,385,db2,375,355,365,375,385,355,world,False
32497,Heavy Clefthoof Boots,Leatherworking,item,355,db2:item-req,365,db2,385,db2,375,355,365,375,385,355,world,False
32498,Felstalker Belt,Leatherworking,item,350,db2:item-req,360,db2,380,db2,370,350,360,370,380,350,world,False
32499,Felstalker Bracers,Leatherworking,item,360,db2:item-req,370,db2,390,db2,380,360,370,380,390,360,world,False
32500,Felstalker Breastplate,Leatherworking,item,360,db2:item-req,370,db2,390,db2,380,360,370,380,390,360,world,False
32501,Netherfury Belt,Leatherworking,item,340,db2:item-req,350,db2,370,db2,360,340,350,360,370,340,world,False
32502,Netherfury Leggings,Leatherworking,item,340,db2:item-req,350,db2,370,db2,360,340,350,360,370,340,world,False
32503,Netherfury Boots,Leatherworking,item,350,db2:item-req,360,db2,380,db2,370,350,360,370,380,350,world,False
35525,Enchanted Felscale Leggings,Leatherworking,item,350,db2:item-req,360,db2,380,db2,370,350,360,370,380,350,world,False
35526,Enchanted Felscale Gloves,Leatherworking,item,350,db2:item-req,360,db2,380,db2,370,350,360,370,380,350,world,False
35527,Enchanted Felscale Boots,Leatherworking,item,350,db2:item-req,360,db2,380,db2,370,350,360,370,380,350,world,False
35528,Flamescale Boots,Leatherworking,item,350,db2:item-req,360,db2,380,db2,370,350,360,370,380,350,world,False
35529,Flamescale Leggings,Leatherworking,item,350,db2:item-req,360,db2,380,db2,370,350,360,370,380,350,world,False
35530,Reinforced Mining Bag,Leatherworking,item,325,db2:item-req,335,db2,345,db2,340,325,335,340,345,325,world,False
35531,Flamescale Belt,Leatherworking,item,350,db2:item-req,360,db2,380,db2,370,350,360,370,380,350,world,False
35532,Enchanted Clefthoof Leggings,Leatherworking,item,350,db2:item-req,360,db2,380,db2,370,350,360,370,380,350,world,False
35533,Enchanted Clefthoof Gloves,Leatherworking,item,350,db2:item-req,360,db2,380,db2,370,350,360,370,380,350,world,False
35534,Enchanted Clefthoof Boots,Leatherworking,item,350,db2:item-req,360,db2,380,db2,370,350,360,370,380,350,world,False
35535,Blastguard Pants,Leatherworking,item,350,db2:item-req,360,db2,380,db2,370,350,360,370,380,350,world,False
35536,Blastguard Boots,Leatherworking,item,350,db2:item-req,360,db2,380,db2,370,350,360,370,380,350,world,False
35537,Blastguard Belt,Leatherworking,item,350,db2:item-req,360,db2,380,db2,370,350,360,370,380,350,world,False
35538,Drums of Panic,Leatherworking,item,370,db2:item-req,370,db2,385,db2,377,370,370,377,385,370,world,False
35539,Drums of Restoration,Leatherworking,item,350,db2:item-req,350,db2,365,db2,357,350,350,357,365,350,world,False
35540,Drums of War,Leatherworking,trainer,340,wh:learn,340,db2,355,db2,347,340,340,347,355,340,trainer,False
35543,Drums of Battle,Leatherworking,item,365,db2:item-req,365,db2,380,db2,372,365,365,372,380,365,world,False
35544,Drums of Speed,Leatherworking,item,345,db2:item-req,345,db2,360,db2,352,345,345,352,360,345,world,False
35549,Cobrahide Leg Armor,Leatherworking,item,335,db2:item-req,335,db2,355,db2,345,335,335,345,355,335,world,False
35554,Nethercobra Leg Armor,Leatherworking,item,365,db2:item-req,365,db2,385,db2,375,365,365,375,385,365,world,False
35555,Clefthide Leg Armor,Leatherworking,item,335,db2:item-req,335,db2,355,db2,345,335,335,345,355,335,world,False
35557,Nethercleft Leg Armor,Leatherworking,item,365,db2:item-req,365,db2,385,db2,375,365,365,375,385,365,world,False
35558,Cobrascale Hood,Leatherworking,item,365,db2:item-req,375,db2,395,db2,385,365,375,385,395,365,quest,False
35559,Cobrascale Gloves,Leatherworking,item,365,db2:item-req,375,db2,395,db2,385,365,375,385,395,365,quest,False
35560,Windscale Hood,Leatherworking,item,365,db2:item-req,375,db2,395,db2,385,365,375,385,395,365,quest,False
35561,Hood of Primal Life,Leatherworking,item,365,db2:item-req,375,db2,395,db2,385,365,375,385,395,365,quest,False
35562,Gloves of the Living Touch,Leatherworking,item,365,db2:item-req,375,db2,395,db2,385,365,375,385,395,365,quest,False
35563,Windslayer Wraps,Leatherworking,item,365,db2:item-req,375,db2,395,db2,385,365,375,385,395,365,quest,False
35564,Living Dragonscale Helm,Leatherworking,item,365,db2:item-req,375,db2,395,db2,385,365,375,385,395,365,quest,False
35567,Earthen Netherscale Boots,Leatherworking,item,365,db2:item-req,375,db2,395,db2,385,365,375,385,395,365,quest,False
35568,Windstrike Gloves,Leatherworking,item,365,db2:item-req,375,db2,395,db2,385,365,375,385,395,365,quest,False
35572,Netherdrake Helm,Leatherworking,item,365,db2:item-req,375,db2,395,db2,385,365,375,385,395,365,quest,False
35573,Netherdrake Gloves,Leatherworking,item,365,db2:item-req,375,db2,395,db2,385,365,375,385,395,365,quest,False
35574,Thick Netherscale Breastplate,Leatherworking,item,365,db2:item-req,375,db2,395,db2,385,365,375,385,395,365,quest,False
35575,Ebon Netherscale Breastplate,Leatherworking,legacy-spec,375,wh:learn,385,db2,405,db2,395,375,385,395,405,375,,False
35576,Ebon Netherscale Belt,Leatherworking,legacy-spec,375,wh:learn,385,db2,405,db2,395,375,385,395,405,375,,False
35577,Ebon Netherscale Bracers,Leatherworking,legacy-spec,375,wh:learn,385,db2,405,db2,395,375,385,395,405,375,,False
35580,Netherstrike Breastplate,Leatherworking,legacy-spec,375,wh:learn,385,db2,405,db2,395,375,385,395,405,375,,False
35582,Netherstrike Belt,Leatherworking,legacy-spec,375,wh:learn,385,db2,405,db2,395,375,385,395,405,375,,False
35584,Netherstrike Bracers,Leatherworking,legacy-spec,375,wh:learn,385,db2,405,db2,395,375,385,395,405,375,,False
35585,Windhawk Hauberk,Leatherworking,legacy-spec,375,wh:learn,385,db2,405,db2,395,375,385,395,405,375,,False
35587,Windhawk Belt,Leatherworking,legacy-spec,375,wh:learn,385,db2,405,db2,395,375,385,395,405,375,,False
35588,Windhawk Bracers,Leatherworking,legacy-spec,375,wh:learn,385,db2,405,db2,395,375,385,395,405,375,,False
35589,Primalstrike Vest,Leatherworking,legacy-spec,375,wh:learn,385,db2,405,db2,395,375,385,395,405,375,,False
35590,Primalstrike Belt,Leatherworking,legacy-spec,375,wh:learn,385,db2,405,db2,395,375,385,395,405,375,,False
35591,Primalstrike Bracers,Leatherworking,legacy-spec,375,wh:learn,385,db2,405,db2,395,375,385,395,405,375,,False
36074,Blackstorm Leggings,Leatherworking,trainer,260,wh:learn,280,db2,300,db2,290,260,280,290,300,260,trainer,False
36075,Wildfeather Leggings,Leatherworking,trainer,260,wh:learn,280,db2,300,db2,290,260,280,290,300,260,trainer,False
36076,Dragonstrike Leggings,Leatherworking,trainer,260,wh:learn,280,db2,300,db2,290,260,280,290,300,260,trainer,False
36077,Primalstorm Breastplate,Leatherworking,trainer,330,wh:learn,350,db2,370,db2,360,330,350,360,370,330,trainer,False
36078,Living Crystal Breastplate,Leatherworking,trainer,330,wh:learn,350,db2,370,db2,360,330,350,360,370,330,trainer,False
36079,Golden Dragonstrike Breastplate,Leatherworking,trainer,330,wh:learn,350,db2,370,db2,360,330,350,360,370,330,trainer,False
36349,Belt of Natural Power,Leatherworking,item,375,db2:item-req,385,db2,405,db2,395,375,385,395,405,375,quest,False
36351,Belt of Deep Shadow,Leatherworking,item,375,db2:item-req,385,db2,405,db2,395,375,385,395,405,375,quest,False
36352,Belt of the Black Eagle,Leatherworking,item,375,db2:item-req,385,db2,405,db2,395,375,385,395,405,375,quest,False
36353,Monsoon Belt,Leatherworking,item,375,db2:item-req,385,db2,405,db2,395,375,385,395,405,375,quest,False
36355,Boots of Natural Grace,Leatherworking,item,375,db2:item-req,385,db2,405,db2,395,375,385,395,405,375,quest,False
36357,Boots of Utter Darkness,Leatherworking,item,375,db2:item-req,385,db2,405,db2,395,375,385,395,405,375,quest,False
36358,Boots of the Crimson Hawk,Leatherworking,item,375,db2:item-req,385,db2,405,db2,395,375,385,395,405,375,quest,False
36359,Hurricane Boots,Leatherworking,item,375,db2:item-req,385,db2,405,db2,395,375,385,395,405,375,quest,False
39997,Boots of Shackled Souls,Leatherworking,item,375,db2:item-req,385,db2,405,db2,395,375,385,395,405,375,world,False
40001,Greaves of Shackled Souls,Leatherworking,item,375,db2:item-req,385,db2,405,db2,395,375,385,395,405,375,world,False
40002,Waistguard of Shackled Souls,Leatherworking,item,375,db2:item-req,385,db2,405,db2,395,375,385,395,405,375,world,False
40003,Redeemed Soul Moccasins,Leatherworking,item,375,db2:item-req,385,db2,405,db2,395,375,385,395,405,375,world,False
40004,Redeemed Soul Wristguards,Leatherworking,item,375,db2:item-req,385,db2,405,db2,395,375,385,395,405,375,world,False
40005,Redeemed Soul Legguards,Leatherworking,item,375,db2:item-req,385,db2,405,db2,395,375,385,395,405,375,world,False
40006,Redeemed Soul Cinch,Leatherworking,item,375,db2:item-req,385,db2,405,db2,395,375,385,395,405,375,world,False
41156,Bracers of Renewed Life,Leatherworking,item,375,db2:item-req,385,db2,405,db2,395,375,385,395,405,375,quest,False
41157,Shoulderpads of Renewed Life,Leatherworking,item,375,db2:item-req,385,db2,405,db2,395,375,385,395,405,375,quest,False
41158,Swiftstrike Bracers,Leatherworking,item,375,db2:item-req,385,db2,405,db2,395,375,385,395,405,375,quest,False
41160,Swiftstrike Shoulders,Leatherworking,item,375,db2:item-req,385,db2,405,db2,395,375,385,395,405,375,quest,False
41161,Bindings of Lightning Reflexes,Leatherworking,item,375,db2:item-req,385,db2,405,db2,395,375,385,395,405,375,quest,False
41162,Shoulders of Lightning Reflexes,Leatherworking,item,375,db2:item-req,385,db2,405,db2,395,375,385,395,405,375,quest,False
41163,Living Earth Bindings,Leatherworking,item,375,db2:item-req,385,db2,405,db2,395,375,385,395,405,375,quest,False
41164,Living Earth Shoulders,Leatherworking,item,375,db2:item-req,385,db2,405,db2,395,375,385,395,405,375,quest,False
42546,Cloak of Darkness,Leatherworking,item,360,db2:item-req,370,db2,390,db2,380,360,370,380,390,360,world,False
42731,Shadowprowler's Chestguard,Leatherworking,item,365,db2:item-req,375,db2,395,db2,385,365,375,385,395,365,world,False
44359,Quiver of a Thousand Feathers,Leatherworking,discovery?,360,wh:learn,360,db2,380,db2,370,0,360,370,380,360,,False
44770,Glove Reinforcements,Leatherworking,trainer,350,wh:learn,355,db2,365,db2,360,350,355,360,365,350,trainer,False
44953,Winter Boots,Leatherworking,item,285,db2:item-req,285,db2,285,db2,285,285,285,285,285,285,world,False
44970,Heavy Knothide Armor Kit,Leatherworking,trainer,350,wh:learn,355,db2,365,db2,360,350,355,360,365,350,trainer,False
45100,Leatherworker's Satchel,Leatherworking,trainer,300,wh:learn,310,db2,330,db2,320,300,310,320,330,300,trainer,False
45117,Bag of Many Hides,Leatherworking,item,350,wh:learn<item,370,db2,390,db2,380,350,370,380,390,350,quest,False
46132,Leather Gauntlets of the Sun,Leatherworking,item,365,db2:item-req,375,db2,410,db2,392,365,375,392,410,365,quest,False
46133,Fletcher's Gloves of the Phoenix,Leatherworking,item,365,db2:item-req,375,db2,410,db2,392,365,375,392,410,365,quest,False
46134,Gloves of Immortal Dusk,Leatherworking,item,365,db2:item-req,375,db2,410,db2,392,365,375,392,410,365,quest,False
46135,Sun-Drenched Scale Gloves,Leatherworking,item,365,db2:item-req,375,db2,410,db2,392,365,375,392,410,365,quest,False
46136,Leather Chestguard of the Sun,Leatherworking,item,365,db2:item-req,375,db2,410,db2,392,365,375,392,410,365,quest,False
46137,Embrace of the Phoenix,Leatherworking,item,365,db2:item-req,375,db2,410,db2,392,365,375,392,410,365,quest,False
46138,Carapace of Sun and Shadow,Leatherworking,item,365,db2:item-req,375,db2,410,db2,392,365,375,392,410,365,quest,False
46139,Sun-Drenched Scale Chestguard,Leatherworking,item,365,db2:item-req,375,db2,410,db2,392,365,375,392,410,365,quest,False
50936,Heavy Borean Leather,Leatherworking,trainer,390,wh:learn,385,db2,405,db2,395,0,390,395,405,390,trainer,False
50938,Iceborne Chestguard,Leatherworking,trainer,375,wh:learn,390,db2,410,db2,400,375,390,400,410,375,trainer,False
50939,Iceborne Leggings,Leatherworking,trainer,370,wh:learn,385,db2,405,db2,395,370,385,395,405,370,trainer,False
50940,Iceborne Shoulderpads,Leatherworking,trainer,380,wh:learn,395,db2,415,db2,405,380,395,405,415,380,trainer,False
50941,Iceborne Gloves,Leatherworking,trainer,370,wh:learn,385,db2,405,db2,395,370,385,395,405,370,trainer,False
50942,Iceborne Boots,Leatherworking,trainer,375,wh:learn,390,db2,410,db2,400,375,390,400,410,375,trainer,False
50943,Iceborne Belt,Leatherworking,trainer,380,wh:learn,380,db2,395,db2,387,380,380,387,395,380,trainer,False
50944,Arctic Chestpiece,Leatherworking,trainer,370,wh:learn,385,db2,405,db2,395,370,385,395,405,370,trainer,False
50945,Arctic Leggings,Leatherworking,trainer,375,wh:learn,390,db2,410,db2,400,375,390,400,410,375,trainer,False
50946,Arctic Shoulderpads,Leatherworking,trainer,380,wh:learn,395,db2,415,db2,405,380,395,405,415,380,trainer,False
50947,Arctic Gloves,Leatherworking,trainer,375,wh:learn,390,db2,410,db2,400,375,390,400,410,375,trainer,False
50948,Arctic Boots,Leatherworking,trainer,370,wh:learn,385,db2,405,db2,395,370,385,395,405,370,trainer,False
50949,Arctic Belt,Leatherworking,trainer,380,wh:learn,395,db2,415,db2,405,380,395,405,415,380,trainer,False
50950,Frostscale Chestguard,Leatherworking,trainer,375,wh:learn,390,db2,410,db2,400,375,390,400,410,375,trainer,False
50951,Frostscale Leggings,Leatherworking,trainer,370,wh:learn,385,db2,405,db2,395,370,385,395,405,370,trainer,False
50952,Frostscale Shoulders,Leatherworking,trainer,375,wh:learn,390,db2,410,db2,400,375,390,400,410,375,trainer,False
50953,Frostscale Gloves,Leatherworking,trainer,380,wh:learn,395,db2,415,db2,405,380,395,405,415,380,trainer,False
50954,Frostscale Boots,Leatherworking,trainer,380,wh:learn,395,db2,415,db2,405,380,395,405,415,380,trainer,False
50955,Frostscale Belt,Leatherworking,trainer,370,wh:learn,385,db2,405,db2,395,370,385,395,405,370,trainer,False
50956,Nerubian Chestguard,Leatherworking,trainer,375,wh:learn,390,db2,410,db2,400,375,390,400,410,375,trainer,False
50957,Nerubian Legguards,Leatherworking,trainer,370,wh:learn,385,db2,405,db2,395,370,385,395,405,370,trainer,False
50958,Nerubian Shoulders,Leatherworking,trainer,380,wh:learn,395,db2,415,db2,405,380,395,405,415,380,trainer,False
50959,Nerubian Gloves,Leatherworking,trainer,370,wh:learn,385,db2,405,db2,395,370,385,395,405,370,trainer,False
50960,Nerubian Boots,Leatherworking,trainer,380,wh:learn,395,db2,415,db2,405,380,395,405,415,380,trainer,False
50961,Nerubian Belt,Leatherworking,trainer,375,wh:learn,390,db2,410,db2,400,375,390,400,410,375,trainer,False
50962,Borean Armor Kit,Leatherworking,trainer,350,wh:learn,375,db2,385,db2,380,350,375,380,385,350,trainer,False
50963,Heavy Borean Armor Kit,Leatherworking,trainer,395,wh:learn,400,db2,405,db2,402,395,400,402,405,395,trainer,False
50964,Jormungar Leg Armor,Leatherworking,trainer,405,wh:learn,410,db2,420,db2,415,405,410,415,420,405,trainer,False
50965,Frosthide Leg Armor,Leatherworking,trainer,425,wh:learn,435,db2,445,db2,440,425,435,440,445,425,trainer,False
50966,Nerubian Leg Armor,Leatherworking,trainer,400,wh:learn,405,db2,415,db2,410,400,405,410,415,400,trainer,False
50967,Icescale Leg Armor,Leatherworking,trainer,425,wh:learn,435,db2,445,db2,440,425,435,440,445,425,trainer,False
50970,Trapper's Traveling Pack,Leatherworking,item,415,db2:item-req,420,db2,425,db2,422,415,420,422,425,415,world,False
50971,Mammoth Mining Bag,Leatherworking,item,415,db2:item-req,420,db2,425,db2,422,415,420,422,425,415,world,False
51568,Black Chitinguard Boots,Leatherworking,item,390,db2:item-req,415,db2,435,db2,425,400,415,425,435,400,trainer,False
51569,Dark Arctic Leggings,Leatherworking,item,395,wh:learn<item,410,db2,430,db2,420,395,410,420,430,395,trainer,False
51570,Dark Arctic Chestpiece,Leatherworking,item,395,wh:learn<item,410,db2,430,db2,420,395,410,420,430,395,trainer,False
51571,Arctic Wristguards,Leatherworking,trainer,385,wh:learn,400,db2,420,db2,410,385,400,410,420,385,trainer,False
51572,Arctic Helm,Leatherworking,trainer,385,wh:learn,400,db2,420,db2,410,385,400,410,420,385,trainer,False
52733,Bracers of Shackled Souls,Leatherworking,item,375,db2:item-req,385,db2,405,db2,395,375,385,395,405,375,world,False
55199,Cloak of Tormented Skies,Leatherworking,trainer,395,wh:learn,405,db2,425,db2,415,395,405,415,425,395,trainer,False
57683,Fur Lining - Agility,Leatherworking,trainer,400,wh:learn,425,db2,435,db2,430,400,425,430,435,400,trainer,False
57690,Fur Lining - Stamina,Leatherworking,trainer,400,wh:learn,425,db2,435,db2,430,400,425,430,435,400,trainer,False
57691,Fur Lining - Intellect,Leatherworking,trainer,400,wh:learn,425,db2,435,db2,430,400,425,430,435,400,trainer,False
60599,Frostscale Bracers,Leatherworking,trainer,385,wh:learn,400,db2,420,db2,410,385,400,410,420,385,trainer,False
60600,Frostscale Helm,Leatherworking,trainer,385,wh:learn,400,db2,420,db2,410,385,400,410,420,385,trainer,False
60601,Dark Frostscale Leggings,Leatherworking,trainer,395,wh:learn,410,db2,430,db2,420,395,410,420,430,395,trainer,False
60604,Dark Frostscale Breastplate,Leatherworking,trainer,395,wh:learn,410,db2,430,db2,420,395,410,420,430,395,trainer,False
60605,Dragonstompers,Leatherworking,trainer,400,wh:learn,415,db2,435,db2,425,400,415,425,435,400,trainer,False
60607,Iceborne Wristguards,Leatherworking,trainer,385,wh:learn,400,db2,420,db2,410,385,400,410,420,385,trainer,False
60608,Iceborne Helm,Leatherworking,trainer,385,wh:learn,400,db2,420,db2,410,385,400,410,420,385,trainer,False
60611,Dark Iceborne Leggings,Leatherworking,trainer,395,wh:learn,410,db2,430,db2,420,395,410,420,430,395,trainer,False
60613,Dark Iceborne Chestguard,Leatherworking,trainer,395,wh:learn,410,db2,430,db2,420,395,410,420,430,395,trainer,False
60620,Bugsquashers,Leatherworking,trainer,400,wh:learn,415,db2,435,db2,425,400,415,425,435,400,trainer,False
60622,Nerubian Bracers,Leatherworking,trainer,385,wh:learn,400,db2,420,db2,410,385,400,410,420,385,trainer,False
60624,Nerubian Helm,Leatherworking,trainer,385,wh:learn,400,db2,420,db2,410,385,400,410,420,385,trainer,False
60627,Dark Nerubian Leggings,Leatherworking,trainer,395,wh:learn,410,db2,430,db2,420,395,410,420,430,395,trainer,False
60629,Dark Nerubian Chestpiece,Leatherworking,trainer,395,wh:learn,410,db2,430,db2,420,395,410,420,430,395,trainer,False
60630,Scaled Icewalkers,Leatherworking,trainer,400,wh:learn,415,db2,435,db2,425,400,415,425,435,400,trainer,False
60631,Cloak of Harsh Winds,Leatherworking,trainer,380,wh:learn,390,db2,410,db2,400,380,390,400,410,380,trainer,False
60637,Ice Striker's Cloak,Leatherworking,trainer,440,wh:learn,450,db2,460,db2,455,440,450,455,460,440,trainer,False
60640,Durable Nerubhide Cape,Leatherworking,trainer,440,wh:learn,450,db2,460,db2,455,440,450,455,460,440,trainer,False
60643,Pack of Endless Pockets,Leatherworking,trainer,415,wh:learn,420,db2,425,db2,422,415,420,422,425,415,trainer,False
60649,Razorstrike Breastplate,Leatherworking,trainer,425,wh:learn,430,db2,440,db2,435,425,430,435,440,425,trainer,False
60651,Virulent Spaulders,Leatherworking,trainer,420,wh:learn,425,db2,435,db2,430,420,425,430,435,420,trainer,False
60652,Eaglebane Bracers,Leatherworking,trainer,420,wh:learn,425,db2,435,db2,430,420,425,430,435,420,trainer,False
60655,Nightshock Hood,Leatherworking,trainer,425,wh:learn,430,db2,440,db2,435,425,430,435,440,425,trainer,False
60658,Nightshock Girdle,Leatherworking,trainer,420,wh:learn,425,db2,435,db2,430,420,425,430,435,420,trainer,False
60660,Leggings of Visceral Strikes,Leatherworking,trainer,425,wh:learn,430,db2,440,db2,435,425,430,435,440,425,trainer,False
60665,Seafoam Gauntlets,Leatherworking,trainer,420,wh:learn,425,db2,435,db2,430,420,425,430,435,420,trainer,False
60666,Jormscale Footpads,Leatherworking,trainer,420,wh:learn,425,db2,435,db2,430,420,425,430,435,420,trainer,False
60669,Wildscale Breastplate,Leatherworking,trainer,425,wh:learn,430,db2,440,db2,435,425,430,435,440,425,trainer,False
60671,Purehorn Spaulders,Leatherworking,trainer,420,wh:learn,425,db2,435,db2,430,420,425,430,435,420,trainer,False
60697,Eviscerator's Facemask,Leatherworking,item,420,db2:item-req,425,db2,435,db2,430,420,425,430,435,420,world,False
60702,Eviscerator's Shoulderpads,Leatherworking,item,420,db2:item-req,425,db2,435,db2,430,420,425,430,435,420,world,False
60703,Eviscerator's Chestguard,Leatherworking,item,420,db2:item-req,425,db2,435,db2,430,420,425,430,435,420,world,False
60704,Eviscerator's Bindings,Leatherworking,item,420,db2:item-req,425,db2,435,db2,430,420,425,430,435,420,world,False
60705,Eviscerator's Gauntlets,Leatherworking,item,425,db2:item-req,430,db2,440,db2,435,425,430,435,440,425,world,False
60706,Eviscerator's Waistguard,Leatherworking,item,425,db2:item-req,430,db2,440,db2,435,425,430,435,440,425,world,False
60711,Eviscerator's Legguards,Leatherworking,item,425,db2:item-req,430,db2,440,db2,435,425,430,435,440,425,world,False
60712,Eviscerator's Treads,Leatherworking,item,425,db2:item-req,430,db2,440,db2,435,425,430,435,440,425,world,False
60715,Overcast Headguard,Leatherworking,item,420,db2:item-req,425,db2,435,db2,430,420,425,430,435,420,world,False
60716,Overcast Spaulders,Leatherworking,item,420,db2:item-req,425,db2,435,db2,430,420,425,430,435,420,world,False
60718,Overcast Chestguard,Leatherworking,item,420,db2:item-req,425,db2,435,db2,430,420,425,430,435,420,world,False
60720,Overcast Bracers,Leatherworking,item,420,db2:item-req,425,db2,435,db2,430,420,425,430,435,420,world,False
60721,Overcast Handwraps,Leatherworking,item,425,db2:item-req,430,db2,440,db2,435,425,430,435,440,425,world,False
60723,Overcast Belt,Leatherworking,item,425,db2:item-req,430,db2,440,db2,435,425,430,435,440,425,world,False
60725,Overcast Leggings,Leatherworking,item,425,db2:item-req,430,db2,440,db2,435,425,430,435,440,425,world,False
60727,Overcast Boots,Leatherworking,item,425,db2:item-req,430,db2,440,db2,435,425,430,435,440,425,world,False
60728,Swiftarrow Helm,Leatherworking,item,420,db2:item-req,425,db2,435,db2,430,420,425,430,435,420,world,False
60729,Swiftarrow Shoulderguards,Leatherworking,item,420,db2:item-req,425,db2,435,db2,430,420,425,430,435,420,world,False
60730,Swiftarrow Hauberk,Leatherworking,item,420,db2:item-req,425,db2,435,db2,430,420,425,430,435,420,world,False
60731,Swiftarrow Bracers,Leatherworking,item,420,db2:item-req,425,db2,435,db2,430,420,425,430,435,420,world,False
60732,Swiftarrow Gauntlets,Leatherworking,item,425,db2:item-req,430,db2,440,db2,435,425,430,435,440,425,world,False
60734,Swiftarrow Belt,Leatherworking,item,425,db2:item-req,430,db2,440,db2,435,425,430,435,440,425,world,False
60735,Swiftarrow Leggings,Leatherworking,item,425,db2:item-req,430,db2,440,db2,435,425,430,435,440,425,world,False
60737,Swiftarrow Boots,Leatherworking,item,425,db2:item-req,430,db2,440,db2,435,425,430,435,440,425,world,False
60743,Stormhide Crown,Leatherworking,item,420,db2:item-req,425,db2,435,db2,430,420,425,430,435,420,world,False
60746,Stormhide Shoulders,Leatherworking,item,420,db2:item-req,425,db2,435,db2,430,420,425,430,435,420,world,False
60747,Stormhide Hauberk,Leatherworking,item,420,db2:item-req,425,db2,435,db2,430,420,425,430,435,420,world,False
60748,Stormhide Wristguards,Leatherworking,item,420,db2:item-req,425,db2,435,db2,430,420,425,430,435,420,world,False
60749,Stormhide Grips,Leatherworking,item,425,db2:item-req,430,db2,440,db2,435,425,430,435,440,425,world,False
60750,Stormhide Belt,Leatherworking,item,425,db2:item-req,430,db2,440,db2,435,425,430,435,440,425,world,False
60751,Stormhide Legguards,Leatherworking,item,425,db2:item-req,430,db2,440,db2,435,425,430,435,440,425,world,False
60752,Stormhide Stompers,Leatherworking,item,425,db2:item-req,430,db2,440,db2,435,425,430,435,440,425,world,False
60754,Giantmaim Legguards,Leatherworking,item,440,db2:item-req,450,db2,460,db2,455,440,450,455,460,440,world,False
60755,Giantmaim Bracers,Leatherworking,item,440,db2:item-req,450,db2,460,db2,455,440,450,455,460,440,world,False
60756,Revenant's Breastplate,Leatherworking,item,440,db2:item-req,450,db2,460,db2,455,440,450,455,460,440,world,False
60757,Revenant's Treads,Leatherworking,item,440,db2:item-req,450,db2,460,db2,455,440,450,455,460,440,world,False
60758,Trollwoven Spaulders,Leatherworking,item,440,db2:item-req,450,db2,460,db2,455,440,450,455,460,440,world,False
60759,Trollwoven Girdle,Leatherworking,item,440,db2:item-req,450,db2,460,db2,455,440,450,455,460,440,world,False
60760,Earthgiving Legguards,Leatherworking,item,440,db2:item-req,450,db2,460,db2,455,440,450,455,460,440,world,False
60761,Earthgiving Boots,Leatherworking,item,440,db2:item-req,450,db2,460,db2,455,440,450,455,460,440,world,False
60996,Polar Vest,Leatherworking,item,425,db2:item-req,435,db2,455,db2,445,425,435,445,455,425,world,False
60997,Polar Cord,Leatherworking,item,420,db2:item-req,430,db2,450,db2,440,420,430,440,450,420,world,False
60998,Polar Boots,Leatherworking,item,420,db2:item-req,430,db2,450,db2,440,420,430,440,450,420,world,False
60999,Icy Scale Chestguard,Leatherworking,item,425,db2:item-req,435,db2,455,db2,445,425,435,445,455,425,world,False
61000,Icy Scale Belt,Leatherworking,item,420,db2:item-req,430,db2,450,db2,440,420,430,440,450,420,world,False
61002,Icy Scale Boots,Leatherworking,item,420,db2:item-req,430,db2,450,db2,440,420,430,440,450,420,world,False
62176,Windripper Boots,Leatherworking,item,440,db2:item-req,450,db2,460,db2,455,440,450,455,460,440,world,False
62177,Windripper Leggings,Leatherworking,item,440,db2:item-req,450,db2,460,db2,455,440,450,455,460,440,world,False
62448,Earthen Leg Armor,Leatherworking,trainer,425,wh:learn,435,db2,445,db2,440,425,435,440,445,425,trainer,False
63194,Belt of Dragons,Leatherworking,item,450,db2:item-req,455,db2,475,db2,465,450,455,465,475,450,quest,False
63195,Boots of Living Scale,Leatherworking,item,450,db2:item-req,455,db2,475,db2,465,450,455,465,475,450,quest,False
63196,Blue Belt of Chaos,Leatherworking,item,450,db2:item-req,455,db2,475,db2,465,450,455,465,475,450,quest,False
63197,Lightning Grounded Boots,Leatherworking,item,450,db2:item-req,455,db2,475,db2,465,450,455,465,475,450,quest,False
63198,Death-warmed Belt,Leatherworking,item,450,db2:item-req,455,db2,475,db2,465,450,455,465,475,450,quest,False
63199,Footpads of Silence,Leatherworking,item,450,db2:item-req,455,db2,475,db2,465,450,455,465,475,450,quest,False
63200,Belt of Arctic Life,Leatherworking,item,450,db2:item-req,455,db2,475,db2,465,450,455,465,475,450,quest,False
63201,Boots of Wintry Endurance,Leatherworking,item,450,db2:item-req,455,db2,475,db2,465,450,455,465,475,450,quest,False
64661,Borean Leather,Leatherworking,trainer,350,wh:learn,350,db2,375,db2,362,350,350,362,375,350,trainer,False
67080,Ensorcelled Nerubian Breastplate,Leatherworking,item,450,db2:item-req,460,db2,475,db2,467,450,460,467,475,450,quest,False
67081,Black Chitin Bracers,Leatherworking,item,450,db2:item-req,460,db2,475,db2,467,450,460,467,475,450,quest,False
67082,Crusader's Dragonscale Breastplate,Leatherworking,item,450,db2:item-req,460,db2,475,db2,467,450,460,467,475,450,quest,False
67083,Crusader's Dragonscale Bracers,Leatherworking,item,450,db2:item-req,460,db2,475,db2,467,450,460,467,475,450,quest,False
67084,Lunar Eclipse Robes,Leatherworking,item,450,db2:item-req,460,db2,475,db2,467,450,460,467,475,450,quest,False
67085,Moonshadow Armguards,Leatherworking,item,450,db2:item-req,460,db2,475,db2,467,450,460,467,475,450,quest,False
67086,Knightbane Carapace,Leatherworking,item,450,db2:item-req,460,db2,475,db2,467,450,460,467,475,450,quest,False
67087,Bracers of Swift Death,Leatherworking,item,450,db2:item-req,460,db2,475,db2,467,450,460,467,475,450,quest,False
67136,Ensorcelled Nerubian Breastplate,Leatherworking,item,450,db2:item-req,460,db2,475,db2,467,450,460,467,475,450,quest,False
67137,Black Chitin Bracers,Leatherworking,item,450,db2:item-req,460,db2,475,db2,467,450,460,467,475,450,quest,False
67138,Crusader's Dragonscale Breastplate,Leatherworking,item,450,db2:item-req,460,db2,475,db2,467,450,460,467,475,450,quest,False
67139,Bracers of Swift Death,Leatherworking,item,450,db2:item-req,460,db2,475,db2,467,450,460,467,475,450,quest,False
67140,Lunar Eclipse Robes,Leatherworking,item,450,db2:item-req,460,db2,475,db2,467,450,460,467,475,450,quest,False
67141,Moonshadow Armguards,Leatherworking,item,450,db2:item-req,460,db2,475,db2,467,450,460,467,475,450,quest,False
67142,Knightbane Carapace,Leatherworking,item,450,db2:item-req,460,db2,475,db2,467,450,460,467,475,450,quest,False
67143,Crusader's Dragonscale Bracers,Leatherworking,item,450,db2:item-req,460,db2,475,db2,467,450,460,467,475,450,quest,False
69386,Drums of Forgotten Kings,Leatherworking,trainer,450,wh:learn,440,db2,470,db2,455,0,450,455,470,450,trainer,False
69388,Drums of the Wild,Leatherworking,trainer,450,wh:learn,440,db2,470,db2,455,0,450,455,470,450,trainer,False
70554,Legwraps of Unleashed Nature,Leatherworking,item,450,db2:item-req,475,db2,500,db2,487,450,475,487,500,450,world,False
70555,Blessed Cenarion Boots,Leatherworking,item,450,db2:item-req,475,db2,500,db2,487,450,475,487,500,450,world,False
70556,Bladeborn Leggings,Leatherworking,item,450,db2:item-req,475,db2,500,db2,487,450,475,487,500,450,world,False
70557,Footpads of Impending Death,Leatherworking,item,450,db2:item-req,475,db2,500,db2,487,450,475,487,500,450,world,False
70558,Lightning-Infused Leggings,Leatherworking,item,450,db2:item-req,475,db2,500,db2,487,450,475,487,500,450,world,False
70559,Earthsoul Boots,Leatherworking,item,450,db2:item-req,475,db2,500,db2,487,450,475,487,500,450,world,False
70560,Draconic Bonesplinter Legguards,Leatherworking,item,450,db2:item-req,475,db2,500,db2,487,450,475,487,500,450,world,False
70561,Rock-Steady Treads,Leatherworking,item,450,db2:item-req,475,db2,500,db2,487,450,475,487,500,450,world,False
74493,Savage Leather,Leatherworking,discovery?,435,wh:learn,435,db2,450,db2,442,0,435,442,450,435,,False
78379,Savage Armor Kit,Leatherworking,trainer,425,wh:learn,450,db2,455,db2,452,425,450,452,455,425,trainer,False
78380,Savage Cloak,Leatherworking,item,425,db2:item-req,470,db2,480,db2,475,460,470,475,480,460,trainer,False
78388,Tsunami Bracers,Leatherworking,item,425,db2:item-req,470,db2,480,db2,475,460,470,475,480,460,trainer,False
78396,Tsunami Belt,Leatherworking,item,425,db2:item-req,480,db2,490,db2,485,470,480,485,490,470,trainer,False
78398,Darkbrand Bracers,Leatherworking,item,425,db2:item-req,460,db2,470,db2,465,450,460,465,470,450,trainer,False
78399,Darkbrand Gloves,Leatherworking,item,425,db2:item-req,475,db2,485,db2,480,465,475,480,485,465,trainer,False
78405,Hardened Scale Cloak,Leatherworking,item,425,db2:item-req,475,db2,485,db2,480,470,475,480,485,470,trainer,False
78406,Tsunami Gloves,Leatherworking,item,425,db2:item-req,485,db2,495,db2,490,475,485,490,495,475,trainer,False
78407,Darkbrand Boots,Leatherworking,item,425,db2:item-req,475,db2,485,db2,480,465,475,480,485,465,trainer,False
78410,Tsunami Boots,Leatherworking,item,425,db2:item-req,460,db2,470,db2,465,450,460,465,470,450,trainer,False
78411,Darkbrand Shoulders,Leatherworking,item,425,db2:item-req,485,db2,495,db2,490,475,485,490,495,475,trainer,False
78415,Tsunami Shoulders,Leatherworking,item,425,db2:item-req,465,db2,475,db2,470,455,465,470,475,455,trainer,False
78416,Darkbrand Belt,Leatherworking,item,425,db2:item-req,465,db2,475,db2,470,455,465,470,475,455,trainer,False
78419,Scorched Leg Armor,Leatherworking,item,425,db2:item-req,485,db2,495,db2,490,475,485,490,495,475,trainer,False
78420,Twilight Leg Armor,Leatherworking,item,425,db2:item-req,490,db2,500,db2,495,480,490,495,500,480,trainer,False
78423,Tsunami Chestguard,Leatherworking,item,425,db2:item-req,510,db2,515,db2,512,490,510,512,515,490,trainer,False
78424,Darkbrand Helm,Leatherworking,item,425,db2:item-req,505,db2,510,db2,507,490,505,507,510,490,trainer,False
78427,Tsunami Leggings,Leatherworking,item,425,db2:item-req,490,db2,500,db2,495,480,490,495,500,480,trainer,False
78428,Darkbrand Chestguard,Leatherworking,item,425,db2:item-req,490,db2,500,db2,495,480,490,495,500,480,trainer,False
78432,Tsunami Helm,Leatherworking,item,425,db2:item-req,495,db2,505,db2,500,485,495,500,505,485,trainer,False
78433,Darkbrand Leggings,Leatherworking,item,425,db2:item-req,495,db2,505,db2,500,485,495,500,505,485,trainer,False
78436,Heavy Savage Leather,Leatherworking,item,425,db2:item-req,485,db2,490,db2,487,485,485,487,490,485,trainer,False
78437,Heavy Savage Armor Kit,Leatherworking,item,425,db2:item-req,490,db2,500,db2,495,485,490,495,500,485,trainer,False
78438,Cloak of Beasts,Leatherworking,item,425,db2:item-req,510,db2,515,db2,512,495,510,512,515,495,trainer,False
78439,Cloak of War,Leatherworking,item,425,db2:item-req,510,db2,515,db2,512,495,510,512,515,495,trainer,False
78444,Bloodthirsty Wyrmhide Bracers,Leatherworking,item,510,db2:item-req,515,db2,525,db2,520,510,515,520,525,510,world,False
78445,Bloodthirsty Wyrmhide Belt,Leatherworking,item,510,db2:item-req,515,db2,525,db2,520,510,515,520,525,510,world,False
78446,Bloodthirsty Leather Bracers,Leatherworking,item,510,db2:item-req,515,db2,525,db2,520,510,515,520,525,510,world,False
78447,Bloodthirsty Leather Gloves,Leatherworking,item,510,db2:item-req,515,db2,525,db2,520,510,515,520,525,510,world,False
78448,Bloodthirsty Charscale Bracers,Leatherworking,item,510,db2:item-req,515,db2,525,db2,520,510,515,520,525,510,world,False
78449,Bloodthirsty Charscale Gloves,Leatherworking,item,510,db2:item-req,515,db2,525,db2,520,510,515,520,525,510,world,False
78450,Bloodthirsty Dragonscale Bracers,Leatherworking,item,510,db2:item-req,515,db2,525,db2,520,510,515,520,525,510,world,False
78451,Bloodthirsty Dragonscale Shoulders,Leatherworking,item,510,db2:item-req,515,db2,525,db2,520,510,515,520,525,510,world,False
78452,Bloodthirsty Wyrmhide Gloves,Leatherworking,item,515,db2:item-req,520,db2,530,db2,525,515,520,525,530,515,world,False
78453,Bloodthirsty Wyrmhide Boots,Leatherworking,item,515,db2:item-req,520,db2,530,db2,525,515,520,525,530,515,world,False
78454,Bloodthirsty Leather Boots,Leatherworking,item,515,db2:item-req,520,db2,530,db2,525,515,520,525,530,515,world,False
78455,Bloodthirsty Leather Shoulders,Leatherworking,item,515,db2:item-req,520,db2,530,db2,525,515,520,525,530,515,world,False
78456,Bloodthirsty Charscale Boots,Leatherworking,item,515,db2:item-req,520,db2,530,db2,525,515,520,525,530,515,world,False
78457,Bloodthirsty Charscale Belt,Leatherworking,item,515,db2:item-req,520,db2,530,db2,525,515,520,525,530,515,world,False
78458,Bloodthirsty Dragonscale Boots,Leatherworking,item,515,db2:item-req,520,db2,530,db2,525,515,520,525,530,515,world,False
78459,Bloodthirsty Dragonscale Gloves,Leatherworking,item,515,db2:item-req,520,db2,530,db2,525,515,520,525,530,515,world,False
78460,Lightning Lash,Leatherworking,item,525,db2:item-req,520,db2,530,db2,525,0,525,525,530,525,world,False
78461,Belt of Nefarious Whispers,Leatherworking,item,525,db2:item-req,520,db2,530,db2,525,0,525,525,530,525,world,False
78462,Stormleather Sash,Leatherworking,item,525,db2:item-req,520,db2,530,db2,525,0,525,525,530,525,world,False
78463,Corded Viper Belt,Leatherworking,item,525,db2:item-req,520,db2,530,db2,525,0,525,525,530,525,world,False
78464,Bloodthirsty Wyrmhide Shoulders,Leatherworking,item,520,db2:item-req,525,db2,535,db2,530,520,525,530,535,520,world,False
78467,Bloodthirsty Wyrmhide Chest,Leatherworking,item,520,db2:item-req,525,db2,535,db2,530,520,525,530,535,520,world,False
78468,Bloodthirsty Leather Belt,Leatherworking,item,520,db2:item-req,525,db2,535,db2,530,520,525,530,535,520,world,False
78469,Bloodthirsty Leather Helm,Leatherworking,item,520,db2:item-req,525,db2,535,db2,530,520,525,530,535,520,world,False
78470,Bloodthirsty Charscale Shoulders,Leatherworking,item,520,db2:item-req,525,db2,535,db2,530,520,525,530,535,520,world,False
78471,Bloodthirsty Charscale Legs,Leatherworking,item,520,db2:item-req,525,db2,535,db2,530,520,525,530,535,520,world,False
78473,Bloodthirsty Dragonscale Belt,Leatherworking,item,520,db2:item-req,525,db2,535,db2,530,520,525,530,535,520,world,False
78474,Bloodthirsty Dragonscale Helm,Leatherworking,item,520,db2:item-req,525,db2,535,db2,530,520,525,530,535,520,world,False
78475,Razor-Edged Cloak,Leatherworking,item,525,db2:item-req,530,db2,540,db2,535,525,530,535,540,525,world,False
78476,Twilight Dragonscale Cloak,Leatherworking,item,525,db2:item-req,530,db2,540,db2,535,525,530,535,540,525,world,False
78477,Dragonscale Leg Armor,Leatherworking,item,525,db2:item-req,530,db2,540,db2,535,525,530,535,540,525,world,False
78478,Charscale Leg Armor,Leatherworking,item,525,db2:item-req,530,db2,540,db2,535,525,530,535,540,525,world,False
78479,Bloodthirsty Wyrmhide Legs,Leatherworking,item,525,db2:item-req,530,db2,540,db2,535,525,530,535,540,525,world,False
78480,Bloodthirsty Wyrmhide Helm,Leatherworking,item,525,db2:item-req,530,db2,540,db2,535,525,530,535,540,525,world,False
78481,Bloodthirsty Leather Chest,Leatherworking,item,525,db2:item-req,530,db2,540,db2,535,525,530,535,540,525,world,False
78482,Bloodthirsty Leather Legs,Leatherworking,item,525,db2:item-req,530,db2,540,db2,535,525,530,535,540,525,world,False
78483,Bloodthirsty Charscale Chest,Leatherworking,item,525,db2:item-req,530,db2,540,db2,535,525,530,535,540,525,world,False
78484,Bloodthirsty Charscale Helm,Leatherworking,item,525,db2:item-req,530,db2,540,db2,535,525,530,535,540,525,world,False
78485,Bloodthirsty Dragonscale Legs,Leatherworking,item,525,db2:item-req,530,db2,540,db2,535,525,530,535,540,525,world,False
78486,Bloodthirsty Dragonscale Chest,Leatherworking,item,525,db2:item-req,530,db2,540,db2,535,525,530,535,540,525,world,False
78487,Chestguard of Nature's Fury,Leatherworking,item,525,db2:item-req,530,db2,540,db2,535,525,530,535,540,525,world,False
78488,Assassin's Chestplate,Leatherworking,item,525,db2:item-req,530,db2,540,db2,535,525,530,535,540,525,world,False
78489,Twilight Scale Chestguard,Leatherworking,item,525,db2:item-req,530,db2,540,db2,535,525,530,535,540,525,world,False
78490,Dragonkiller Tunic,Leatherworking,item,525,db2:item-req,530,db2,540,db2,535,525,530,535,540,525,world,False
84950,Savage Leather,Leatherworking,trainer,425,wh:learn,435,db2,450,db2,442,425,435,442,450,425,trainer,False
85007,Fur Lining - Stamina,Leatherworking,auto,500,db2:minskill,490,db2,505,db2,497,0,0,500,505,500,trainer,False
85008,Fur Lining - Agility,Leatherworking,auto,500,db2:minskill,490,db2,505,db2,497,0,0,500,505,500,trainer,False
85009,Fur Lining - Strength,Leatherworking,auto,500,db2:minskill,490,db2,505,db2,497,0,0,500,505,500,trainer,False
85010,Fur Lining - Intellect,Leatherworking,auto,500,db2:minskill,490,db2,505,db2,497,0,0,500,505,500,trainer,False
99443,Dragonfire Gloves,Leatherworking,item,525,db2:item-req,525,db2,530,db2,527,525,525,527,530,525,quest,False
99445,Gloves of Unforgiving Flame,Leatherworking,item,525,db2:item-req,525,db2,530,db2,527,525,525,527,530,525,quest,False
99446,Clutches of Evil,Leatherworking,item,525,db2:item-req,525,db2,530,db2,527,525,525,527,530,525,quest,False
99447,Heavenly Gloves of the Moon,Leatherworking,item,525,db2:item-req,525,db2,530,db2,527,525,525,527,530,525,quest,False
99455,Earthen Scale Sabatons,Leatherworking,item,525,db2:item-req,525,db2,530,db2,527,525,525,527,530,525,quest,False
99456,Footwraps of Quenched Fire,Leatherworking,item,525,db2:item-req,525,db2,530,db2,527,525,525,527,530,525,quest,False
99457,Treads of the Craft,Leatherworking,item,525,db2:item-req,525,db2,530,db2,527,525,525,527,530,525,quest,False
99458,Ethereal Footfalls,Leatherworking,item,525,db2:item-req,525,db2,530,db2,527,525,525,527,530,525,quest,False
99535,Vicious Hide Cloak,Leatherworking,trainer,500,wh:learn,510,db2,515,db2,512,500,510,512,515,500,trainer,False
99536,Vicious Fur Cloak,Leatherworking,trainer,500,wh:learn,510,db2,515,db2,512,500,510,512,515,500,trainer,False
100583,Royal Scribe's Satchel,Leatherworking,item,510,db2:item-req,520,db2,535,db2,527,510,520,527,535,510,world,False
100586,Triple-Reinforced Mining Bag,Leatherworking,item,500,db2:item-req,520,db2,535,db2,527,500,520,527,535,500,world,False
101599,Drakehide Leg Armor,Leatherworking,item,525,db2:item-req,530,db2,540,db2,535,525,530,535,540,525,world,False
101933,Leggings of Nature's Champion,Leatherworking,item,525,db2:item-req,525,db2,535,db2,530,525,525,530,535,525,quest,False
101934,Deathscale Leggings,Leatherworking,item,525,db2:item-req,525,db2,535,db2,530,525,525,530,535,525,quest,False
101935,Bladeshadow Leggings,Leatherworking,item,525,db2:item-req,525,db2,535,db2,530,525,525,530,535,525,quest,False
101936,Rended Earth Leggings,Leatherworking,item,525,db2:item-req,525,db2,535,db2,530,525,525,530,535,525,quest,False
101937,Bracers of Flowing Serenity,Leatherworking,item,525,db2:item-req,525,db2,535,db2,530,525,525,530,535,525,quest,False
101939,Thundering Deathscale Wristguards,Leatherworking,item,525,db2:item-req,525,db2,535,db2,530,525,525,530,535,525,quest,False
101940,Bladeshadow Wristguards,Leatherworking,item,525,db2:item-req,525,db2,535,db2,530,525,525,530,535,525,quest,False
101941,Bracers of the Hunter-Killer,Leatherworking,item,525,db2:item-req,525,db2,535,db2,530,525,525,530,535,525,quest,False
102366,Mist-Touched Leather,Leatherworking,discovery?,525,wh:learn,525,db2,535,db2,530,0,525,530,535,525,,False
124124,Sha-Touched Leg Armor,Leatherworking,item,540,db2:item-req,560,db2,600,db2,580,540,560,580,600,540,,False
124125,Toughened Leg Armor,Leatherworking,item,550,db2:item-req,570,db2,600,db2,585,550,570,585,600,550,,False
124126,Brutal Leg Armor,Leatherworking,item,550,db2:item-req,550,db2,600,db2,575,550,550,575,600,550,,False
124127,Angerhide Leg Armor,Leatherworking,item,575,db2:item-req,600,db2,605,db2,602,575,600,602,605,575,world,False
124128,Ironscale Leg Armor,Leatherworking,item,575,db2:item-req,600,db2,605,db2,602,575,600,602,605,575,world,False
124129,Shadowleather Leg Armor,Leatherworking,item,575,db2:item-req,600,db2,605,db2,602,575,600,602,605,575,world,False
124549,Fur Lining - Strength,Leatherworking,ranked,425,wh:learn,425,db2,435,db2,430,0,425,430,435,425,,False
124551,Fur Lining - Agility,Leatherworking,auto,575,db2:minskill,,wh,575,wh,,0,0,0,575,1,,False
124552,Fur Lining - Intellect,Leatherworking,auto,575,db2:minskill,,wh,575,wh,,0,0,0,575,1,,False
124553,Fur Lining - Stamina,Leatherworking,auto,575,db2:minskill,,wh,575,wh,,0,0,0,575,1,,False
124554,Fur Lining - Strength,Leatherworking,auto,575,db2:minskill,,wh,575,wh,,0,0,0,575,1,,False
124559,Primal Leg Reinforcements,Leatherworking,auto,575,db2:minskill,,wh,575,wh,,0,0,0,575,1,,False
124561,Draconic Leg Reinforcements,Leatherworking,auto,575,db2:minskill,,wh,575,wh,,0,0,0,575,1,,False
124563,Heavy Leg Reinforcements,Leatherworking,auto,575,db2:minskill,,wh,575,wh,,0,0,0,575,1,,False
124564,Primal Leg Reinforcements,Leatherworking,auto,500,db2:minskill,,wh,500,wh,,0,0,0,500,1,,False
124565,Heavy Leg Reinforcements,Leatherworking,auto,500,db2:minskill,,wh,500,wh,,0,0,0,500,1,,False
124566,Draconic Leg Reinforcements,Leatherworking,auto,500,db2:minskill,,wh,500,wh,,0,0,0,500,1,,False
124567,Primal Leg Reinforcements,Leatherworking,ranked,1,wh:learn,1,wh,1,wh,1,0,1,1,1,1,,False
124568,Heavy Leg Reinforcements,Leatherworking,ranked,1,wh:learn,1,wh,1,wh,1,0,1,1,1,1,,False
124569,Draconic Leg Reinforcements,Leatherworking,ranked,1,wh:learn,1,wh,1,wh,1,0,1,1,1,1,,False
124571,Misthide Helm,Leatherworking,item,550,db2:item-req,570,db2,600,db2,585,550,570,585,600,550,,False
124572,Misthide Shoulders,Leatherworking,item,535,db2:item-req,555,db2,600,db2,577,535,555,577,600,535,,False
124573,Misthide Chestguard,Leatherworking,item,550,db2:item-req,575,db2,600,db2,587,550,575,587,600,550,,False
124574,Misthide Gloves,Leatherworking,item,525,db2:item-req,560,db2,600,db2,580,525,560,580,600,525,,False
124575,Misthide Leggings,Leatherworking,item,525,db2:item-req,565,db2,600,db2,582,525,565,582,600,525,,False
124576,Misthide Bracers,Leatherworking,item,500,db2:item-req,545,db2,600,db2,572,500,545,572,600,500,,False
124577,Misthide Boots,Leatherworking,item,525,db2:item-req,540,db2,600,db2,570,525,540,570,600,525,,False
124578,Misthide Belt,Leatherworking,item,525,db2:item-req,550,db2,600,db2,575,525,550,575,600,525,,False
124579,Stormscale Helm,Leatherworking,item,550,db2:item-req,565,db2,600,db2,582,550,565,582,600,550,,False
124580,Stormscale Shoulders,Leatherworking,item,535,db2:item-req,560,db2,600,db2,580,535,560,580,600,535,,False
124581,Stormscale Chestguard,Leatherworking,item,550,db2:item-req,570,db2,600,db2,585,550,570,585,600,550,,False
124582,Stormscale Gloves,Leatherworking,item,525,db2:item-req,555,db2,600,db2,577,525,555,577,600,525,,False
124583,Stormscale Leggings,Leatherworking,item,525,db2:item-req,575,db2,600,db2,587,525,575,587,600,525,,False
124584,Stormscale Bracers,Leatherworking,item,500,db2:item-req,540,db2,600,db2,570,500,540,570,600,500,,False
124585,Stormscale Boots,Leatherworking,item,525,db2:item-req,550,db2,600,db2,575,525,550,575,600,525,,False
124586,Stormscale Belt,Leatherworking,item,525,db2:item-req,545,db2,600,db2,572,525,545,572,600,525,,False
124587,Contender's Wyrmhide Helm,Leatherworking,item,590,db2:item-req,600,db2,605,db2,602,590,600,602,605,590,world,False
124588,Contender's Wyrmhide Shoulders,Leatherworking,item,575,db2:item-req,600,db2,605,db2,602,575,600,602,605,575,world,False
124589,Contender's Wyrmhide Chestguard,Leatherworking,item,590,db2:item-req,600,db2,605,db2,602,590,600,602,605,590,world,False
124590,Contender's Wyrmhide Gloves,Leatherworking,item,565,db2:item-req,600,db2,605,db2,602,565,600,602,605,565,world,False
124591,Contender's Wyrmhide Leggings,Leatherworking,item,565,db2:item-req,600,db2,605,db2,602,565,600,602,605,565,world,False
124592,Contender's Wyrmhide Bracers,Leatherworking,item,555,db2:item-req,600,db2,605,db2,602,555,600,602,605,555,world,False
124593,Contender's Wyrmhide Boots,Leatherworking,item,565,db2:item-req,600,db2,605,db2,602,565,600,602,605,565,world,False
124594,Contender's Wyrmhide Belt,Leatherworking,item,565,db2:item-req,600,db2,605,db2,602,565,600,602,605,565,world,False
124595,Contender's Scale Helm,Leatherworking,item,590,db2:item-req,600,db2,605,db2,602,590,600,602,605,590,world,False
124596,Contender's Scale Shoulders,Leatherworking,item,575,db2:item-req,600,db2,605,db2,602,575,600,602,605,575,world,False
124597,Contender's Scale Chestguard,Leatherworking,item,590,db2:item-req,600,db2,605,db2,602,590,600,602,605,590,world,False
124598,Contender's Scale Gloves,Leatherworking,item,565,db2:item-req,600,db2,605,db2,602,565,600,602,605,565,world,False
124599,Contender's Scale Leggings,Leatherworking,item,565,db2:item-req,600,db2,605,db2,602,565,600,602,605,565,world,False
124600,Contender's Scale Bracers,Leatherworking,item,555,db2:item-req,600,db2,605,db2,602,555,600,602,605,555,world,False
124601,Contender's Scale Boots,Leatherworking,item,565,db2:item-req,600,db2,605,db2,602,565,600,602,605,565,world,False
124602,Contender's Scale Belt,Leatherworking,item,565,db2:item-req,600,db2,605,db2,602,565,600,602,605,565,world,False
124603,Contender's Leather Helm,Leatherworking,item,590,db2:item-req,600,db2,605,db2,602,590,600,602,605,590,world,False
124604,Contender's Leather Shoulders,Leatherworking,item,575,db2:item-req,600,db2,605,db2,602,575,600,602,605,575,world,False
124605,Contender's Leather Chestguard,Leatherworking,item,590,db2:item-req,600,db2,605,db2,602,590,600,602,605,590,world,False
124606,Contender's Leather Gloves,Leatherworking,item,565,db2:item-req,600,db2,605,db2,602,565,600,602,605,565,world,False
124607,Contender's Leather Leggings,Leatherworking,item,565,db2:item-req,600,db2,605,db2,602,565,600,602,605,565,world,False
124608,Contender's Leather Bracers,Leatherworking,item,555,db2:item-req,600,db2,605,db2,602,555,600,602,605,555,world,False
124609,Contender's Leather Boots,Leatherworking,item,565,db2:item-req,600,db2,605,db2,602,565,600,602,605,565,world,False
124610,Contender's Leather Belt,Leatherworking,item,565,db2:item-req,600,db2,605,db2,602,565,600,602,605,565,world,False
124611,Contender's Dragonscale Helm,Leatherworking,item,590,db2:item-req,600,db2,605,db2,602,590,600,602,605,590,world,False
124612,Contender's Dragonscale Shoulders,Leatherworking,item,575,db2:item-req,600,db2,605,db2,602,575,600,602,605,575,world,False
124613,Contender's Dragonscale Chestguard,Leatherworking,item,590,db2:item-req,600,db2,605,db2,602,590,600,602,605,590,world,False
124614,Contender's Dragonscale Gloves,Leatherworking,item,565,db2:item-req,600,db2,605,db2,602,565,600,602,605,565,world,False
124615,Contender's Dragonscale Leggings,Leatherworking,item,565,db2:item-req,600,db2,605,db2,602,565,600,602,605,565,world,False
124616,Contender's Dragonscale Bracers,Leatherworking,item,555,db2:item-req,600,db2,605,db2,602,555,600,602,605,555,world,False
124617,Contender's Dragonscale Boots,Leatherworking,item,565,db2:item-req,600,db2,605,db2,602,565,600,602,605,565,world,False
124618,Contender's Dragonscale Belt,Leatherworking,item,565,db2:item-req,600,db2,605,db2,602,565,600,602,605,565,world,False
124619,Greyshadow Chestguard,Leatherworking,item,600,db2:item-req,605,db2,615,db2,610,600,605,610,615,600,world,False
124620,Greyshadow Gloves,Leatherworking,item,600,db2:item-req,605,db2,615,db2,610,600,605,610,615,600,world,False
124621,Wildblood Vest,Leatherworking,item,600,db2:item-req,605,db2,615,db2,610,600,605,610,615,600,world,False
124622,Wildblood Gloves,Leatherworking,item,600,db2:item-req,605,db2,615,db2,610,600,605,610,615,600,world,False
124623,Lifekeeper's Robe,Leatherworking,item,600,db2:item-req,605,db2,615,db2,610,600,605,610,615,600,world,False
124624,Lifekeeper's Gloves,Leatherworking,item,600,db2:item-req,605,db2,615,db2,610,600,605,610,615,600,world,False
124625,Chestguard of Earthen Harmony,Leatherworking,item,600,db2:item-req,605,db2,615,db2,610,600,605,610,615,600,world,False
124626,Gloves of Earthen Harmony,Leatherworking,item,600,db2:item-req,605,db2,615,db2,610,600,605,610,615,600,world,False
124627,Mist-Touched Leather,Leatherworking,item,500,db2:item-req,525,db2,535,db2,530,500,525,530,535,500,,False
124628,Sha Armor Kit,Leatherworking,item,525,db2:item-req,535,db2,545,db2,540,525,535,540,545,525,,False
124635,Misthide Drape,Leatherworking,item,530,db2:item-req,570,db2,595,db2,582,530,570,582,595,530,,False
124636,Stormscale Drape,Leatherworking,item,570,db2:item-req,575,db2,600,db2,587,570,575,587,600,570,,False
124637,Quick Strike Cloak,Leatherworking,item,580,db2:item-req,575,db2,600,db2,587,0,580,587,600,580,,False
124638,Chestguard of Nemeses,Leatherworking,item,600,db2:item-req,605,db2,615,db2,610,600,605,610,615,600,quest,False
124639,Murderer's Gloves,Leatherworking,item,600,db2:item-req,605,db2,615,db2,610,600,605,610,615,600,quest,False
124640,Nightfire Robe,Leatherworking,item,600,db2:item-req,605,db2,615,db2,610,600,605,610,615,600,quest,False
124641,Liferuned Leather Gloves,Leatherworking,item,600,db2:item-req,605,db2,615,db2,610,600,605,610,615,600,quest,False
124642,Stormbreaker Chestguard,Leatherworking,item,600,db2:item-req,605,db2,615,db2,610,600,605,610,615,600,quest,False
124643,Fists of Lightning,Leatherworking,item,600,db2:item-req,605,db2,615,db2,610,600,605,610,615,600,quest,False
124644,Raiment of Blood and Bone,Leatherworking,item,600,db2:item-req,605,db2,615,db2,610,600,605,610,615,600,quest,False
124645,Raven Lord's Gloves,Leatherworking,item,600,db2:item-req,605,db2,615,db2,610,600,605,610,615,600,quest,False
131865,Magnificent Hide,Leatherworking,discovery?,550,wh:learn,550,db2,550,db2,550,0,550,550,550,550,,False
137809,Crafted Dreadful Gladiator's Dragonhide Gloves,Leatherworking,discovery,500,wh:learn,605,db2,615,db2,610,500,605,610,615,500,discovery,False
137810,Crafted Dreadful Gladiator's Dragonhide Helm,Leatherworking,discovery,500,wh:learn,605,db2,615,db2,610,500,605,610,615,500,discovery,False
137811,Crafted Dreadful Gladiator's Dragonhide Legguards,Leatherworking,discovery,500,wh:learn,605,db2,615,db2,610,500,605,610,615,500,discovery,False
137812,Crafted Dreadful Gladiator's Dragonhide Robes,Leatherworking,discovery,500,wh:learn,605,db2,615,db2,610,500,605,610,615,500,discovery,False
137813,Crafted Dreadful Gladiator's Dragonhide Spaulders,Leatherworking,discovery,500,wh:learn,605,db2,615,db2,610,500,605,610,615,500,discovery,False
137814,Crafted Dreadful Gladiator's Belt of Meditation,Leatherworking,discovery,500,wh:learn,605,db2,615,db2,610,500,605,610,615,500,discovery,False
137815,Crafted Dreadful Gladiator's Leather Footguards of Meditation,Leatherworking,discovery,500,wh:learn,605,db2,615,db2,610,500,605,610,615,500,discovery,False
137816,Crafted Dreadful Gladiator's Bindings of Meditation,Leatherworking,discovery,500,wh:learn,605,db2,615,db2,610,500,605,610,615,500,discovery,False
137817,Crafted Dreadful Gladiator's Kodohide Gloves,Leatherworking,discovery,500,wh:learn,605,db2,615,db2,610,500,605,610,615,500,discovery,False
137818,Crafted Dreadful Gladiator's Kodohide Helm,Leatherworking,discovery,500,wh:learn,605,db2,615,db2,610,500,605,610,615,500,discovery,False
137819,Crafted Dreadful Gladiator's Kodohide Legguards,Leatherworking,discovery,500,wh:learn,605,db2,615,db2,610,500,605,610,615,500,discovery,False
137820,Crafted Dreadful Gladiator's Kodohide Robes,Leatherworking,discovery,500,wh:learn,605,db2,615,db2,610,500,605,610,615,500,discovery,False
137821,Crafted Dreadful Gladiator's Kodohide Spaulders,Leatherworking,discovery,500,wh:learn,605,db2,615,db2,610,500,605,610,615,500,discovery,False
137822,Crafted Dreadful Gladiator's Belt of Cruelty,Leatherworking,discovery,500,wh:learn,605,db2,615,db2,610,500,605,610,615,500,discovery,False
137823,Crafted Dreadful Gladiator's Leather Footguards of Alacrity,Leatherworking,discovery,500,wh:learn,605,db2,615,db2,610,500,605,610,615,500,discovery,False
137824,Crafted Dreadful Gladiator's Bindings of Prowess,Leatherworking,discovery,500,wh:learn,605,db2,615,db2,610,500,605,610,615,500,discovery,False
137825,Crafted Dreadful Gladiator's Wyrmhide Gloves,Leatherworking,discovery,500,wh:learn,605,db2,615,db2,610,500,605,610,615,500,discovery,False
137826,Crafted Dreadful Gladiator's Wyrmhide Helm,Leatherworking,discovery,500,wh:learn,605,db2,615,db2,610,500,605,610,615,500,discovery,False
137827,Crafted Dreadful Gladiator's Wyrmhide Legguards,Leatherworking,discovery,500,wh:learn,605,db2,615,db2,610,500,605,610,615,500,discovery,False
137828,Crafted Dreadful Gladiator's Wyrmhide Robes,Leatherworking,discovery,500,wh:learn,605,db2,615,db2,610,500,605,610,615,500,discovery,False
137829,Crafted Dreadful Gladiator's Wyrmhide Spaulders,Leatherworking,discovery,500,wh:learn,605,db2,615,db2,610,500,605,610,615,500,discovery,False
137830,Crafted Dreadful Gladiator's Waistband of Cruelty,Leatherworking,discovery,500,wh:learn,605,db2,615,db2,610,500,605,610,615,500,discovery,False
137831,Crafted Dreadful Gladiator's Boots of Alacrity,Leatherworking,discovery,500,wh:learn,605,db2,615,db2,610,500,605,610,615,500,discovery,False
137832,Crafted Dreadful Gladiator's Armwraps of Accuracy,Leatherworking,discovery,500,wh:learn,605,db2,615,db2,610,500,605,610,615,500,discovery,False
137833,Crafted Dreadful Gladiator's Ironskin Gloves,Leatherworking,discovery,500,wh:learn,605,db2,615,db2,610,500,605,610,615,500,discovery,False
137834,Crafted Dreadful Gladiator's Ironskin Helm,Leatherworking,discovery,500,wh:learn,605,db2,615,db2,610,500,605,610,615,500,discovery,False
137835,Crafted Dreadful Gladiator's Ironskin Legguards,Leatherworking,discovery,500,wh:learn,605,db2,615,db2,610,500,605,610,615,500,discovery,False
137836,Crafted Dreadful Gladiator's Ironskin Spaulders,Leatherworking,discovery,500,wh:learn,605,db2,615,db2,610,500,605,610,615,500,discovery,False
137837,Crafted Dreadful Gladiator's Ironskin Tunic,Leatherworking,discovery,500,wh:learn,605,db2,615,db2,610,500,605,610,615,500,discovery,False
137838,Crafted Dreadful Gladiator's Copperskin Gloves,Leatherworking,discovery,500,wh:learn,605,db2,615,db2,610,500,605,610,615,500,discovery,False
137839,Crafted Dreadful Gladiator's Copperskin Helm,Leatherworking,discovery,500,wh:learn,605,db2,615,db2,610,500,605,610,615,500,discovery,False
137840,Crafted Dreadful Gladiator's Copperskin Legguards,Leatherworking,discovery,500,wh:learn,605,db2,615,db2,610,500,605,610,615,500,discovery,False
137841,Crafted Dreadful Gladiator's Copperskin Spaulders,Leatherworking,discovery,500,wh:learn,605,db2,615,db2,610,500,605,610,615,500,discovery,False
137842,Crafted Dreadful Gladiator's Copperskin Tunic,Leatherworking,discovery,500,wh:learn,605,db2,615,db2,610,500,605,610,615,500,discovery,False
137843,Crafted Dreadful Gladiator's Waistband of Accuracy,Leatherworking,discovery,500,wh:learn,605,db2,615,db2,610,500,605,610,615,500,discovery,False
137844,Crafted Dreadful Gladiator's Boots of Cruelty,Leatherworking,discovery,500,wh:learn,605,db2,615,db2,610,500,605,610,615,500,discovery,False
137845,Crafted Dreadful Gladiator's Armwraps of Alacrity,Leatherworking,discovery,500,wh:learn,605,db2,615,db2,610,500,605,610,615,500,discovery,False
137846,Crafted Dreadful Gladiator's Leather Tunic,Leatherworking,discovery,500,wh:learn,605,db2,615,db2,610,500,605,610,615,500,discovery,False
137847,Crafted Dreadful Gladiator's Leather Gloves,Leatherworking,discovery,500,wh:learn,605,db2,615,db2,610,500,605,610,615,500,discovery,False
137848,Crafted Dreadful Gladiator's Leather Helm,Leatherworking,discovery,500,wh:learn,605,db2,615,db2,610,500,605,610,615,500,discovery,False
137849,Crafted Dreadful Gladiator's Leather Legguards,Leatherworking,discovery,500,wh:learn,605,db2,615,db2,610,500,605,610,615,500,discovery,False
137850,Crafted Dreadful Gladiator's Leather Spaulders,Leatherworking,discovery,500,wh:learn,605,db2,615,db2,610,500,605,610,615,500,discovery,False
137851,Crafted Dreadful Gladiator's Links of Cruelty,Leatherworking,discovery,500,wh:learn,605,db2,615,db2,610,500,605,610,615,500,discovery,False
137852,Crafted Dreadful Gladiator's Links of Accuracy,Leatherworking,discovery,500,wh:learn,605,db2,615,db2,610,500,605,610,615,500,discovery,False
137853,Crafted Dreadful Gladiator's Sabatons of Cruelty,Leatherworking,discovery,500,wh:learn,605,db2,615,db2,610,500,605,610,615,500,discovery,False
137854,Crafted Dreadful Gladiator's Sabatons of Alacrity,Leatherworking,discovery,500,wh:learn,605,db2,615,db2,610,500,605,610,615,500,discovery,False
137855,Crafted Dreadful Gladiator's Wristguards of Alacrity,Leatherworking,discovery,500,wh:learn,605,db2,615,db2,610,500,605,610,615,500,discovery,False
137856,Crafted Dreadful Gladiator's Wristguards of Accuracy,Leatherworking,discovery,500,wh:learn,605,db2,615,db2,610,500,605,610,615,500,discovery,False
137857,Crafted Dreadful Gladiator's Chain Armor,Leatherworking,discovery,500,wh:learn,605,db2,615,db2,610,500,605,610,615,500,discovery,False
137858,Crafted Dreadful Gladiator's Chain Gauntlets,Leatherworking,discovery,500,wh:learn,605,db2,615,db2,610,500,605,610,615,500,discovery,False
137859,Crafted Dreadful Gladiator's Chain Helm,Leatherworking,discovery,500,wh:learn,605,db2,615,db2,610,500,605,610,615,500,discovery,False
137860,Crafted Dreadful Gladiator's Chain Leggings,Leatherworking,discovery,500,wh:learn,605,db2,615,db2,610,500,605,610,615,500,discovery,False
137861,Crafted Dreadful Gladiator's Chain Spaulders,Leatherworking,discovery,500,wh:learn,605,db2,615,db2,610,500,605,610,615,500,discovery,False
137862,Crafted Dreadful Gladiator's Waistguard of Meditation,Leatherworking,discovery,500,wh:learn,605,db2,615,db2,610,500,605,610,615,500,discovery,False
137863,Crafted Dreadful Gladiator's Mail Footguards of Alacrity,Leatherworking,discovery,500,wh:learn,605,db2,615,db2,610,500,605,610,615,500,discovery,False
137864,Crafted Dreadful Gladiator's Mail Footguards of Meditation,Leatherworking,discovery,500,wh:learn,605,db2,615,db2,610,500,605,610,615,500,discovery,False
137865,Crafted Dreadful Gladiator's Armbands of Prowess,Leatherworking,discovery,500,wh:learn,605,db2,615,db2,610,500,605,610,615,500,discovery,False
137866,Crafted Dreadful Gladiator's Armbands of Meditation,Leatherworking,discovery,500,wh:learn,605,db2,615,db2,610,500,605,610,615,500,discovery,False
137867,Crafted Dreadful Gladiator's Ringmail Armor,Leatherworking,discovery,500,wh:learn,605,db2,615,db2,610,500,605,610,615,500,discovery,False
137868,Crafted Dreadful Gladiator's Ringmail Gauntlets,Leatherworking,discovery,500,wh:learn,605,db2,615,db2,610,500,605,610,615,500,discovery,False
137869,Crafted Dreadful Gladiator's Ringmail Helm,Leatherworking,discovery,500,wh:learn,605,db2,615,db2,610,500,605,610,615,500,discovery,False
137870,Crafted Dreadful Gladiator's Ringmail Leggings,Leatherworking,discovery,500,wh:learn,605,db2,615,db2,610,500,605,610,615,500,discovery,False
137871,Crafted Dreadful Gladiator's Ringmail Spaulders,Leatherworking,discovery,500,wh:learn,605,db2,615,db2,610,500,605,610,615,500,discovery,False
137872,Crafted Dreadful Gladiator's Linked Armor,Leatherworking,discovery,500,wh:learn,605,db2,615,db2,610,500,605,610,615,500,discovery,False
137873,Crafted Dreadful Gladiator's Linked Gauntlets,Leatherworking,discovery,500,wh:learn,605,db2,615,db2,610,500,605,610,615,500,discovery,False
137874,Crafted Dreadful Gladiator's Linked Helm,Leatherworking,discovery,500,wh:learn,605,db2,615,db2,610,500,605,610,615,500,discovery,False
137875,Crafted Dreadful Gladiator's Linked Leggings,Leatherworking,discovery,500,wh:learn,605,db2,615,db2,610,500,605,610,615,500,discovery,False
137876,Crafted Dreadful Gladiator's Linked Spaulders,Leatherworking,discovery,500,wh:learn,605,db2,615,db2,610,500,605,610,615,500,discovery,False
137877,Crafted Dreadful Gladiator's Waistguard of Cruelty,Leatherworking,discovery,500,wh:learn,605,db2,615,db2,610,500,605,610,615,500,discovery,False
137878,Crafted Dreadful Gladiator's Mail Armor,Leatherworking,discovery,500,wh:learn,605,db2,615,db2,610,500,605,610,615,500,discovery,False
137879,Crafted Dreadful Gladiator's Mail Gauntlets,Leatherworking,discovery,500,wh:learn,605,db2,615,db2,610,500,605,610,615,500,discovery,False
137880,Crafted Dreadful Gladiator's Mail Helm,Leatherworking,discovery,500,wh:learn,605,db2,615,db2,610,500,605,610,615,500,discovery,False
137881,Crafted Dreadful Gladiator's Mail Leggings,Leatherworking,discovery,500,wh:learn,605,db2,615,db2,610,500,605,610,615,500,discovery,False
137882,Crafted Dreadful Gladiator's Mail Spaulders,Leatherworking,discovery,500,wh:learn,605,db2,615,db2,610,500,605,610,615,500,discovery,False
138589,Quilen Hide Boots,Leatherworking,discovery,500,wh:learn,605,db2,615,db2,610,500,605,610,615,500,discovery,False
138590,Quilen Hide Helm,Leatherworking,discovery,500,wh:learn,605,db2,615,db2,610,500,605,610,615,500,discovery,False
138591,Dreadrunner Sabatons,Leatherworking,discovery,500,wh:learn,605,db2,615,db2,610,500,605,610,615,500,discovery,False
138592,Dreadrunner Helm,Leatherworking,discovery,500,wh:learn,605,db2,615,db2,610,500,605,610,615,500,discovery,False
138593,Spirit Keeper Footguards,Leatherworking,discovery,500,wh:learn,605,db2,615,db2,610,500,605,610,615,500,discovery,False
138594,Spirit Keeper Helm,Leatherworking,discovery,500,wh:learn,605,db2,615,db2,610,500,605,610,615,500,discovery,False
138595,Cloud Serpent Sabatons,Leatherworking,discovery,500,wh:learn,605,db2,615,db2,610,500,605,610,615,500,discovery,False
138596,Cloud Serpent Helm,Leatherworking,discovery,500,wh:learn,605,db2,615,db2,610,500,605,610,615,500,discovery,False
140040,Magnificence of Leather,Leatherworking,item,500,db2:item-req,605,db2,615,db2,610,500,605,610,615,500,quest,False
140041,Magnificence of Scales,Leatherworking,item,500,db2:item-req,605,db2,615,db2,610,500,605,610,615,500,quest,False
140185,Magnificent Hide Pack,Leatherworking,discovery,500,wh:learn,595,db2,600,db2,597,500,595,597,600,500,discovery,False
142952,Pennyroyal Leggings,Leatherworking,discovery,605,wh:learn,605,db2,618,db2,611,0,605,611,618,605,discovery,False
142953,Krasari Prowler Britches,Leatherworking,discovery,605,wh:learn,605,db2,618,db2,611,0,605,611,618,605,discovery,False
142956,Snow Lily Britches,Leatherworking,discovery,605,wh:learn,605,db2,618,db2,611,0,605,611,618,605,discovery,False
142957,Gorge Stalker Legplates,Leatherworking,discovery,605,wh:learn,605,db2,618,db2,611,0,605,611,618,605,discovery,False
142961,Pennyroyal Belt,Leatherworking,discovery,605,wh:learn,605,db2,618,db2,611,0,605,611,618,605,discovery,False
142962,Krasari Prowler Belt,Leatherworking,discovery,605,wh:learn,605,db2,618,db2,611,0,605,611,618,605,discovery,False
142965,Snow Lily Belt,Leatherworking,discovery,605,wh:learn,605,db2,618,db2,611,0,605,611,618,605,discovery,False
142966,Gorge Stalker Belt,Leatherworking,discovery,605,wh:learn,605,db2,618,db2,611,0,605,611,618,605,discovery,False
142976,Hardened Magnificent Hide,Leatherworking,item,600,db2:book-req,605,db2,619,db2,612,0,605,612,619,605,,False
143089,Crafted Malevolent Gladiator's Dragonhide Gloves,Leatherworking,discovery,605,wh:learn,605,db2,616,db2,610,0,605,610,616,605,discovery,False
143090,Crafted Malevolent Gladiator's Dragonhide Helm,Leatherworking,discovery,605,wh:learn,605,db2,616,db2,610,0,605,610,616,605,discovery,False
143091,Crafted Malevolent Gladiator's Dragonhide Legguards,Leatherworking,discovery,605,wh:learn,605,db2,616,db2,610,0,605,610,616,605,discovery,False
143092,Crafted Malevolent Gladiator's Dragonhide Robes,Leatherworking,discovery,605,wh:learn,605,db2,616,db2,610,0,605,610,616,605,discovery,False
143093,Crafted Malevolent Gladiator's Dragonhide Spaulders,Leatherworking,discovery,605,wh:learn,605,db2,616,db2,610,0,605,610,616,605,discovery,False
143094,Crafted Malevolent Gladiator's Belt of Meditation,Leatherworking,discovery,605,wh:learn,605,db2,616,db2,610,0,605,610,616,605,discovery,False
143095,Crafted Malevolent Gladiator's Footguards of Meditation,Leatherworking,discovery,605,wh:learn,605,db2,616,db2,610,0,605,610,616,605,discovery,False
143096,Crafted Malevolent Gladiator's Bindings of Meditation,Leatherworking,discovery,605,wh:learn,605,db2,616,db2,610,0,605,610,616,605,discovery,False
143097,Crafted Malevolent Gladiator's Kodohide Gloves,Leatherworking,discovery,605,wh:learn,605,db2,616,db2,610,0,605,610,616,605,discovery,False
143098,Crafted Malevolent Gladiator's Kodohide Helm,Leatherworking,discovery,605,wh:learn,605,db2,616,db2,610,0,605,610,616,605,discovery,False
143099,Crafted Malevolent Gladiator's Kodohide Legguards,Leatherworking,discovery,605,wh:learn,605,db2,616,db2,610,0,605,610,616,605,discovery,False
143100,Crafted Malevolent Gladiator's Kodohide Robes,Leatherworking,discovery,605,wh:learn,605,db2,616,db2,610,0,605,610,616,605,discovery,False
143101,Crafted Malevolent Gladiator's Kodohide Spaulders,Leatherworking,discovery,605,wh:learn,605,db2,616,db2,610,0,605,610,616,605,discovery,False
143102,Crafted Malevolent Gladiator's Belt of Cruelty,Leatherworking,discovery,605,wh:learn,605,db2,616,db2,610,0,605,610,616,605,discovery,False
143103,Crafted Malevolent Gladiator's Footguards of Alacrity,Leatherworking,discovery,605,wh:learn,605,db2,616,db2,610,0,605,610,616,605,discovery,False
143104,Crafted Malevolent Gladiator's Bindings of Prowess,Leatherworking,discovery,605,wh:learn,605,db2,616,db2,610,0,605,610,616,605,discovery,False
143105,Crafted Malevolent Gladiator's Wyrmhide Gloves,Leatherworking,discovery,605,wh:learn,605,db2,616,db2,610,0,605,610,616,605,discovery,False
143106,Crafted Malevolent Gladiator's Wyrmhide Helm,Leatherworking,discovery,605,wh:learn,605,db2,616,db2,610,0,605,610,616,605,discovery,False
143107,Crafted Malevolent Gladiator's Wyrmhide Legguards,Leatherworking,discovery,605,wh:learn,605,db2,616,db2,610,0,605,610,616,605,discovery,False
143108,Crafted Malevolent Gladiator's Wyrmhide Robes,Leatherworking,discovery,605,wh:learn,605,db2,616,db2,610,0,605,610,616,605,discovery,False
143109,Crafted Malevolent Gladiator's Wyrmhide Spaulders,Leatherworking,discovery,605,wh:learn,605,db2,616,db2,610,0,605,610,616,605,discovery,False
143110,Crafted Malevolent Gladiator's Waistband of Cruelty,Leatherworking,discovery,605,wh:learn,605,db2,616,db2,610,0,605,610,616,605,discovery,False
143111,Crafted Malevolent Gladiator's Boots of Alacrity,Leatherworking,discovery,605,wh:learn,605,db2,616,db2,610,0,605,610,616,605,discovery,False
143112,Crafted Malevolent Gladiator's Armwraps of Accuracy,Leatherworking,discovery,605,wh:learn,605,db2,616,db2,610,0,605,610,616,605,discovery,False
143113,Crafted Malevolent Gladiator's Ironskin Gloves,Leatherworking,discovery,605,wh:learn,605,db2,616,db2,610,0,605,610,616,605,discovery,False
143114,Crafted Malevolent Gladiator's Ironskin Helm,Leatherworking,discovery,605,wh:learn,605,db2,616,db2,610,0,605,610,616,605,discovery,False
143115,Crafted Malevolent Gladiator's Ironskin Legguards,Leatherworking,discovery,605,wh:learn,605,db2,616,db2,610,0,605,610,616,605,discovery,False
143116,Crafted Malevolent Gladiator's Ironskin Spaulders,Leatherworking,discovery,605,wh:learn,605,db2,616,db2,610,0,605,610,616,605,discovery,False
143117,Crafted Malevolent Gladiator's Ironskin Tunic,Leatherworking,discovery,605,wh:learn,605,db2,616,db2,610,0,605,610,616,605,discovery,False
143118,Crafted Malevolent Gladiator's Copperskin Gloves,Leatherworking,discovery,605,wh:learn,605,db2,616,db2,610,0,605,610,616,605,discovery,False
143119,Crafted Malevolent Gladiator's Copperskin Helm,Leatherworking,discovery,605,wh:learn,605,db2,616,db2,610,0,605,610,616,605,discovery,False
143120,Crafted Malevolent Gladiator's Copperskin Legguards,Leatherworking,discovery,605,wh:learn,605,db2,616,db2,610,0,605,610,616,605,discovery,False
143121,Crafted Malevolent Gladiator's Copperskin Spaulders,Leatherworking,discovery,605,wh:learn,605,db2,616,db2,610,0,605,610,616,605,discovery,False
143122,Crafted Malevolent Gladiator's Copperskin Tunic,Leatherworking,discovery,605,wh:learn,605,db2,616,db2,610,0,605,610,616,605,discovery,False
143123,Crafted Malevolent Gladiator's Waistband of Accuracy,Leatherworking,discovery,605,wh:learn,605,db2,616,db2,610,0,605,610,616,605,discovery,False
143124,Crafted Malevolent Gladiator's Boots of Cruelty,Leatherworking,discovery,605,wh:learn,605,db2,616,db2,610,0,605,610,616,605,discovery,False
143125,Crafted Malevolent Gladiator's Armwraps of Alacrity,Leatherworking,discovery,605,wh:learn,605,db2,616,db2,610,0,605,610,616,605,discovery,False
143126,Crafted Malevolent Gladiator's Leather Tunic,Leatherworking,discovery,605,wh:learn,605,db2,616,db2,610,0,605,610,616,605,discovery,False
143127,Crafted Malevolent Gladiator's Leather Gloves,Leatherworking,discovery,605,wh:learn,605,db2,616,db2,610,0,605,610,616,605,discovery,False
143128,Crafted Malevolent Gladiator's Leather Helm,Leatherworking,discovery,605,wh:learn,605,db2,616,db2,610,0,605,610,616,605,discovery,False
143129,Crafted Malevolent Gladiator's Leather Legguards,Leatherworking,discovery,605,wh:learn,605,db2,616,db2,610,0,605,610,616,605,discovery,False
143130,Crafted Malevolent Gladiator's Leather Spaulders,Leatherworking,discovery,605,wh:learn,605,db2,616,db2,610,0,605,610,616,605,discovery,False
143131,Crafted Malevolent Gladiator's Links of Cruelty,Leatherworking,discovery,605,wh:learn,605,db2,616,db2,610,0,605,610,616,605,discovery,False
143132,Crafted Malevolent Gladiator's Links of Accuracy,Leatherworking,discovery,605,wh:learn,605,db2,616,db2,610,0,605,610,616,605,discovery,False
143133,Crafted Malevolent Gladiator's Sabatons of Cruelty,Leatherworking,discovery,605,wh:learn,605,db2,616,db2,610,0,605,610,616,605,discovery,False
143134,Crafted Malevolent Gladiator's Sabatons of Alacrity,Leatherworking,discovery,605,wh:learn,605,db2,616,db2,610,0,605,610,616,605,discovery,False
143135,Crafted Malevolent Gladiator's Wristguards of Alacrity,Leatherworking,discovery,605,wh:learn,605,db2,616,db2,610,0,605,610,616,605,discovery,False
143136,Crafted Malevolent Gladiator's Wristguards of Accuracy,Leatherworking,discovery,605,wh:learn,605,db2,616,db2,610,0,605,610,616,605,discovery,False
143137,Crafted Malevolent Gladiator's Chain Armor,Leatherworking,discovery,605,wh:learn,605,db2,616,db2,610,0,605,610,616,605,discovery,False
143138,Crafted Malevolent Gladiator's Chain Gauntlets,Leatherworking,discovery,605,wh:learn,605,db2,616,db2,610,0,605,610,616,605,discovery,False
143139,Crafted Malevolent Gladiator's Chain Helm,Leatherworking,discovery,605,wh:learn,605,db2,616,db2,610,0,605,610,616,605,discovery,False
143140,Crafted Malevolent Gladiator's Chain Leggings,Leatherworking,discovery,605,wh:learn,605,db2,616,db2,610,0,605,610,616,605,discovery,False
143141,Crafted Malevolent Gladiator's Chain Spaulders,Leatherworking,discovery,605,wh:learn,605,db2,616,db2,610,0,605,610,616,605,discovery,False
143142,Crafted Malevolent Gladiator's Waistguard of Meditation,Leatherworking,discovery,605,wh:learn,605,db2,616,db2,610,0,605,610,616,605,discovery,False
143143,Crafted Malevolent Gladiator's Footguards of Alacrity,Leatherworking,discovery,605,wh:learn,605,db2,616,db2,610,0,605,610,616,605,discovery,False
143144,Crafted Malevolent Gladiator's Footguards of Meditation,Leatherworking,discovery,605,wh:learn,605,db2,616,db2,610,0,605,610,616,605,discovery,False
143145,Crafted Malevolent Gladiator's Armbands of Prowess,Leatherworking,discovery,605,wh:learn,605,db2,616,db2,610,0,605,610,616,605,discovery,False
143146,Crafted Malevolent Gladiator's Armbands of Meditation,Leatherworking,discovery,605,wh:learn,605,db2,616,db2,610,0,605,610,616,605,discovery,False
143147,Crafted Malevolent Gladiator's Ringmail Armor,Leatherworking,discovery,605,wh:learn,605,db2,616,db2,610,0,605,610,616,605,discovery,False
143148,Crafted Malevolent Gladiator's Ringmail Gauntlets,Leatherworking,discovery,605,wh:learn,605,db2,616,db2,610,0,605,610,616,605,discovery,False
143149,Crafted Malevolent Gladiator's Ringmail Helm,Leatherworking,discovery,605,wh:learn,605,db2,616,db2,610,0,605,610,616,605,discovery,False
143150,Crafted Malevolent Gladiator's Ringmail Leggings,Leatherworking,discovery,605,wh:learn,605,db2,616,db2,610,0,605,610,616,605,discovery,False
143151,Crafted Malevolent Gladiator's Ringmail Spaulders,Leatherworking,discovery,605,wh:learn,605,db2,616,db2,610,0,605,610,616,605,discovery,False
143152,Crafted Malevolent Gladiator's Linked Armor,Leatherworking,discovery,605,wh:learn,605,db2,616,db2,610,0,605,610,616,605,discovery,False
143153,Crafted Malevolent Gladiator's Linked Gauntlets,Leatherworking,discovery,605,wh:learn,605,db2,616,db2,610,0,605,610,616,605,discovery,False
143154,Crafted Malevolent Gladiator's Linked Helm,Leatherworking,discovery,605,wh:learn,605,db2,616,db2,610,0,605,610,616,605,discovery,False
143155,Crafted Malevolent Gladiator's Linked Leggings,Leatherworking,discovery,605,wh:learn,605,db2,616,db2,610,0,605,610,616,605,discovery,False
143156,Crafted Malevolent Gladiator's Linked Spaulders,Leatherworking,discovery,605,wh:learn,605,db2,616,db2,610,0,605,610,616,605,discovery,False
143157,Crafted Malevolent Gladiator's Waistguard of Cruelty,Leatherworking,discovery,605,wh:learn,605,db2,616,db2,610,0,605,610,616,605,discovery,False
143158,Crafted Malevolent Gladiator's Mail Armor,Leatherworking,discovery,605,wh:learn,605,db2,616,db2,610,0,605,610,616,605,discovery,False
143159,Crafted Malevolent Gladiator's Mail Gauntlets,Leatherworking,discovery,605,wh:learn,605,db2,616,db2,610,0,605,610,616,605,discovery,False
143160,Crafted Malevolent Gladiator's Mail Helm,Leatherworking,discovery,605,wh:learn,605,db2,616,db2,610,0,605,610,616,605,discovery,False
143161,Crafted Malevolent Gladiator's Mail Leggings,Leatherworking,discovery,605,wh:learn,605,db2,616,db2,610,0,605,610,616,605,discovery,False
143162,Crafted Malevolent Gladiator's Mail Spaulders,Leatherworking,discovery,605,wh:learn,605,db2,616,db2,610,0,605,610,616,605,discovery,False
146613,Drums of Rage,Leatherworking,item,600,db2:item-req,595,db2,600,db2,597,0,0,600,600,600,quest,False
146923,Accelerated Hardened Magnificent Hide,Leatherworking,item,600,db2:book-req,605,db2,619,db2,612,0,605,612,619,605,,False
351766,Greater Drums of War,Leatherworking,item,340,wh:learn<item,340,db2,355,db2,347,340,340,347,355,340,,False
351768,Greater Drums of Speed,Leatherworking,item,345,db2:item-req,345,db2,360,db2,352,345,345,352,360,345,world,False
351769,Greater Drums of Restoration,Leatherworking,item,350,db2:item-req,350,db2,365,db2,357,350,350,357,365,350,world,False
351770,Greater Drums of Panic,Leatherworking,item,370,db2:item-req,370,db2,385,db2,377,370,370,377,385,370,world,False
351771,Greater Drums of Battle,Leatherworking,item,365,db2:item-req,365,db2,380,db2,372,365,365,372,380,365,world,False
1216335,Bloodthirsty Fur Cloak,Leatherworking,discovery?,510,wh:learn,510,db2,515,db2,512,0,510,512,515,510,,False
1216336,Bloodthirsty Hide Cloak,Leatherworking,discovery?,510,wh:learn,510,db2,515,db2,512,0,510,512,515,510,,False
1224138,Vicious Charscale Belt,Leatherworking,item,515,db2:item-req,515,db2,525,db2,520,515,515,520,525,515,world,False
1224139,Vicious Charscale Boots,Leatherworking,item,515,db2:item-req,520,db2,530,db2,525,515,520,525,530,515,world,False
1224140,Vicious Charscale Bracers,Leatherworking,item,510,db2:item-req,505,db2,515,db2,510,0,510,510,515,510,world,False
1224141,Vicious Charscale Chest,Leatherworking,item,525,db2:item-req,525,db2,535,db2,530,525,525,530,535,525,world,False
1224142,Vicious Charscale Gloves,Leatherworking,item,510,db2:item-req,525,db2,535,db2,530,510,525,530,535,510,world,False
1224143,Vicious Charscale Helm,Leatherworking,item,525,db2:item-req,525,db2,535,db2,530,525,525,530,535,525,world,False
1224144,Vicious Charscale Legs,Leatherworking,item,520,db2:item-req,525,db2,535,db2,530,520,525,530,535,520,world,False
1224145,Vicious Charscale Shoulders,Leatherworking,item,520,db2:item-req,515,db2,525,db2,520,0,520,520,525,520,world,False
1224146,Vicious Dragonscale Belt,Leatherworking,item,520,db2:item-req,515,db2,525,db2,520,0,520,520,525,520,world,False
1224147,Vicious Dragonscale Boots,Leatherworking,item,515,db2:item-req,520,db2,530,db2,525,515,520,525,530,515,world,False
1224148,Vicious Dragonscale Bracers,Leatherworking,item,510,db2:item-req,505,db2,515,db2,510,0,510,510,515,510,world,False
1224149,Vicious Dragonscale Chest,Leatherworking,item,525,db2:item-req,525,db2,535,db2,530,525,525,530,535,525,world,False
1224150,Vicious Dragonscale Gloves,Leatherworking,item,515,db2:item-req,525,db2,535,db2,530,515,525,530,535,515,world,False
1224151,Vicious Dragonscale Helm,Leatherworking,item,520,db2:item-req,525,db2,535,db2,530,520,525,530,535,520,world,False
1224152,Vicious Dragonscale Legs,Leatherworking,item,525,db2:item-req,525,db2,535,db2,530,525,525,530,535,525,world,False
1224153,Vicious Dragonscale Shoulders,Leatherworking,item,510,db2:item-req,515,db2,525,db2,520,510,515,520,525,510,world,False
1224170,Vicious Leather Belt,Leatherworking,item,520,db2:item-req,515,db2,525,db2,520,0,520,520,525,520,world,False
1224171,Vicious Leather Boots,Leatherworking,item,515,db2:item-req,520,db2,530,db2,525,515,520,525,530,515,world,False
1224172,Vicious Leather Bracers,Leatherworking,item,510,db2:item-req,505,db2,515,db2,510,0,510,510,515,510,world,False
1224173,Vicious Leather Chest,Leatherworking,item,525,db2:item-req,525,db2,535,db2,530,525,525,530,535,525,world,False
1224174,Vicious Leather Gloves,Leatherworking,item,510,db2:item-req,525,db2,535,db2,530,510,525,530,535,510,world,False
1224175,Vicious Leather Helm,Leatherworking,item,520,db2:item-req,525,db2,535,db2,530,520,525,530,535,520,world,False
1224176,Vicious Leather Legs,Leatherworking,item,525,db2:item-req,525,db2,535,db2,530,525,525,530,535,525,world,False
1224177,Vicious Leather Shoulders,Leatherworking,item,515,db2:item-req,515,db2,525,db2,520,515,515,520,525,515,world,False
1224194,Vicious Wyrmhide Belt,Leatherworking,item,510,db2:item-req,515,db2,525,db2,520,510,515,520,525,510,world,False
1224195,Vicious Wyrmhide Boots,Leatherworking,item,515,db2:item-req,520,db2,530,db2,525,515,520,525,530,515,world,False
1224196,Vicious Wyrmhide Bracers,Leatherworking,item,510,db2:item-req,505,db2,515,db2,510,0,510,510,515,510,world,False
1224197,Vicious Wyrmhide Chest,Leatherworking,item,520,db2:item-req,525,db2,535,db2,530,520,525,530,535,520,world,False
1224198,Vicious Wyrmhide Gloves,Leatherworking,item,515,db2:item-req,525,db2,535,db2,530,515,525,530,535,515,world,False
1224199,Vicious Wyrmhide Helm,Leatherworking,item,525,db2:item-req,525,db2,535,db2,530,525,525,530,535,525,world,False
1224200,Vicious Wyrmhide Legs,Leatherworking,item,525,db2:item-req,525,db2,535,db2,530,525,525,530,535,525,world,False
1224201,Vicious Wyrmhide Shoulders,Leatherworking,item,520,db2:item-req,515,db2,525,db2,520,0,520,520,525,520,world,False
1224240,Bloodied Wyrmhide Bracers,Leatherworking,item,510,db2:item-req,505,db2,515,db2,510,0,510,510,515,510,world,False
1224241,Bloodied Wyrmhide Belt,Leatherworking,item,510,db2:item-req,515,db2,525,db2,520,510,515,520,525,510,world,False
1224242,Bloodied Leather Bracers,Leatherworking,item,510,db2:item-req,505,db2,515,db2,510,0,510,510,515,510,world,False
1224243,Bloodied Leather Gloves,Leatherworking,item,510,db2:item-req,525,db2,535,db2,530,510,525,530,535,510,world,False
1224244,Bloodied Scale Bracers,Leatherworking,item,510,db2:item-req,505,db2,515,db2,510,0,510,510,515,510,world,False
1224245,Bloodied Scale Gloves,Leatherworking,item,510,db2:item-req,525,db2,535,db2,530,510,525,530,535,510,world,False
1224246,Bloodied Dragonscale Bracers,Leatherworking,item,510,db2:item-req,505,db2,515,db2,510,0,510,510,515,510,world,False
1224247,Bloodied Dragonscale Shoulders,Leatherworking,item,510,db2:item-req,515,db2,525,db2,520,510,515,520,525,510,world,False
1224248,Bloodied Wyrmhide Gloves,Leatherworking,item,515,db2:item-req,525,db2,535,db2,530,515,525,530,535,515,world,False
1224249,Bloodied Wyrmhide Boots,Leatherworking,item,515,db2:item-req,520,db2,530,db2,525,515,520,525,530,515,world,False
1224250,Bloodied Leather Boots,Leatherworking,item,515,db2:item-req,520,db2,530,db2,525,515,520,525,530,515,world,False
1224251,Bloodied Leather Shoulders,Leatherworking,item,515,db2:item-req,515,db2,525,db2,520,515,515,520,525,515,world,False
1224252,Bloodied Scale Boots,Leatherworking,item,515,db2:item-req,520,db2,530,db2,525,515,520,525,530,515,world,False
1224253,Bloodied Scale Belt,Leatherworking,item,515,db2:item-req,515,db2,525,db2,520,515,515,520,525,515,world,False
1224254,Bloodied Dragonscale Boots,Leatherworking,item,515,db2:item-req,520,db2,530,db2,525,515,520,525,530,515,world,False
1224255,Bloodied Dragonscale Gloves,Leatherworking,item,515,db2:item-req,525,db2,535,db2,530,515,525,530,535,515,world,False
1224256,Bloodied Wyrmhide Shoulders,Leatherworking,item,520,db2:item-req,515,db2,525,db2,520,0,520,520,525,520,world,False
1224257,Bloodied Wyrmhide Chest,Leatherworking,item,520,db2:item-req,525,db2,535,db2,530,520,525,530,535,520,world,False
1224258,Bloodied Leather Belt,Leatherworking,item,520,db2:item-req,515,db2,525,db2,520,0,520,520,525,520,world,False
1224259,Bloodied Leather Helm,Leatherworking,item,520,db2:item-req,525,db2,535,db2,530,520,525,530,535,520,world,False
1224260,Bloodied Scale Shoulders,Leatherworking,item,520,db2:item-req,515,db2,525,db2,520,0,520,520,525,520,world,False
1224261,Bloodied Scale Legs,Leatherworking,item,520,db2:item-req,525,db2,535,db2,530,520,525,530,535,520,world,False
1224262,Bloodied Dragonscale Belt,Leatherworking,item,520,db2:item-req,515,db2,525,db2,520,0,520,520,525,520,world,False
1224263,Bloodied Dragonscale Helm,Leatherworking,item,520,db2:item-req,525,db2,535,db2,530,520,525,530,535,520,world,False
1224264,Bloodied Wyrmhide Legs,Leatherworking,item,525,db2:item-req,525,db2,535,db2,530,525,525,530,535,525,world,False
1224265,Bloodied Wyrmhide Helm,Leatherworking,item,525,db2:item-req,525,db2,535,db2,530,525,525,530,535,525,world,False
1224266,Bloodied Leather Chest,Leatherworking,item,525,db2:item-req,525,db2,535,db2,530,525,525,530,535,525,world,False
1224267,Bloodied Leather Legs,Leatherworking,item,525,db2:item-req,525,db2,535,db2,530,525,525,530,535,525,world,False
1224268,Bloodied Scale Chest,Leatherworking,item,525,db2:item-req,525,db2,535,db2,530,525,525,530,535,525,world,False
1224269,Bloodied Scale Helm,Leatherworking,item,525,db2:item-req,525,db2,535,db2,530,525,525,530,535,525,world,False
1224270,Bloodied Dragonscale Legs,Leatherworking,item,525,db2:item-req,525,db2,535,db2,530,525,525,530,535,525,world,False
1224271,Bloodied Dragonscale Chest,Leatherworking,item,525,db2:item-req,525,db2,535,db2,530,525,525,530,535,525,world,False
2657,Smelt Copper,Mining,auto,1,rule:orange1,20,db2,60,db2,40,0,20,40,60,20,,False
2658,Smelt Silver,Mining,trainer,65,wh:learn,100,db2,110,db2,105,65,100,105,110,65,trainer,False
2659,Smelt Bronze,Mining,trainer,50,wh:learn,50,db2,100,db2,75,50,50,75,100,50,trainer,False
3304,Smelt Tin,Mining,trainer,50,wh:learn,40,db2,75,db2,57,0,50,57,75,50,trainer,False
3307,Smelt Iron,Mining,trainer,100,wh:learn,100,db2,150,db2,125,100,100,125,150,100,trainer,False
3308,Smelt Gold,Mining,trainer,115,wh:learn,150,db2,160,db2,155,115,150,155,160,115,trainer,False
3569,Smelt Steel,Mining,trainer,125,wh:learn,125,db2,135,db2,130,125,125,130,135,125,trainer,False
10097,Smelt Mithril,Mining,trainer,150,wh:learn,150,db2,200,db2,175,150,150,175,200,150,trainer,False
10098,Smelt Truesilver,Mining,trainer,165,wh:learn,200,db2,210,db2,205,165,200,205,210,165,trainer,False
14891,Smelt Dark Iron,Mining,special,300,wh:learn,300,db2,310,db2,305,0,300,305,310,300,,False
16153,Smelt Thorium,Mining,trainer,200,wh:learn,200,db2,290,db2,245,200,200,245,290,200,trainer,False
22967,Smelt Enchanted Elementium,Mining,item,300,db2:item-req,350,db2,375,db2,362,300,350,362,375,300,quest,False
29356,Smelt Fel Iron,Mining,trainer,275,wh:learn,275,db2,325,db2,300,275,275,300,325,275,trainer,False
29358,Smelt Adamantite,Mining,trainer,325,wh:learn,325,db2,340,db2,332,325,325,332,340,325,trainer,False
29359,Smelt Eternium,Mining,trainer,350,wh:learn,350,db2,365,db2,357,350,350,357,365,350,trainer,False
29360,Smelt Felsteel,Mining,trainer,350,wh:learn,340,db2,375,db2,357,0,350,357,375,350,trainer,False
29361,Smelt Khorium,Mining,trainer,375,wh:learn,385,db2,400,db2,392,375,385,392,400,375,trainer,False
29686,Smelt Hardened Adamantite,Mining,trainer,375,wh:learn,385,db2,400,db2,392,375,385,392,400,375,trainer,False
35750,Earth Shatter,Mining,trainer,300,wh:learn,300,db2,300,db2,300,300,300,300,300,300,trainer,False
35751,Fire Sunder,Mining,trainer,300,wh:learn,300,db2,300,db2,300,300,300,300,300,300,trainer,False
46353,Smelt Hardened Khorium,Mining,item,375,db2:item-req,375,db2,375,db2,375,375,375,375,375,375,quest,False
49252,Smelt Cobalt,Mining,trainer,350,wh:learn,350,db2,375,db2,362,350,350,362,375,350,trainer,False
49258,Smelt Saronite,Mining,trainer,400,wh:learn,400,db2,425,db2,412,400,400,412,425,400,trainer,False
55208,Smelt Titansteel,Mining,trainer,450,wh:learn,450,db2,450,db2,450,450,450,450,450,450,trainer,False
55211,Smelt Titanium,Mining,trainer,450,wh:learn,450,db2,450,db2,450,450,450,450,450,450,trainer,False
70524,Enchanted Thorium Bar,Mining,trainer,250,wh:learn,250,db2,290,db2,270,250,250,270,290,250,trainer,False
74529,Smelt Pyrite,Mining,trainer,525,wh:learn,525,db2,525,db2,525,525,525,525,525,525,trainer,False
74530,Smelt Elementium,Mining,trainer,475,wh:learn,450,db2,500,db2,475,0,475,475,500,475,trainer,False
74537,Smelt Hardened Elementium,Mining,trainer,500,wh:learn,475,db2,525,db2,500,0,500,500,525,500,trainer,False
84038,Smelt Obsidium,Mining,trainer,425,wh:learn,400,db2,475,db2,437,0,425,437,475,425,trainer,False
102165,Smelt Ghost Iron,Mining,trainer,500,wh:learn,475,db2,525,db2,500,0,500,500,525,500,trainer,False
102167,Smelt Trillium,Mining,trainer,600,wh:learn,600,db2,600,db2,600,600,600,600,600,600,trainer,False
2385,Brown Linen Vest,Tailoring,trainer,10,wh:learn,45,db2,70,db2,57,10,45,57,70,10,trainer,False
2386,Linen Boots,Tailoring,trainer,65,wh:learn,90,db2,125,db2,107,65,90,107,125,65,trainer,False
2387,Linen Cloak,Tailoring,auto,1,wh:grant,35,db2,60,db2,47,1,35,47,60,1,,False
2389,Red Linen Robe,Tailoring,item,40,db2:item-req,65,db2,100,db2,82,40,65,82,100,40,quest+world+questreward,False
2392,Red Linen Shirt,Tailoring,trainer,40,wh:learn,65,db2,100,db2,82,40,65,82,100,40,trainer,False
2393,White Linen Shirt,Tailoring,trainer,1,wh:learn,35,db2,60,db2,47,1,35,47,60,1,trainer,False
2394,Blue Linen Shirt,Tailoring,trainer,40,wh:learn,65,db2,100,db2,82,40,65,82,100,40,trainer,False
2395,Barbaric Linen Vest,Tailoring,trainer,70,wh:learn,95,db2,130,db2,112,70,95,112,130,70,trainer,False
2396,Green Linen Shirt,Tailoring,trainer,70,wh:learn,95,db2,130,db2,112,70,95,112,130,70,trainer,False
2397,Reinforced Linen Cape,Tailoring,trainer,60,wh:learn,85,db2,120,db2,102,60,85,102,120,60,trainer,False
2399,Green Woolen Vest,Tailoring,trainer,85,wh:learn,110,db2,145,db2,127,85,110,127,145,85,trainer,False
2401,Woolen Boots,Tailoring,trainer,95,wh:learn,120,db2,155,db2,137,95,120,137,155,95,trainer,False
2402,Woolen Cape,Tailoring,trainer,75,wh:learn,100,db2,135,db2,117,75,100,117,135,75,trainer,False
2403,Gray Woolen Robe,Tailoring,item,105,db2:item-req,130,db2,165,db2,147,105,130,147,165,105,quest+world,False
2406,Gray Woolen Shirt,Tailoring,trainer,100,wh:learn,110,db2,130,db2,120,100,110,120,130,100,trainer,False
2963,Bolt of Linen Cloth,Tailoring,auto,1,wh:grant,25,db2,50,db2,37,1,25,37,50,1,,False
2964,Bolt of Woolen Cloth,Tailoring,trainer,75,wh:learn,90,db2,105,db2,97,75,90,97,105,75,trainer,False
3755,Linen Bag,Tailoring,trainer,45,wh:learn,70,db2,105,db2,87,45,70,87,105,45,trainer,False
3757,Woolen Bag,Tailoring,trainer,80,wh:learn,105,db2,140,db2,122,80,105,122,140,80,trainer,False
3758,Green Woolen Bag,Tailoring,item,95,db2:item-req,120,db2,155,db2,137,95,120,137,155,95,quest+world+questreward,False
3813,Small Silk Pack,Tailoring,trainer,150,wh:learn,170,db2,200,db2,185,150,170,185,200,150,trainer,False
3839,Bolt of Silk Cloth,Tailoring,trainer,125,wh:learn,135,db2,145,db2,140,125,135,140,145,125,trainer,False
3840,Heavy Linen Gloves,Tailoring,trainer,35,wh:learn,60,db2,95,db2,77,35,60,77,95,35,trainer,False
3841,Green Linen Bracers,Tailoring,trainer,60,wh:learn,85,db2,120,db2,102,60,85,102,120,60,trainer,False
3842,Handstitched Linen Britches,Tailoring,trainer,70,wh:learn,95,db2,130,db2,112,70,95,112,130,70,trainer,False
3843,Heavy Woolen Gloves,Tailoring,trainer,85,wh:learn,110,db2,145,db2,127,85,110,127,145,85,trainer,False
3844,Heavy Woolen Cloak,Tailoring,item,100,db2:item-req,125,db2,160,db2,142,100,125,142,160,100,quest+questreward,False
3845,Soft-soled Linen Boots,Tailoring,trainer,80,wh:learn,105,db2,140,db2,122,80,105,122,140,80,trainer,False
3847,Red Woolen Boots,Tailoring,item,95,db2:item-req,120,db2,155,db2,137,95,120,137,155,95,quest+questreward,False
3848,Double-stitched Woolen Shoulders,Tailoring,trainer,110,wh:learn,135,db2,170,db2,152,110,135,152,170,110,trainer,False
3849,Reinforced Woolen Shoulders,Tailoring,item,120,db2:item-req,145,db2,180,db2,162,120,145,162,180,120,quest,False
3850,Heavy Woolen Pants,Tailoring,trainer,110,wh:learn,135,db2,170,db2,152,110,135,152,170,110,trainer,False
3851,Phoenix Pants,Tailoring,item,125,db2:item-req,150,db2,185,db2,167,125,150,167,185,125,quest,False
3852,Gloves of Meditation,Tailoring,trainer,130,wh:learn,150,db2,180,db2,165,130,150,165,180,130,trainer,False
3854,Azure Silk Gloves,Tailoring,item,145,db2:item-req,165,db2,195,db2,180,145,165,180,195,145,world,False
3855,Spidersilk Boots,Tailoring,trainer,125,wh:learn,150,db2,185,db2,167,125,150,167,185,125,trainer,False
3856,Spider Silk Slippers,Tailoring,item,140,db2:item-req,160,db2,190,db2,175,140,160,175,190,140,quest,False
3857,Enchanter's Cowl,Tailoring,item,165,db2:item-req,185,db2,215,db2,200,165,185,200,215,165,world,False
3858,Shadow Hood,Tailoring,item,170,db2:item-req,190,db2,220,db2,205,170,190,205,220,170,quest,False
3859,Azure Silk Vest,Tailoring,trainer,150,wh:learn,170,db2,200,db2,185,150,170,185,200,150,trainer,False
3860,Boots of the Enchanter,Tailoring,item,175,db2:item-req,195,db2,225,db2,210,175,195,210,225,175,quest,False
3861,Long Silken Cloak,Tailoring,trainer,185,wh:learn,205,db2,235,db2,220,185,205,220,235,185,trainer,False
3862,Icy Cloak,Tailoring,item,200,db2:item-req,220,db2,250,db2,235,200,220,235,250,200,world,False
3863,Spider Belt,Tailoring,item,180,db2:item-req,200,db2,230,db2,215,180,200,215,230,180,quest+world,False
3864,Star Belt,Tailoring,item,200,db2:item-req,220,db2,250,db2,235,200,220,235,250,200,quest,False
3865,Bolt of Mageweave,Tailoring,trainer,175,wh:learn,180,db2,185,db2,182,175,180,182,185,175,trainer,False
3866,Stylish Red Shirt,Tailoring,trainer,110,wh:learn,135,db2,170,db2,152,110,135,152,170,110,trainer,False
3868,Phoenix Gloves,Tailoring,item,125,db2:item-req,150,db2,185,db2,167,125,150,167,185,125,quest,False
3869,Bright Yellow Shirt,Tailoring,item,135,db2:item-req,145,db2,155,db2,150,135,145,150,155,135,world,False
3870,Dark Silk Shirt,Tailoring,item,155,db2:item-req,165,db2,175,db2,170,155,165,170,175,155,world,False
3871,Formal White Shirt,Tailoring,trainer,170,wh:learn,180,db2,190,db2,185,170,180,185,190,170,trainer,False
3872,Rich Purple Silk Shirt,Tailoring,item,185,db2:item-req,195,db2,205,db2,200,185,195,200,205,185,quest,False
3873,Black Swashbuckler's Shirt,Tailoring,item,200,db2:item-req,210,db2,220,db2,215,200,210,215,220,200,world,False
3914,Brown Linen Pants,Tailoring,trainer,30,wh:learn,55,db2,90,db2,72,30,55,72,90,30,trainer,False
3915,Brown Linen Shirt,Tailoring,auto,1,wh:grant,35,db2,60,db2,47,1,35,47,60,1,,False
6521,Pearl-clasped Cloak,Tailoring,trainer,90,wh:learn,115,db2,150,db2,132,90,115,132,150,90,trainer,False
6686,Red Linen Bag,Tailoring,item,70,db2:item-req,95,db2,130,db2,112,70,95,112,130,70,quest+world,False
6688,Red Woolen Bag,Tailoring,item,115,db2:item-req,140,db2,175,db2,157,115,140,157,175,115,quest+world,False
6690,Lesser Wizard's Robe,Tailoring,trainer,135,wh:learn,155,db2,185,db2,170,135,155,170,185,135,trainer,False
6692,Robes of Arcana,Tailoring,item,150,db2:item-req,170,db2,200,db2,185,150,170,185,200,150,quest,False
6693,Green Silk Pack,Tailoring,item,175,db2:item-req,195,db2,225,db2,210,175,195,210,225,175,quest,False
6695,Black Silk Pack,Tailoring,item,185,db2:item-req,205,db2,235,db2,220,185,205,220,235,185,quest,False
7623,Brown Linen Robe,Tailoring,trainer,30,wh:learn,55,db2,90,db2,72,30,55,72,90,30,trainer,False
7624,White Linen Robe,Tailoring,trainer,30,wh:learn,55,db2,90,db2,72,30,55,72,90,30,trainer,False
7629,Red Linen Vest,Tailoring,item,55,db2:item-req,80,db2,115,db2,97,55,80,97,115,55,quest+questreward,False
7630,Blue Linen Vest,Tailoring,item,55,db2:item-req,80,db2,115,db2,97,55,80,97,115,55,world,False
7633,Blue Linen Robe,Tailoring,item,70,db2:item-req,95,db2,130,db2,112,70,95,112,130,70,world,False
7636,Green Woolen Robe,Tailoring,item,90,db2:item-req,115,db2,150,db2,132,,,,,,,False
7639,Blue Overalls,Tailoring,item,100,db2:item-req,125,db2,160,db2,142,100,125,142,160,100,world,False
7643,Greater Adept's Robe,Tailoring,item,115,db2:item-req,140,db2,175,db2,157,115,140,157,175,115,world,False
7892,Stylish Blue Shirt,Tailoring,item,120,db2:item-req,145,db2,180,db2,162,120,145,162,180,120,quest,False
7893,Stylish Green Shirt,Tailoring,item,120,db2:item-req,145,db2,180,db2,162,120,145,162,180,120,quest+world,False
8465,Simple Dress,Tailoring,trainer,40,wh:learn,65,db2,100,db2,82,40,65,82,100,40,trainer,False
8467,White Woolen Dress,Tailoring,trainer,110,wh:learn,135,db2,170,db2,152,110,135,152,170,110,trainer,False
8483,White Swashbuckler's Shirt,Tailoring,trainer,160,wh:learn,170,db2,180,db2,175,160,170,175,180,160,trainer,False
8489,Red Swashbuckler's Shirt,Tailoring,trainer,175,wh:learn,185,db2,195,db2,190,175,185,190,195,175,trainer,False
8758,Azure Silk Pants,Tailoring,trainer,140,wh:learn,160,db2,190,db2,175,140,160,175,190,140,trainer,False
8760,Azure Silk Hood,Tailoring,trainer,145,wh:learn,155,db2,165,db2,160,145,155,160,165,145,trainer,False
8762,Silk Headband,Tailoring,trainer,160,wh:learn,170,db2,180,db2,175,160,170,175,180,160,trainer,False
8764,Earthen Vest,Tailoring,trainer,170,wh:learn,190,db2,220,db2,205,170,190,205,220,170,trainer,False
8766,Azure Silk Belt,Tailoring,trainer,175,wh:learn,195,db2,225,db2,210,175,195,210,225,175,trainer,False
8770,Robe of Power,Tailoring,trainer,190,wh:learn,210,db2,240,db2,225,190,210,225,240,190,trainer,False
8772,Crimson Silk Belt,Tailoring,trainer,175,wh:learn,195,db2,225,db2,210,175,195,210,225,175,trainer,False
8774,Green Silken Shoulders,Tailoring,trainer,180,wh:learn,200,db2,230,db2,215,180,200,215,230,180,trainer,False
8776,Linen Belt,Tailoring,trainer,15,wh:learn,50,db2,85,db2,67,15,50,67,85,15,trainer,False
8778,Boots of Darkness,Tailoring,item,140,db2:item-req,160,db2,190,db2,175,,,,,,,False
8780,Hands of Darkness,Tailoring,item,145,db2:item-req,165,db2,195,db2,180,145,165,180,195,145,quest+world,False
8782,Truefaith Gloves,Tailoring,item,150,db2:item-req,170,db2,200,db2,185,150,170,185,200,150,quest,False
8784,Green Silk Armor,Tailoring,item,165,db2:item-req,185,db2,215,db2,200,165,185,200,215,165,quest,False
8786,Azure Silk Cloak,Tailoring,item,175,db2:item-req,195,db2,225,db2,210,175,195,210,225,175,world,False
8789,Crimson Silk Cloak,Tailoring,item,180,db2:item-req,200,db2,230,db2,215,180,200,215,230,180,world,False
8791,Crimson Silk Vest,Tailoring,trainer,185,wh:learn,205,db2,225,db2,215,185,205,215,225,185,trainer,False
8793,Crimson Silk Shoulders,Tailoring,item,190,db2:item-req,210,db2,240,db2,225,190,210,225,240,190,quest,False
8795,Azure Shoulders,Tailoring,item,190,db2:item-req,210,db2,240,db2,225,190,210,225,240,190,quest,False
8797,Earthen Silk Belt,Tailoring,item,195,db2:item-req,215,db2,245,db2,230,195,215,230,245,195,quest,False
8799,Crimson Silk Pantaloons,Tailoring,trainer,195,wh:learn,215,db2,235,db2,225,195,215,225,235,195,trainer,False
8802,Crimson Silk Robe,Tailoring,item,205,db2:item-req,220,db2,250,db2,235,205,220,235,250,205,world,False
8804,Crimson Silk Gloves,Tailoring,trainer,210,wh:learn,225,db2,255,db2,240,210,225,240,255,210,trainer,False
12044,Simple Linen Pants,Tailoring,special,1,wh:learn,35,db2,60,db2,47,1,35,47,60,1,,False
12045,Simple Linen Boots,Tailoring,trainer,20,wh:learn,50,db2,85,db2,67,20,50,67,85,20,trainer,False
12046,Simple Kilt,Tailoring,trainer,75,wh:learn,100,db2,135,db2,117,75,100,117,135,75,trainer,False
12047,Colorful Kilt,Tailoring,item,120,db2:item-req,145,db2,180,db2,162,120,145,162,180,120,quest,False
12048,Black Mageweave Vest,Tailoring,trainer,205,wh:learn,220,db2,250,db2,235,205,220,235,250,205,trainer,False
12049,Black Mageweave Leggings,Tailoring,trainer,205,wh:learn,220,db2,250,db2,235,205,220,235,250,205,trainer,False
12050,Black Mageweave Robe,Tailoring,trainer,210,wh:learn,225,db2,255,db2,240,210,225,240,255,210,trainer,False
12052,Shadoweave Pants,Tailoring,trainer,210,wh:learn,225,db2,255,db2,240,210,225,240,255,210,trainer,False
12053,Black Mageweave Gloves,Tailoring,trainer,215,wh:learn,230,db2,260,db2,245,215,230,245,260,215,trainer,False
12055,Shadoweave Robe,Tailoring,trainer,215,wh:learn,230,db2,260,db2,245,215,230,245,260,215,trainer,False
12056,Red Mageweave Vest,Tailoring,item,215,db2:item-req,230,db2,260,db2,245,215,230,245,260,215,quest,False
12059,White Bandit Mask,Tailoring,item,215,db2:item-req,220,db2,230,db2,225,215,220,225,230,215,quest,False
12060,Red Mageweave Pants,Tailoring,item,215,db2:item-req,230,db2,260,db2,245,215,230,245,260,215,quest,False
12061,Orange Mageweave Shirt,Tailoring,trainer,215,wh:learn,220,db2,230,db2,225,215,220,225,230,215,trainer,False
12062,Stormcloth Pants,Tailoring,item,220,db2:item-req,235,db2,265,db2,250,,,,,,,False
12063,Stormcloth Gloves,Tailoring,item,220,db2:item-req,235,db2,265,db2,250,,,,,,,False
12064,Orange Martial Shirt,Tailoring,item,220,db2:item-req,225,db2,235,db2,230,220,225,230,235,220,world,False
12065,Mageweave Bag,Tailoring,trainer,225,wh:learn,240,db2,270,db2,255,225,240,255,270,225,trainer,False
12066,Red Mageweave Gloves,Tailoring,item,225,db2:item-req,240,db2,270,db2,255,225,240,255,270,225,quest,False
12067,Dreamweave Gloves,Tailoring,trainer,225,wh:learn,240,db2,270,db2,255,225,240,255,270,225,trainer,False
12068,Stormcloth Vest,Tailoring,item,225,db2:item-req,240,db2,270,db2,255,,,,,,,False
12069,Cindercloth Robe,Tailoring,trainer,225,wh:learn,240,db2,270,db2,255,225,240,255,270,225,trainer,False
12070,Dreamweave Vest,Tailoring,trainer,225,wh:learn,240,db2,270,db2,255,225,240,255,270,225,trainer,False
12071,Shadoweave Gloves,Tailoring,trainer,225,wh:learn,240,db2,270,db2,255,225,240,255,270,225,trainer,False
12072,Black Mageweave Headband,Tailoring,trainer,230,wh:learn,245,db2,275,db2,260,230,245,260,275,230,trainer,False
12073,Black Mageweave Boots,Tailoring,trainer,230,wh:learn,245,db2,275,db2,260,230,245,260,275,230,trainer,False
12074,Black Mageweave Shoulders,Tailoring,trainer,230,wh:learn,245,db2,275,db2,260,230,245,260,275,230,trainer,False
12075,Lavender Mageweave Shirt,Tailoring,item,230,db2:item-req,235,db2,245,db2,240,230,235,240,245,230,world,False
12076,Shadoweave Shoulders,Tailoring,trainer,235,wh:learn,250,db2,280,db2,265,235,250,265,280,235,trainer,False
12077,Simple Black Dress,Tailoring,trainer,235,wh:learn,240,db2,250,db2,245,235,240,245,250,235,trainer,False
12078,Red Mageweave Shoulders,Tailoring,item,235,db2:item-req,250,db2,280,db2,265,235,250,265,280,235,quest,False
12079,Red Mageweave Bag,Tailoring,trainer,235,wh:learn,250,db2,280,db2,265,235,250,265,280,235,trainer,False
12080,Pink Mageweave Shirt,Tailoring,item,235,db2:item-req,240,db2,250,db2,245,235,240,245,250,235,world,False
12081,Admiral's Hat,Tailoring,item,240,db2:item-req,255,db2,285,db2,270,240,255,270,285,240,world,False
12082,Shadoweave Boots,Tailoring,trainer,240,wh:learn,255,db2,285,db2,270,240,255,270,285,240,trainer,False
12083,Stormcloth Headband,Tailoring,item,240,db2:item-req,255,db2,285,db2,270,,,,,,,False
12084,Red Mageweave Headband,Tailoring,item,240,db2:item-req,255,db2,285,db2,270,240,255,270,285,240,quest,False
12085,Tuxedo Shirt,Tailoring,item,240,db2:item-req,245,db2,255,db2,250,240,245,250,255,240,world,False
12086,Shadoweave Mask,Tailoring,item,245,db2:item-req,260,db2,290,db2,275,245,260,275,290,245,,False
12087,Stormcloth Shoulders,Tailoring,item,245,db2:item-req,260,db2,290,db2,275,,,,,,,False
12088,Cindercloth Boots,Tailoring,trainer,245,wh:learn,260,db2,290,db2,275,245,260,275,290,245,trainer,False
12089,Tuxedo Pants,Tailoring,item,245,db2:item-req,250,db2,260,db2,255,245,250,255,260,245,world,False
12090,Stormcloth Boots,Tailoring,item,250,db2:item-req,265,db2,295,db2,280,,,,,,,False
12091,White Wedding Dress,Tailoring,item,250,db2:item-req,255,db2,265,db2,260,250,255,260,265,250,world,False
12092,Dreamweave Circlet,Tailoring,trainer,250,wh:learn,265,db2,295,db2,280,250,265,280,295,250,trainer,False
12093,Tuxedo Jacket,Tailoring,item,250,db2:item-req,265,db2,295,db2,280,250,265,280,295,250,world,False
18401,Bolt of Runecloth,Tailoring,trainer,250,wh:learn,255,db2,260,db2,257,250,255,257,260,250,trainer,False
18402,Runecloth Belt,Tailoring,trainer,255,wh:learn,270,db2,300,db2,285,255,270,285,300,255,trainer,False
18403,Frostweave Tunic,Tailoring,item,255,db2:item-req,270,db2,300,db2,285,255,270,285,300,255,quest+trainer+world,False
18404,Frostweave Robe,Tailoring,item,255,db2:item-req,270,db2,300,db2,285,255,270,285,300,255,quest,False
18405,Runecloth Bag,Tailoring,item,260,db2:item-req,275,db2,305,db2,290,260,275,290,305,260,world,False
18406,Runecloth Robe,Tailoring,item,260,db2:item-req,275,db2,305,db2,290,260,275,290,305,260,world+trainer,False
18407,Runecloth Tunic,Tailoring,item,260,db2:item-req,275,db2,305,db2,290,260,275,290,305,260,quest+trainer,False
18408,Cindercloth Vest,Tailoring,item,260,db2:item-req,275,db2,305,db2,290,260,275,290,305,260,quest,False
18409,Runecloth Cloak,Tailoring,item,265,db2:item-req,280,db2,310,db2,295,265,280,295,310,265,world+trainer,False
18410,Ghostweave Belt,Tailoring,item,265,db2:item-req,280,db2,310,db2,295,265,280,295,310,265,quest+trainer,False
18411,Frostweave Gloves,Tailoring,item,265,db2:item-req,280,db2,310,db2,295,265,280,295,310,265,quest+trainer+world,False
18412,Cindercloth Gloves,Tailoring,item,270,db2:item-req,285,db2,315,db2,300,270,285,300,315,270,quest,False
18413,Ghostweave Gloves,Tailoring,item,270,db2:item-req,285,db2,315,db2,300,270,285,300,315,270,quest+trainer,False
18414,Brightcloth Robe,Tailoring,item,270,db2:item-req,285,db2,315,db2,300,270,285,300,315,270,quest+trainer+world,False
18415,Brightcloth Gloves,Tailoring,item,270,db2:item-req,285,db2,315,db2,300,270,285,300,315,270,quest+trainer,False
18416,Ghostweave Vest,Tailoring,item,275,db2:item-req,290,db2,320,db2,305,275,290,305,320,275,quest+trainer,False
18417,Runecloth Gloves,Tailoring,item,275,db2:item-req,290,db2,320,db2,305,275,290,305,320,275,world+trainer,False
18418,Cindercloth Cloak,Tailoring,item,275,db2:item-req,290,db2,320,db2,305,275,290,305,320,275,quest,False
18419,Felcloth Pants,Tailoring,item,275,db2:item-req,290,db2,320,db2,305,275,290,305,320,275,world,False
18420,Brightcloth Cloak,Tailoring,item,275,db2:item-req,290,db2,320,db2,305,275,290,305,320,275,quest+trainer,False
18421,Wizardweave Leggings,Tailoring,item,275,db2:item-req,290,db2,320,db2,305,275,290,305,320,275,quest+trainer,False
18422,Cloak of Fire,Tailoring,item,275,db2:item-req,290,db2,320,db2,305,275,290,305,320,275,quest,False
18423,Runecloth Boots,Tailoring,item,280,db2:item-req,295,db2,325,db2,310,280,295,310,325,280,world+trainer,False
18424,Frostweave Pants,Tailoring,item,280,db2:item-req,295,db2,325,db2,310,280,295,310,325,280,quest+trainer,False
18434,Cindercloth Pants,Tailoring,item,280,db2:item-req,295,db2,325,db2,310,280,295,310,325,280,quest,False
18436,Robe of Winter Night,Tailoring,item,285,db2:item-req,300,db2,330,db2,315,285,300,315,330,285,quest,False
18437,Felcloth Boots,Tailoring,item,285,db2:item-req,300,db2,330,db2,315,285,300,315,330,285,quest+trainer+world,False
18438,Runecloth Pants,Tailoring,item,285,db2:item-req,300,db2,330,db2,315,285,300,315,330,285,quest+trainer,False
18439,Brightcloth Pants,Tailoring,item,290,db2:item-req,305,db2,335,db2,320,290,305,320,335,290,quest,False
18440,Mooncloth Leggings,Tailoring,item,290,db2:item-req,305,db2,335,db2,320,290,305,320,335,290,quest,False
18441,Ghostweave Pants,Tailoring,item,290,db2:item-req,305,db2,335,db2,320,290,305,320,335,290,quest+trainer,False
18442,Felcloth Hood,Tailoring,item,290,db2:item-req,305,db2,335,db2,320,290,305,320,335,290,quest+trainer,False
18444,Runecloth Headband,Tailoring,item,295,db2:item-req,310,db2,340,db2,325,295,310,325,340,295,quest+trainer,False
18445,Mooncloth Bag,Tailoring,item,300,db2:item-req,315,db2,345,db2,330,300,315,330,345,300,quest,False
18446,Wizardweave Robe,Tailoring,item,300,db2:item-req,315,db2,345,db2,330,300,315,330,345,300,quest+trainer,False
18447,Mooncloth Vest,Tailoring,item,300,db2:item-req,315,db2,345,db2,330,300,315,330,345,300,quest,False
18448,Mooncloth Shoulders,Tailoring,item,300,db2:item-req,315,db2,345,db2,330,300,315,330,345,300,quest,False
18449,Runecloth Shoulders,Tailoring,item,300,db2:item-req,315,db2,345,db2,330,300,315,330,345,300,quest+trainer,False
18450,Wizardweave Turban,Tailoring,item,300,db2:item-req,315,db2,345,db2,330,300,315,330,345,300,quest+trainer,False
18451,Felcloth Robe,Tailoring,item,300,db2:item-req,315,db2,345,db2,330,300,315,330,345,300,quest+trainer,False
18452,Mooncloth Circlet,Tailoring,item,300,db2:item-req,315,db2,345,db2,330,300,315,330,345,300,quest,False
18453,Felcloth Shoulders,Tailoring,item,300,db2:item-req,315,db2,345,db2,330,300,315,330,345,300,quest+trainer+world,False
18454,Gloves of Spell Mastery,Tailoring,item,300,db2:item-req,315,db2,345,db2,330,300,315,330,345,300,quest,False
18455,Bottomless Bag,Tailoring,item,300,db2:item-req,315,db2,345,db2,330,300,315,330,345,300,quest,False
18456,Truefaith Vestments,Tailoring,item,300,db2:item-req,315,db2,345,db2,330,300,315,330,345,300,quest,False
18457,Robe of the Archmage,Tailoring,item,300,db2:item-req,315,db2,345,db2,330,300,315,330,345,300,quest,False
18458,Robe of the Void,Tailoring,item,300,db2:item-req,315,db2,345,db2,330,300,315,330,345,300,quest,False
18560,Mooncloth,Tailoring,item,250,db2:item-req,290,db2,320,db2,305,250,290,305,320,250,world,False
19435,Mooncloth Boots,Tailoring,special,290,wh:learn,295,db2,325,db2,310,290,295,310,325,290,vendor,False
20848,Flarecore Mantle,Tailoring,item,300,db2:item-req,315,db2,345,db2,330,300,315,330,345,300,world,False
20849,Flarecore Gloves,Tailoring,item,300,db2:item-req,315,db2,345,db2,330,300,315,330,345,300,world,False
21945,Green Holiday Shirt,Tailoring,item,190,db2:item-req,200,db2,210,db2,205,190,200,205,210,190,quest,False
22759,Flarecore Wraps,Tailoring,item,300,db2:item-req,320,db2,350,db2,335,300,320,335,350,300,quest,False
22813,Gordok Ogre Suit,Tailoring,special,285,wh:learn,285,db2,295,db2,290,0,285,290,295,285,,False
22866,Belt of the Archmage,Tailoring,item,300,db2:item-req,315,db2,345,db2,330,300,315,330,345,300,quest,False
22867,Felcloth Gloves,Tailoring,item,300,db2:item-req,315,db2,345,db2,330,300,315,330,345,300,quest,False
22868,Inferno Gloves,Tailoring,item,300,db2:item-req,315,db2,345,db2,330,300,315,330,345,300,quest,False
22869,Mooncloth Gloves,Tailoring,item,300,db2:item-req,315,db2,345,db2,330,300,315,330,345,300,quest,False
22870,Cloak of Warding,Tailoring,item,300,db2:item-req,315,db2,345,db2,330,300,315,330,345,300,quest,False
22902,Mooncloth Robe,Tailoring,item,300,db2:item-req,315,db2,345,db2,330,300,315,330,345,300,world,False
23662,Wisdom of the Timbermaw,Tailoring,item,290,db2:item-req,305,db2,335,db2,320,290,305,320,335,290,world,False
23663,Mantle of the Timbermaw,Tailoring,item,300,db2:item-req,315,db2,345,db2,330,300,315,330,345,300,world,False
23664,Argent Boots,Tailoring,item,290,db2:item-req,305,db2,335,db2,320,290,305,320,335,290,world,False
23665,Argent Shoulders,Tailoring,item,300,db2:item-req,315,db2,345,db2,330,300,315,330,345,300,world,False
23666,Flarecore Robe,Tailoring,item,300,db2:item-req,315,db2,345,db2,330,300,315,330,345,300,world,False
23667,Flarecore Leggings,Tailoring,item,300,db2:item-req,315,db2,345,db2,330,300,315,330,345,300,world,False
24091,Bloodvine Vest,Tailoring,item,300,db2:item-req,315,db2,345,db2,330,300,315,330,345,300,world,False
24092,Bloodvine Leggings,Tailoring,item,300,db2:item-req,315,db2,345,db2,330,300,315,330,345,300,world,False
24093,Bloodvine Boots,Tailoring,item,300,db2:item-req,315,db2,345,db2,330,300,315,330,345,300,world,False
24901,Runed Stygian Leggings,Tailoring,item,300,db2:item-req,315,db2,345,db2,330,300,315,330,345,300,quest,False
24902,Runed Stygian Belt,Tailoring,item,300,db2:item-req,315,db2,345,db2,330,300,315,330,345,300,quest,False
24903,Runed Stygian Boots,Tailoring,item,300,db2:item-req,315,db2,345,db2,330,300,315,330,345,300,quest,False
26085,Soul Pouch,Tailoring,item,260,db2:item-req,275,db2,305,db2,290,260,275,290,305,260,world,False
26086,Felcloth Bag,Tailoring,item,285,db2:item-req,300,db2,330,db2,315,285,300,315,330,285,,False
26087,Core Felcloth Bag,Tailoring,item,300,db2:item-req,315,db2,345,db2,330,300,315,330,345,300,quest,False
26403,Festival Dress,Tailoring,item,250,db2:item-req,265,db2,295,db2,280,250,265,280,295,250,vendor+world,False
26407,Festival Suit,Tailoring,item,250,db2:item-req,265,db2,295,db2,280,250,265,280,295,250,vendor+world,False
26745,Bolt of Netherweave,Tailoring,trainer,300,wh:learn,305,db2,325,db2,315,300,305,315,325,300,trainer,False
26746,Netherweave Bag,Tailoring,trainer,315,wh:learn,320,db2,340,db2,330,315,320,330,340,315,trainer,False
26747,Bolt of Imbued Netherweave,Tailoring,item,325,db2:item-req,330,db2,340,db2,335,325,330,335,340,325,world,False
26749,Imbued Netherweave Bag,Tailoring,item,340,db2:item-req,340,db2,350,db2,345,340,340,345,350,340,world,False
26750,Bolt of Soulcloth,Tailoring,item,345,db2:item-req,345,db2,355,db2,350,345,345,350,355,345,world,False
26751,Primal Mooncloth,Tailoring,item,350,db2:item-req,350,db2,360,db2,355,350,350,355,360,350,world,False
26752,Spellfire Belt,Tailoring,item,355,db2:item-req,365,db2,375,db2,370,355,365,370,375,355,world,False
26753,Spellfire Gloves,Tailoring,item,365,db2:item-req,375,db2,385,db2,380,365,375,380,385,365,world,False
26754,Spellfire Robe,Tailoring,item,375,db2:item-req,385,db2,395,db2,390,375,385,390,395,375,world,False
26755,Spellfire Bag,Tailoring,item,375,db2:item-req,385,db2,395,db2,390,375,385,390,395,375,quest+world,False
26756,Frozen Shadoweave Shoulders,Tailoring,item,355,db2:item-req,365,db2,375,db2,370,355,365,370,375,355,world,False
26757,Frozen Shadoweave Boots,Tailoring,item,365,db2:item-req,375,db2,385,db2,380,365,375,380,385,365,world,False
26758,Frozen Shadoweave Robe,Tailoring,item,375,db2:item-req,385,db2,395,db2,390,375,385,390,395,375,world,False
26759,Ebon Shadowbag,Tailoring,item,375,db2:item-req,385,db2,395,db2,390,375,385,390,395,375,world,False
26760,Primal Mooncloth Belt,Tailoring,item,355,db2:item-req,365,db2,375,db2,370,355,365,370,375,355,world,False
26761,Primal Mooncloth Shoulders,Tailoring,item,365,db2:item-req,375,db2,385,db2,380,365,375,380,385,365,world,False
26762,Primal Mooncloth Robe,Tailoring,item,375,db2:item-req,385,db2,395,db2,390,375,385,390,395,375,world,False
26763,Primal Mooncloth Bag,Tailoring,item,375,db2:item-req,385,db2,395,db2,390,375,385,390,395,375,quest+world,False
26764,Netherweave Bracers,Tailoring,trainer,310,wh:learn,320,db2,330,db2,325,310,320,325,330,310,trainer,False
26765,Netherweave Belt,Tailoring,trainer,310,wh:learn,320,db2,330,db2,325,310,320,325,330,310,trainer,False
26770,Netherweave Gloves,Tailoring,trainer,320,wh:learn,330,db2,340,db2,335,320,330,335,340,320,trainer,False
26771,Netherweave Pants,Tailoring,trainer,325,wh:learn,335,db2,345,db2,340,325,335,340,345,325,trainer,False
26772,Netherweave Boots,Tailoring,trainer,335,wh:learn,345,db2,355,db2,350,335,345,350,355,335,trainer,False
26773,Netherweave Robe,Tailoring,item,340,db2:item-req,350,db2,360,db2,355,340,350,355,360,340,world,False
26774,Netherweave Tunic,Tailoring,item,345,db2:item-req,355,db2,365,db2,360,345,355,360,365,345,world,False
26775,Imbued Netherweave Pants,Tailoring,item,340,db2:item-req,350,db2,360,db2,355,340,350,355,360,340,world,False
26776,Imbued Netherweave Boots,Tailoring,item,350,db2:item-req,360,db2,370,db2,365,350,360,365,370,350,world,False
26777,Imbued Netherweave Robe,Tailoring,item,360,db2:item-req,370,db2,380,db2,375,360,370,375,380,360,world,False
26778,Imbued Netherweave Tunic,Tailoring,item,360,db2:item-req,370,db2,380,db2,375,360,370,375,380,360,world,False
26779,Soulcloth Gloves,Tailoring,item,355,db2:item-req,365,db2,375,db2,370,355,365,370,375,355,world,False
26780,Soulcloth Shoulders,Tailoring,item,365,db2:item-req,375,db2,385,db2,380,365,375,380,385,365,quest,False
26781,Soulcloth Vest,Tailoring,item,375,db2:item-req,380,db2,385,db2,382,375,380,382,385,375,quest,False
26782,Arcanoweave Bracers,Tailoring,item,350,db2:item-req,360,db2,370,db2,365,350,360,365,370,350,quest,False
26783,Arcanoweave Boots,Tailoring,item,360,db2:item-req,370,db2,380,db2,375,360,370,375,380,360,quest,False
26784,Arcanoweave Robe,Tailoring,item,370,db2:item-req,380,db2,390,db2,385,370,380,385,390,370,quest,False
27658,Enchanted Mageweave Pouch,Tailoring,item,225,db2:item-req,240,db2,270,db2,255,225,240,255,270,225,world,False
27659,Enchanted Runecloth Bag,Tailoring,item,275,db2:item-req,290,db2,320,db2,305,275,290,305,320,275,world,False
27660,Big Bag of Enchantment,Tailoring,item,300,db2:item-req,315,db2,345,db2,330,300,315,330,345,300,quest,False
27724,Cenarion Herb Bag,Tailoring,item,275,db2:item-req,290,db2,320,db2,305,275,290,305,320,275,world,False
27725,Satchel of Cenarius,Tailoring,item,300,db2:item-req,315,db2,345,db2,330,300,315,330,345,300,world,False
28205,Glacial Gloves,Tailoring,item,300,db2:item-req,315,db2,345,db2,330,300,315,330,345,300,,False
28207,Glacial Vest,Tailoring,item,300,db2:item-req,315,db2,345,db2,330,300,315,330,345,300,,False
28208,Glacial Cloak,Tailoring,item,300,db2:item-req,315,db2,345,db2,330,300,315,330,345,300,,False
28209,Glacial Wrists,Tailoring,item,300,db2:item-req,315,db2,345,db2,330,300,315,330,345,300,,False
28210,Gaea's Embrace,Tailoring,item,300,db2:item-req,315,db2,345,db2,330,300,315,330,345,300,world,False
28480,Sylvan Vest,Tailoring,item,300,db2:item-req,315,db2,345,db2,330,300,315,330,345,300,world,False
28481,Sylvan Crown,Tailoring,item,300,db2:item-req,315,db2,345,db2,330,300,315,330,345,300,world,False
28482,Sylvan Shoulders,Tailoring,item,300,db2:item-req,315,db2,345,db2,330,300,315,330,345,300,world,False
31373,Spellcloth,Tailoring,item,350,db2:item-req,350,db2,360,db2,355,350,350,355,360,350,world,False
31430,Mystic Spellthread,Tailoring,item,335,db2:item-req,345,db2,355,db2,350,335,345,350,355,335,world,False
31431,Silver Spellthread,Tailoring,item,335,db2:item-req,345,db2,355,db2,350,335,345,350,355,335,world,False
31432,Runic Spellthread,Tailoring,item,375,db2:item-req,385,db2,395,db2,390,375,385,390,395,375,world,False
31433,Golden Spellthread,Tailoring,item,375,db2:item-req,385,db2,395,db2,390,375,385,390,395,375,world,False
31434,Unyielding Bracers,Tailoring,item,350,db2:item-req,360,db2,370,db2,365,350,360,365,370,350,quest,False
31435,Bracers of Havok,Tailoring,item,350,db2:item-req,360,db2,370,db2,365,350,360,365,370,350,quest,False
31437,Blackstrike Bracers,Tailoring,item,350,db2:item-req,360,db2,370,db2,365,350,360,365,370,350,quest,False
31438,Cloak of the Black Void,Tailoring,item,350,db2:item-req,360,db2,370,db2,365,350,360,365,370,350,quest,False
31440,Cloak of Eternity,Tailoring,item,350,db2:item-req,360,db2,370,db2,365,350,360,365,370,350,quest,False
31441,White Remedy Cape,Tailoring,item,350,db2:item-req,360,db2,370,db2,365,350,360,365,370,350,quest,False
31442,Unyielding Girdle,Tailoring,item,365,db2:item-req,375,db2,385,db2,380,365,375,380,385,365,quest,False
31443,Girdle of Ruination,Tailoring,item,365,db2:item-req,375,db2,385,db2,380,365,375,380,385,365,quest,False
31444,Black Belt of Knowledge,Tailoring,item,365,db2:item-req,375,db2,385,db2,380,365,375,380,385,365,quest,False
31448,Resolute Cape,Tailoring,item,365,db2:item-req,375,db2,385,db2,380,365,375,380,385,365,quest,False
31449,Vengeance Wrap,Tailoring,item,365,db2:item-req,375,db2,385,db2,380,365,375,380,385,365,quest,False
31450,Manaweave Cloak,Tailoring,item,365,db2:item-req,375,db2,385,db2,380,365,375,380,385,365,quest,False
31451,Whitemend Pants,Tailoring,item,375,db2:item-req,385,db2,395,db2,390,375,385,390,395,375,quest,False
31452,Spellstrike Pants,Tailoring,item,375,db2:item-req,385,db2,395,db2,390,375,385,390,395,375,quest,False
31453,Battlecast Pants,Tailoring,item,375,db2:item-req,385,db2,395,db2,390,375,385,390,395,375,quest,False
31454,Whitemend Hood,Tailoring,item,375,db2:item-req,385,db2,395,db2,390,375,385,390,395,375,quest,False
31455,Spellstrike Hood,Tailoring,item,375,db2:item-req,385,db2,395,db2,390,375,385,390,395,375,quest,False
31456,Battlecast Hood,Tailoring,item,375,db2:item-req,385,db2,395,db2,390,375,385,390,395,375,quest,False
31459,Bag of Jewels,Tailoring,item,340,db2:item-req,350,db2,360,db2,355,340,350,355,360,340,world,False
31460,Netherweave Net,Tailoring,trainer,300,wh:learn,300,db2,320,db2,310,300,300,310,320,300,trainer,False
31461,Heavy Netherweave Net,Tailoring,item,325,db2:item-req,325,db2,335,db2,330,,,,,,,False
36315,Belt of Blasting,Tailoring,item,375,db2:item-req,385,db2,395,db2,390,375,385,390,395,375,quest,False
36316,Belt of the Long Road,Tailoring,item,375,db2:item-req,385,db2,395,db2,390,375,385,390,395,375,quest,False
36317,Boots of Blasting,Tailoring,item,375,db2:item-req,385,db2,395,db2,390,375,385,390,395,375,quest,False
36318,Boots of the Long Road,Tailoring,item,375,db2:item-req,385,db2,395,db2,390,375,385,390,395,375,quest,False
36665,Netherflame Robe,Tailoring,item,355,db2:item-req,365,db2,375,db2,370,,,,,,,False
36667,Netherflame Belt,Tailoring,item,355,db2:item-req,365,db2,375,db2,370,,,,,,,False
36668,Netherflame Boots,Tailoring,item,355,db2:item-req,365,db2,375,db2,370,,,,,,,False
36669,Lifeblood Leggings,Tailoring,item,355,db2:item-req,365,db2,375,db2,370,,,,,,,False
36670,Lifeblood Belt,Tailoring,item,355,db2:item-req,365,db2,375,db2,370,,,,,,,False
36672,Lifeblood Bracers,Tailoring,item,355,db2:item-req,365,db2,375,db2,370,,,,,,,False
36686,Shadowcloth,Tailoring,item,350,db2:item-req,350,db2,360,db2,355,350,350,355,360,350,world,False
37873,Cloak of Arcane Evasion,Tailoring,item,350,db2:item-req,360,db2,370,db2,365,350,360,365,370,350,world,False
37882,Flameheart Bracers,Tailoring,item,350,db2:item-req,360,db2,370,db2,365,350,360,365,370,350,world,False
37883,Flameheart Gloves,Tailoring,item,360,db2:item-req,370,db2,380,db2,375,360,370,375,380,360,world,False
37884,Flameheart Vest,Tailoring,item,370,db2:item-req,380,db2,390,db2,385,370,380,385,390,370,world,False
40020,Soulguard Slippers,Tailoring,item,375,db2:item-req,385,db2,395,db2,390,375,385,390,395,375,world,False
40021,Soulguard Bracers,Tailoring,item,375,db2:item-req,385,db2,395,db2,390,375,385,390,395,375,world,False
40023,Soulguard Leggings,Tailoring,item,375,db2:item-req,385,db2,395,db2,390,375,385,390,395,375,world,False
40024,Soulguard Girdle,Tailoring,item,375,db2:item-req,385,db2,395,db2,390,375,385,390,395,375,world,False
40060,Night's End,Tailoring,item,375,db2:item-req,385,db2,395,db2,390,375,385,390,395,375,world,False
41205,Bracers of Nimble Thought,Tailoring,item,375,db2:item-req,385,db2,395,db2,390,375,385,390,395,375,quest,False
41206,Mantle of Nimble Thought,Tailoring,item,375,db2:item-req,385,db2,395,db2,390,375,385,390,395,375,quest,False
41207,Swiftheal Wraps,Tailoring,item,375,db2:item-req,385,db2,395,db2,390,375,385,390,395,375,quest,False
41208,Swiftheal Mantle,Tailoring,item,375,db2:item-req,385,db2,395,db2,390,375,385,390,395,375,quest,False
44950,Green Winter Clothes,Tailoring,item,250,db2:item-req,250,db2,250,db2,250,250,250,250,250,250,world,False
44958,Red Winter Clothes,Tailoring,item,250,db2:item-req,250,db2,250,db2,250,250,250,250,250,250,world,False
46128,Sunfire Handwraps,Tailoring,item,365,db2:item-req,375,db2,410,db2,392,365,375,392,410,365,quest,False
46129,Hands of Eternal Light,Tailoring,item,365,db2:item-req,375,db2,410,db2,392,365,375,392,410,365,quest,False
46130,Sunfire Robe,Tailoring,item,365,db2:item-req,375,db2,410,db2,392,365,375,392,410,365,quest,False
46131,Robe of Eternal Light,Tailoring,item,365,db2:item-req,375,db2,410,db2,392,365,375,392,410,365,quest,False
49677,Dress Shoes,Tailoring,item,250,db2:item-req,255,db2,285,db2,270,250,255,270,285,250,world,False
50194,Mycah's Botanical Bag,Tailoring,item,375,db2:item-req,385,db2,395,db2,390,375,385,390,395,375,world,False
50644,Haliscan Jacket,Tailoring,item,250,db2:item-req,265,db2,295,db2,280,250,265,280,295,250,world,False
50647,Haliscan Pantaloons,Tailoring,item,245,db2:item-req,250,db2,260,db2,255,245,250,255,260,245,world,False
55642,Lightweave Embroidery,Tailoring,trainer,420,wh:learn,,wh,420,wh,,0,0,0,420,420,trainer,False
55769,Darkglow Embroidery,Tailoring,trainer,420,wh:learn,,wh,420,wh,,0,0,0,420,420,trainer,False
55777,Swordguard Embroidery,Tailoring,trainer,420,wh:learn,,wh,420,wh,,0,0,0,420,420,trainer,False
55898,Frostweave Net,Tailoring,trainer,360,wh:learn,370,db2,380,db2,375,360,370,375,380,360,trainer,False
55899,Bolt of Frostweave,Tailoring,trainer,350,wh:learn,370,db2,375,db2,372,350,370,372,375,350,trainer,False
55900,Bolt of Imbued Frostweave,Tailoring,trainer,400,wh:learn,400,db2,405,db2,402,400,400,402,405,400,trainer,False
55901,Duskweave Leggings,Tailoring,trainer,395,wh:learn,405,db2,415,db2,410,395,405,410,415,395,trainer,False
55902,Frostwoven Shoulders,Tailoring,trainer,350,wh:learn,360,db2,380,db2,370,350,360,370,380,350,trainer,False
55903,Frostwoven Robe,Tailoring,trainer,360,wh:learn,370,db2,390,db2,380,360,370,380,390,360,trainer,False
55904,Frostwoven Gloves,Tailoring,trainer,360,wh:learn,370,db2,390,db2,380,360,370,380,390,360,trainer,False
55906,Frostwoven Boots,Tailoring,trainer,375,wh:learn,385,db2,405,db2,395,375,385,395,405,375,trainer,False
55907,Frostwoven Cowl,Tailoring,trainer,380,wh:learn,390,db2,410,db2,400,380,390,400,410,380,trainer,False
55908,Frostwoven Belt,Tailoring,trainer,370,wh:learn,380,db2,400,db2,390,370,380,390,400,370,trainer,False
55910,Mystic Frostwoven Shoulders,Tailoring,trainer,385,wh:learn,395,db2,415,db2,405,385,395,405,415,385,trainer,False
55911,Mystic Frostwoven Robe,Tailoring,trainer,390,wh:learn,400,db2,420,db2,410,390,400,410,420,390,trainer,False
55913,Mystic Frostwoven Wristwraps,Tailoring,trainer,385,wh:learn,395,db2,415,db2,405,385,395,405,415,385,trainer,False
55914,Duskweave Belt,Tailoring,trainer,395,wh:learn,400,db2,410,db2,405,395,400,405,410,395,trainer,False
55919,Duskweave Cowl,Tailoring,trainer,395,wh:learn,405,db2,415,db2,410,395,405,410,415,395,trainer,False
55920,Duskweave Wristwraps,Tailoring,trainer,400,wh:learn,410,db2,420,db2,415,400,410,415,420,400,trainer,False
55921,Duskweave Robe,Tailoring,trainer,405,wh:learn,415,db2,425,db2,420,405,415,420,425,405,trainer,False
55922,Duskweave Gloves,Tailoring,trainer,405,wh:learn,415,db2,425,db2,420,405,415,420,425,405,trainer,False
55923,Duskweave Shoulders,Tailoring,trainer,410,wh:learn,420,db2,430,db2,425,410,420,425,430,410,trainer,False
55924,Duskweave Boots,Tailoring,trainer,410,wh:learn,420,db2,430,db2,425,410,420,425,430,410,trainer,False
55925,Black Duskweave Leggings,Tailoring,trainer,415,wh:learn,425,db2,435,db2,430,415,425,430,435,415,trainer,False
55941,Black Duskweave Robe,Tailoring,trainer,420,wh:learn,430,db2,440,db2,435,420,430,435,440,420,trainer,False
55943,Black Duskweave Wristwraps,Tailoring,trainer,415,wh:learn,425,db2,435,db2,430,415,425,430,435,415,trainer,False
55993,Red Lumberjack Shirt,Tailoring,item,400,db2:item-req,400,db2,410,db2,405,400,400,405,410,400,quest,False
55994,Blue Lumberjack Shirt,Tailoring,item,400,db2:item-req,400,db2,410,db2,405,400,400,405,410,400,quest,False
55995,Yellow Lumberjack Shirt,Tailoring,item,400,db2:item-req,400,db2,410,db2,405,400,400,405,410,400,trainer,False
55996,Green Lumberjack Shirt,Tailoring,item,400,db2:item-req,400,db2,410,db2,405,400,400,405,410,400,quest,False
55997,Red Workman's Shirt,Tailoring,item,400,db2:item-req,400,db2,410,db2,405,400,400,405,410,400,quest,False
55998,Blue Workman's Shirt,Tailoring,item,400,db2:item-req,400,db2,410,db2,405,400,400,405,410,400,quest,False
55999,Rustic Workman's Shirt,Tailoring,item,400,db2:item-req,400,db2,410,db2,405,400,400,405,410,400,quest,False
56000,Green Workman's Shirt,Tailoring,item,400,db2:item-req,400,db2,410,db2,405,400,400,405,410,400,trainer,False
56001,Moonshroud,Tailoring,item,415,db2:item-req,425,db2,435,db2,430,415,425,430,435,415,trainer,False
56002,Ebonweave,Tailoring,item,415,db2:item-req,425,db2,435,db2,430,415,425,430,435,415,trainer,False
56003,Spellweave,Tailoring,item,415,db2:item-req,425,db2,435,db2,430,415,425,430,435,415,trainer,False
56004,Abyssal Bag,Tailoring,item,435,db2:item-req,440,db2,450,db2,445,435,440,445,450,435,world,False
56005,Glacial Bag,Tailoring,item,445,db2:item-req,450,db2,460,db2,455,445,450,455,460,445,world,False
56006,Mysterious Bag,Tailoring,item,440,db2:item-req,445,db2,455,db2,450,440,445,450,455,440,world,False
56007,Frostweave Bag,Tailoring,item,410,db2:item-req,430,db2,450,db2,440,410,430,440,450,410,trainer,False
56008,Shining Spellthread,Tailoring,trainer,400,wh:learn,400,db2,410,db2,405,400,400,405,410,400,trainer,False
56009,Brilliant Spellthread,Tailoring,item,430,db2:item-req,435,db2,445,db2,440,430,435,440,445,430,world,False
56010,Azure Spellthread,Tailoring,trainer,400,wh:learn,400,db2,410,db2,405,400,400,405,410,400,trainer,False
56011,Sapphire Spellthread,Tailoring,item,430,db2:item-req,435,db2,445,db2,440,430,435,440,445,430,world,False
56014,Cloak of the Moon,Tailoring,trainer,390,wh:learn,395,db2,405,db2,400,390,395,400,405,390,trainer,False
56015,Cloak of Frozen Spirits,Tailoring,trainer,395,wh:learn,400,db2,410,db2,405,395,400,405,410,395,trainer,False
56016,Wispcloak,Tailoring,item,415,db2:item-req,435,db2,455,db2,445,415,435,445,455,415,vendor,False
56017,Deathchill Cloak,Tailoring,item,420,db2:item-req,435,db2,455,db2,445,420,435,445,455,420,,False
56018,Hat of Wintry Doom,Tailoring,item,425,db2:item-req,435,db2,445,db2,440,425,435,440,445,425,trainer,False
56019,Silky Iceshard Boots,Tailoring,item,420,wh:learn<item,430,db2,450,db2,440,420,430,440,450,420,trainer,False
56020,Deep Frozen Cord,Tailoring,item,420,wh:learn<item,430,db2,450,db2,440,420,430,440,450,420,trainer,False
56021,Frostmoon Pants,Tailoring,item,425,db2:item-req,435,db2,445,db2,440,425,435,440,445,425,trainer,False
56022,Light Blessed Mittens,Tailoring,item,420,wh:learn<item,430,db2,450,db2,440,420,430,440,450,420,trainer,False
56023,Aurora Slippers,Tailoring,item,420,wh:learn<item,430,db2,450,db2,440,420,430,440,450,420,trainer,False
56024,Moonshroud Robe,Tailoring,item,440,wh:learn<item,450,db2,460,db2,455,440,450,455,460,440,trainer,False
56025,Moonshroud Gloves,Tailoring,item,435,wh:learn<item,445,db2,455,db2,450,435,445,450,455,435,trainer,False
56026,Ebonweave Robe,Tailoring,item,440,wh:learn<item,450,db2,460,db2,455,440,450,455,460,440,trainer,False
56027,Ebonweave Gloves,Tailoring,item,435,wh:learn<item,445,db2,455,db2,450,435,445,450,455,435,trainer,False
56028,Spellweave Robe,Tailoring,item,440,wh:learn<item,450,db2,460,db2,455,440,450,455,460,440,trainer,False
56029,Spellweave Gloves,Tailoring,item,435,wh:learn<item,445,db2,455,db2,450,435,445,450,455,435,trainer,False
56030,Frostwoven Leggings,Tailoring,trainer,380,wh:learn,390,db2,410,db2,400,380,390,400,410,380,trainer,False
56031,Frostwoven Wristwraps,Tailoring,trainer,350,wh:learn,360,db2,380,db2,370,350,360,370,380,350,trainer,False
56034,Master's Spellthread,Tailoring,trainer,405,wh:learn,,wh,405,wh,,0,0,0,405,405,trainer,False
56039,Sanctified Spellthread,Tailoring,trainer,405,wh:learn,,wh,405,wh,,0,0,0,405,405,trainer,False
59582,Frostsavage Belt,Tailoring,trainer,415,wh:learn,425,db2,445,db2,435,415,425,435,445,415,trainer,False
59583,Frostsavage Bracers,Tailoring,trainer,415,wh:learn,425,db2,445,db2,435,415,425,435,445,415,trainer,False
59584,Frostsavage Shoulders,Tailoring,trainer,420,wh:learn,430,db2,450,db2,440,420,430,440,450,420,trainer,False
59585,Frostsavage Boots,Tailoring,trainer,420,wh:learn,430,db2,450,db2,440,420,430,440,450,420,trainer,False
59586,Frostsavage Gloves,Tailoring,trainer,420,wh:learn,430,db2,450,db2,440,420,430,440,450,420,trainer,False
59587,Frostsavage Robe,Tailoring,trainer,420,wh:learn,430,db2,450,db2,440,420,430,440,450,420,trainer,False
59588,Frostsavage Leggings,Tailoring,trainer,420,wh:learn,430,db2,450,db2,440,420,430,440,450,420,trainer,False
59589,Frostsavage Cowl,Tailoring,trainer,420,wh:learn,430,db2,450,db2,440,420,430,440,450,420,trainer,False
60969,Flying Carpet,Tailoring,trainer,300,wh:learn,340,db2,350,db2,345,300,340,345,350,300,trainer,False
60971,Magnificent Flying Carpet,Tailoring,trainer,425,wh:learn,435,db2,455,db2,445,425,435,445,455,425,trainer,False
60990,Glacial Waistband,Tailoring,trainer,420,wh:learn,430,db2,450,db2,440,420,430,440,450,420,trainer,False
60993,Glacial Robe,Tailoring,trainer,425,wh:learn,435,db2,455,db2,445,425,435,445,455,425,trainer,False
60994,Glacial Slippers,Tailoring,trainer,420,wh:learn,430,db2,450,db2,440,420,430,440,450,420,trainer,False
63203,Sash of Ancient Power,Tailoring,item,450,db2:item-req,455,db2,465,db2,460,450,455,460,465,450,quest,False
63204,Spellslinger's Slippers,Tailoring,item,450,db2:item-req,455,db2,465,db2,460,450,455,460,465,450,quest,False
63205,Cord of the White Dawn,Tailoring,item,450,db2:item-req,455,db2,465,db2,460,450,455,460,465,450,quest,False
63206,Savior's Slippers,Tailoring,item,450,db2:item-req,455,db2,465,db2,460,450,455,460,465,450,quest,False
63742,Spidersilk Drape,Tailoring,trainer,125,wh:learn,150,db2,185,db2,167,125,150,167,185,125,trainer,False
63924,Emerald Bag,Tailoring,item,435,db2:item-req,440,db2,450,db2,445,435,440,445,450,435,world,False
64729,Frostguard Drape,Tailoring,trainer,400,wh:learn,405,db2,415,db2,410,400,405,410,415,400,trainer,False
64730,Cloak of Crimson Snow,Tailoring,trainer,405,wh:learn,410,db2,420,db2,415,405,410,415,420,405,trainer,False
67064,Royal Moonshroud Robe,Tailoring,item,450,db2:item-req,460,db2,475,db2,467,450,460,467,475,450,quest,False
67065,Royal Moonshroud Bracers,Tailoring,item,450,db2:item-req,460,db2,475,db2,467,450,460,467,475,450,quest,False
67066,Merlin's Robe,Tailoring,item,450,db2:item-req,460,db2,475,db2,467,450,460,467,475,450,quest,False
67079,Bejeweled Wizard's Bracers,Tailoring,item,450,db2:item-req,460,db2,475,db2,467,450,460,467,475,450,quest,False
67144,Royal Moonshroud Robe,Tailoring,item,450,db2:item-req,460,db2,475,db2,467,450,460,467,475,450,quest,False
67145,Bejeweled Wizard's Bracers,Tailoring,item,450,db2:item-req,460,db2,475,db2,467,450,460,467,475,450,quest,False
67146,Merlin's Robe,Tailoring,item,450,db2:item-req,460,db2,475,db2,467,450,460,467,475,450,quest,False
67147,Royal Moonshroud Bracers,Tailoring,item,450,db2:item-req,460,db2,475,db2,467,450,460,467,475,450,quest,False
70550,Leggings of Woven Death,Tailoring,item,450,db2:item-req,475,db2,500,db2,487,450,475,487,500,450,world,False
70551,Deathfrost Boots,Tailoring,item,450,db2:item-req,475,db2,500,db2,487,450,475,487,500,450,world,False
70552,Lightweave Leggings,Tailoring,item,450,db2:item-req,475,db2,500,db2,487,450,475,487,500,450,world,False
70553,Sandals of Consecration,Tailoring,item,450,db2:item-req,475,db2,500,db2,487,450,475,487,500,450,world,False
74964,Bolt of Embersilk Cloth,Tailoring,trainer,425,wh:learn,440,db2,450,db2,445,425,440,445,450,425,trainer,False
75141,Dream of Skywall,Tailoring,trainer,515,wh:learn,525,db2,535,db2,530,515,525,530,535,515,trainer,False
75142,Dream of Deepholm,Tailoring,trainer,505,wh:learn,525,db2,535,db2,530,505,525,530,535,505,trainer,False
75144,Dream of Hyjal,Tailoring,trainer,500,wh:learn,525,db2,535,db2,530,500,525,530,535,500,trainer,False
75145,Dream of Ragnaros,Tailoring,trainer,510,wh:learn,525,db2,535,db2,530,510,525,530,535,510,trainer,False
75146,Dream of Azshara,Tailoring,trainer,500,wh:learn,525,db2,535,db2,530,500,525,530,535,500,trainer,False
75154,Master's Spellthread,Tailoring,auto,500,db2:minskill,,wh,475,wh,,0,0,0,475,475,trainer,False
75155,Sanctified Spellthread,Tailoring,auto,500,db2:minskill,,wh,475,wh,,0,0,0,475,475,trainer,False
75172,Lightweave Embroidery,Tailoring,auto,500,db2:minskill,,wh,500,wh,,0,0,0,500,500,trainer,False
75175,Darkglow Embroidery,Tailoring,auto,500,db2:minskill,,wh,500,wh,,0,0,0,500,500,trainer,False
75178,Swordguard Embroidery,Tailoring,auto,500,db2:minskill,,wh,500,wh,,0,0,0,500,500,trainer,False
75247,Embersilk Net,Tailoring,trainer,425,wh:learn,435,db2,455,db2,445,425,435,445,455,425,trainer,False
75248,Deathsilk Belt,Tailoring,trainer,445,wh:learn,455,db2,465,db2,460,445,455,460,465,445,trainer,False
75249,Deathsilk Bracers,Tailoring,trainer,445,wh:learn,455,db2,465,db2,460,445,455,460,465,445,trainer,False
75250,Enchanted Spellthread,Tailoring,trainer,450,wh:learn,465,db2,470,db2,467,450,465,467,470,450,trainer,False
75251,Deathsilk Shoulders,Tailoring,trainer,455,wh:learn,460,db2,470,db2,465,455,460,465,470,455,trainer,False
75252,Deathsilk Boots,Tailoring,trainer,455,wh:learn,460,db2,470,db2,465,455,460,465,470,455,trainer,False
75253,Deathsilk Gloves,Tailoring,trainer,460,wh:learn,470,db2,475,db2,472,460,470,472,475,460,trainer,False
75254,Deathsilk Leggings,Tailoring,trainer,460,wh:learn,465,db2,475,db2,470,460,465,470,475,460,trainer,False
75255,Ghostly Spellthread,Tailoring,trainer,460,wh:learn,470,db2,475,db2,472,460,470,472,475,460,trainer,False
75256,Deathsilk Cowl,Tailoring,trainer,465,wh:learn,470,db2,480,db2,475,465,470,475,480,465,trainer,False
75257,Deathsilk Robe,Tailoring,trainer,465,wh:learn,475,db2,480,db2,477,465,475,477,480,465,trainer,False
75258,Spiritmend Belt,Tailoring,trainer,470,wh:learn,475,db2,485,db2,480,470,475,480,485,470,trainer,False
75259,Spiritmend Bracers,Tailoring,trainer,470,wh:learn,475,db2,485,db2,480,470,475,480,485,470,trainer,False
75260,Spiritmend Shoulders,Tailoring,trainer,475,wh:learn,485,db2,490,db2,487,475,485,487,490,475,trainer,False
75261,Spiritmend Boots,Tailoring,trainer,475,wh:learn,480,db2,490,db2,485,475,480,485,490,475,trainer,False
75262,Spiritmend Gloves,Tailoring,trainer,480,wh:learn,485,db2,495,db2,490,480,485,490,495,480,trainer,False
75263,Spiritmend Leggings,Tailoring,trainer,480,wh:learn,485,db2,495,db2,490,480,485,490,495,480,trainer,False
75264,Embersilk Bag,Tailoring,trainer,480,wh:learn,490,db2,495,db2,492,480,490,492,495,480,trainer,False
75265,Otherworldly Bag,Tailoring,trainer,480,wh:learn,490,db2,495,db2,492,480,490,492,495,480,trainer,False
75266,Spiritmend Cowl,Tailoring,trainer,485,wh:learn,500,db2,505,db2,502,485,500,502,505,485,trainer,False
75267,Spiritmend Robe,Tailoring,trainer,485,wh:learn,500,db2,505,db2,502,485,500,502,505,485,trainer,False
75268,Hyjal Expedition Bag,Tailoring,trainer,490,wh:learn,500,db2,505,db2,502,490,500,502,505,490,trainer,False
75269,Bloodthirsty Fireweave Belt,Tailoring,trainer,510,wh:learn,515,db2,525,db2,520,510,515,520,525,510,trainer,False
75270,Bloodthirsty Embersilk Bracers,Tailoring,trainer,500,wh:learn,505,db2,515,db2,510,500,505,510,515,500,trainer,False
75288,Black Embersilk Gown,Tailoring,item,500,db2:item-req,505,db2,515,db2,510,500,505,510,515,500,world,False
75289,High Society Top Hat,Tailoring,item,500,db2:item-req,530,db2,540,db2,535,500,530,535,540,500,quest,False
75290,Bloodthirsty Fireweave Bracers,Tailoring,trainer,500,wh:learn,505,db2,515,db2,510,500,505,510,515,500,trainer,False
75291,Bloodthirsty Embersilk Shoulders,Tailoring,trainer,505,wh:learn,510,db2,520,db2,515,505,510,515,520,505,trainer,False
75292,Bloodthirsty Fireweave Shoulders,Tailoring,trainer,510,wh:learn,515,db2,525,db2,520,510,515,520,525,510,trainer,False
75293,Bloodthirsty Embersilk Belt,Tailoring,trainer,510,wh:learn,515,db2,525,db2,520,510,515,520,525,510,trainer,False
75294,Bloodthirsty Fireweave Boots,Tailoring,trainer,515,wh:learn,520,db2,530,db2,525,515,520,525,530,515,trainer,False
75295,Bloodthirsty Embersilk Gloves,Tailoring,trainer,515,wh:learn,520,db2,530,db2,525,515,520,525,530,515,trainer,False
75296,Bloodthirsty Fireweave Gloves,Tailoring,trainer,520,wh:learn,525,db2,535,db2,530,520,525,530,535,520,trainer,False
75297,Bloodthirsty Embersilk Boots,Tailoring,trainer,520,wh:learn,525,db2,535,db2,530,520,525,530,535,520,trainer,False
75298,Belt of the Depths,Tailoring,item,525,db2:item-req,525,db2,535,db2,530,525,525,530,535,525,world,False
75299,Dreamless Belt,Tailoring,item,525,db2:item-req,525,db2,535,db2,530,525,525,530,535,525,world,False
75300,Breeches of Mended Nightmares,Tailoring,item,525,db2:item-req,525,db2,535,db2,530,525,525,530,535,525,world,False
75301,Flame-Ascended Pantaloons,Tailoring,item,525,db2:item-req,525,db2,535,db2,530,525,525,530,535,525,world,False
75302,Bloodthirsty Fireweave Pants,Tailoring,item,525,db2:item-req,525,db2,535,db2,530,525,525,530,535,525,world,False
75303,Bloodthirsty Fireweave Robe,Tailoring,item,525,db2:item-req,525,db2,535,db2,530,525,525,530,535,525,world,False
75304,Bloodthirsty Fireweave Cowl,Tailoring,item,525,db2:item-req,525,db2,535,db2,530,525,525,530,535,525,world,False
75305,Bloodthirsty Embersilk Robe,Tailoring,item,525,db2:item-req,525,db2,535,db2,530,525,525,530,535,525,world,False
75306,Bloodthirsty Embersilk Cowl,Tailoring,item,525,db2:item-req,525,db2,535,db2,530,525,525,530,535,525,world,False
75307,Bloodthirsty Embersilk Pants,Tailoring,item,525,db2:item-req,525,db2,535,db2,530,525,525,530,535,525,world,False
75308,Illusionary Bag,Tailoring,item,525,db2:item-req,525,db2,535,db2,530,525,525,530,535,525,world,False
75309,Powerful Enchanted Spellthread,Tailoring,item,525,db2:item-req,525,db2,535,db2,530,525,525,530,535,525,world,False
75310,Powerful Ghostly Spellthread,Tailoring,item,525,db2:item-req,525,db2,535,db2,530,525,525,530,535,525,world,False
75597,Frosty Flying Carpet,Tailoring,item,425,db2:item-req,435,db2,455,db2,445,425,435,445,455,425,world,False
94743,Dream of Destruction,Tailoring,trainer,525,wh:learn,525,db2,535,db2,530,525,525,530,535,525,trainer,False
99448,Grips of Altered Reality,Tailoring,item,525,db2:item-req,525,db2,530,db2,527,525,525,527,530,525,quest,False
99449,Don Tayo's Inferno Mittens,Tailoring,item,525,db2:item-req,525,db2,530,db2,527,525,525,527,530,525,quest,False
99459,Endless Dream Walkers,Tailoring,item,525,db2:item-req,525,db2,530,db2,527,525,525,527,530,525,quest,False
99460,Boots of the Black Flame,Tailoring,item,525,db2:item-req,525,db2,530,db2,527,525,525,527,530,525,quest,False
99537,Vicious Embersilk Cape,Tailoring,trainer,490,wh:learn,500,db2,505,db2,502,490,500,502,505,490,trainer,False
100585,Luxurious Silk Gem Bag,Tailoring,item,515,db2:item-req,490,db2,495,db2,492,0,0,0,515,515,world,False
101920,World Mender's Pants,Tailoring,item,525,db2:item-req,525,db2,535,db2,530,525,525,530,535,525,quest,False
101921,Lavaquake Legwraps,Tailoring,item,525,db2:item-req,525,db2,535,db2,530,525,525,530,535,525,quest,False
101922,Dreamwraps of the Light,Tailoring,item,525,db2:item-req,525,db2,535,db2,530,525,525,530,535,525,quest,False
101923,Bracers of Unconquered Power,Tailoring,item,525,db2:item-req,525,db2,535,db2,530,525,525,530,535,525,quest,False
125481,Lightweave Embroidery,Tailoring,auto,550,db2:minskill,,wh,550,wh,,0,0,0,550,1,,False
125482,Darkglow Embroidery,Tailoring,auto,550,db2:minskill,,wh,550,wh,,0,0,0,550,1,,False
125483,Swordguard Embroidery,Tailoring,auto,550,db2:minskill,,wh,550,wh,,0,0,0,550,1,,False
125496,Master's Spellthread,Tailoring,auto,550,db2:minskill,,wh,550,wh,,0,0,0,550,1,,False
125497,Sanctified Spellthread,Tailoring,auto,550,db2:minskill,,wh,550,wh,,0,0,0,550,1,,False
125523,Windwool Hood,Tailoring,item,550,db2:item-req,575,db2,600,db2,587,555,575,587,600,555,trainer,False
125524,Windwool Shoulders,Tailoring,item,535,db2:item-req,555,db2,600,db2,577,535,555,577,600,535,trainer,False
125525,Windwool Tunic,Tailoring,item,550,db2:item-req,575,db2,600,db2,587,555,575,587,600,555,trainer,False
125526,Windwool Gloves,Tailoring,item,525,db2:item-req,545,db2,600,db2,572,525,545,572,600,525,trainer,False
125527,Windwool Pants,Tailoring,item,525,db2:item-req,565,db2,600,db2,582,545,565,582,600,545,trainer,False
125528,Windwool Bracers,Tailoring,item,500,db2:item-req,545,db2,600,db2,572,525,545,572,600,525,trainer,False
125529,Windwool Boots,Tailoring,item,525,db2:item-req,565,db2,600,db2,582,545,565,582,600,545,trainer,False
125530,Windwool Belt,Tailoring,item,525,db2:item-req,555,db2,600,db2,577,535,555,577,600,535,trainer,False
125531,Contender's Silk Cowl,Tailoring,item,590,db2:item-req,600,db2,600,db2,600,590,600,600,600,590,world,False
125532,Contender's Silk Amice,Tailoring,item,575,db2:item-req,600,db2,600,db2,600,575,600,600,600,575,world,False
125533,Contender's Silk Raiment,Tailoring,item,590,db2:item-req,600,db2,600,db2,600,590,600,600,600,590,world,False
125534,Contender's Silk Handwraps,Tailoring,item,565,db2:item-req,600,db2,600,db2,600,565,600,600,600,565,world,False
125535,Contender's Silk Pants,Tailoring,item,565,db2:item-req,600,db2,600,db2,600,565,600,600,600,565,world,False
125536,Contender's Silk Cuffs,Tailoring,item,555,db2:item-req,600,db2,600,db2,600,555,600,600,600,555,world,False
125537,Contender's Silk Footwraps,Tailoring,item,565,db2:item-req,600,db2,600,db2,600,565,600,600,600,565,world,False
125538,Contender's Silk Belt,Tailoring,item,565,db2:item-req,600,db2,600,db2,600,565,600,600,600,565,world,False
125539,Contender's Satin Cowl,Tailoring,item,590,db2:item-req,600,db2,600,db2,600,590,600,600,600,590,world,False
125540,Contender's Satin Amice,Tailoring,item,575,db2:item-req,600,db2,600,db2,600,575,600,600,600,575,world,False
125541,Contender's Satin Raiment,Tailoring,item,590,db2:item-req,600,db2,600,db2,600,590,600,600,600,590,world,False
125542,Contender's Satin Handwraps,Tailoring,item,565,db2:item-req,600,db2,600,db2,600,565,600,600,600,565,world,False
125543,Contender's Satin Pants,Tailoring,item,565,db2:item-req,600,db2,600,db2,600,565,600,600,600,565,world,False
125544,Contender's Satin Cuffs,Tailoring,item,555,db2:item-req,600,db2,600,db2,600,555,600,600,600,555,world,False
125545,Contender's Satin Footwraps,Tailoring,item,565,db2:item-req,600,db2,600,db2,600,565,600,600,600,565,world,False
125546,Contender's Satin Belt,Tailoring,item,565,db2:item-req,600,db2,600,db2,600,565,600,600,600,565,world,False
125547,Spelltwister's Grand Robe,Tailoring,item,600,db2:item-req,600,db2,600,db2,600,600,600,600,600,600,world,False
125548,Spelltwister's Gloves,Tailoring,item,600,db2:item-req,600,db2,600,db2,600,600,600,600,600,600,world,False
125549,Robes of Creation,Tailoring,item,600,db2:item-req,600,db2,600,db2,600,600,600,600,600,600,world,False
125550,Gloves of Creation,Tailoring,item,600,db2:item-req,600,db2,600,db2,600,600,600,600,600,600,world,False
125551,Bolt of Windwool Cloth,Tailoring,item,500,db2:item-req,525,db2,535,db2,530,500,525,530,535,500,trainer,False
125552,Pearlescent Spellthread,Tailoring,item,530,wh:learn<item,550,db2,600,db2,575,530,550,575,600,530,trainer,False
125553,Cerulean Spellthread,Tailoring,item,540,db2:item-req,560,db2,600,db2,580,540,560,580,600,540,trainer,False
125554,Greater Pearlescent Spellthread,Tailoring,item,575,db2:item-req,600,db2,600,db2,600,575,600,600,600,575,world,False
125555,Greater Cerulean Spellthread,Tailoring,item,575,db2:item-req,600,db2,600,db2,600,575,600,600,600,575,world,False
125556,Royal Satchel,Tailoring,item,600,db2:item-req,600,db2,600,db2,600,600,600,600,600,600,world,False
125557,Imperial Silk,Tailoring,item,525,db2:item-req,570,db2,600,db2,585,550,570,585,600,550,trainer,False
125558,Robe of Eternal Rule,Tailoring,item,600,db2:item-req,600,db2,600,db2,600,600,600,600,600,600,quest,False
125559,Imperial Silk Gloves,Tailoring,item,600,db2:item-req,600,db2,600,db2,600,600,600,600,600,600,quest,False
125560,Legacy of the Emperor,Tailoring,item,600,db2:item-req,600,db2,600,db2,600,600,600,600,600,600,quest,False
125561,Touch of the Light,Tailoring,item,600,db2:item-req,600,db2,600,db2,600,600,600,600,600,600,quest,False
130325,Song of Harmony,Tailoring,trainer,560,wh:learn,600,db2,605,db2,602,560,600,602,605,560,trainer,False
134585,Bipsi's Gloves,Tailoring,discovery?,520,wh:learn,520,db2,530,db2,525,0,520,525,530,520,,False
137907,Crafted Dreadful Gladiator's Cape of Cruelty,Tailoring,discovery,550,wh:learn,600,db2,605,db2,602,550,600,602,605,550,discovery,False
137908,Crafted Dreadful Gladiator's Cape of Prowess,Tailoring,discovery,550,wh:learn,600,db2,605,db2,602,550,600,602,605,550,discovery,False
137909,Crafted Dreadful Gladiator's Cord of Cruelty,Tailoring,discovery,550,wh:learn,600,db2,605,db2,602,550,600,602,605,550,discovery,False
137910,Crafted Dreadful Gladiator's Cord of Accuracy,Tailoring,discovery,550,wh:learn,600,db2,605,db2,602,550,600,602,605,550,discovery,False
137911,Crafted Dreadful Gladiator's Cord of Meditation,Tailoring,discovery,550,wh:learn,600,db2,605,db2,602,550,600,602,605,550,discovery,False
137912,Crafted Dreadful Gladiator's Treads of Cruelty,Tailoring,discovery,550,wh:learn,600,db2,605,db2,602,550,600,602,605,550,discovery,False
137913,Crafted Dreadful Gladiator's Treads of Alacrity,Tailoring,discovery,550,wh:learn,600,db2,605,db2,602,550,600,602,605,550,discovery,False
137914,Crafted Dreadful Gladiator's Treads of Meditation,Tailoring,discovery,550,wh:learn,600,db2,605,db2,602,550,600,602,605,550,discovery,False
137915,Crafted Dreadful Gladiator's Cuffs of Accuracy,Tailoring,discovery,550,wh:learn,600,db2,605,db2,602,550,600,602,605,550,discovery,False
137916,Crafted Dreadful Gladiator's Cuffs of Prowess,Tailoring,discovery,550,wh:learn,600,db2,605,db2,602,550,600,602,605,550,discovery,False
137917,Crafted Dreadful Gladiator's Cuffs of Meditation,Tailoring,discovery,550,wh:learn,600,db2,605,db2,602,550,600,602,605,550,discovery,False
137918,Crafted Dreadful Gladiator's Drape of Cruelty,Tailoring,discovery,550,wh:learn,600,db2,605,db2,602,550,600,602,605,550,discovery,False
137919,Crafted Dreadful Gladiator's Drape of Prowess,Tailoring,discovery,550,wh:learn,600,db2,605,db2,602,550,600,602,605,550,discovery,False
137920,Crafted Dreadful Gladiator's Drape of Meditation,Tailoring,discovery,550,wh:learn,600,db2,605,db2,602,550,600,602,605,550,discovery,False
137921,Crafted Dreadful Gladiator's Silk Handguards,Tailoring,discovery,550,wh:learn,600,db2,605,db2,602,550,600,602,605,550,discovery,False
137922,Crafted Dreadful Gladiator's Silk Cowl,Tailoring,discovery,550,wh:learn,600,db2,605,db2,602,550,600,602,605,550,discovery,False
137923,Crafted Dreadful Gladiator's Silk Trousers,Tailoring,discovery,550,wh:learn,600,db2,605,db2,602,550,600,602,605,550,discovery,False
137924,Crafted Dreadful Gladiator's Silk Robe,Tailoring,discovery,550,wh:learn,600,db2,605,db2,602,550,600,602,605,550,discovery,False
137925,Crafted Dreadful Gladiator's Silk Amice,Tailoring,discovery,550,wh:learn,600,db2,605,db2,602,550,600,602,605,550,discovery,False
137926,Crafted Dreadful Gladiator's Mooncloth Gloves,Tailoring,discovery,550,wh:learn,600,db2,605,db2,602,550,600,602,605,550,discovery,False
137927,Crafted Dreadful Gladiator's Mooncloth Helm,Tailoring,discovery,550,wh:learn,600,db2,605,db2,602,550,600,602,605,550,discovery,False
137928,Crafted Dreadful Gladiator's Mooncloth Leggings,Tailoring,discovery,550,wh:learn,600,db2,605,db2,602,550,600,602,605,550,discovery,False
137929,Crafted Dreadful Gladiator's Mooncloth Robe,Tailoring,discovery,550,wh:learn,600,db2,605,db2,602,550,600,602,605,550,discovery,False
137930,Crafted Dreadful Gladiator's Mooncloth Mantle,Tailoring,discovery,550,wh:learn,600,db2,605,db2,602,550,600,602,605,550,discovery,False
137931,Crafted Dreadful Gladiator's Satin Gloves,Tailoring,discovery,550,wh:learn,600,db2,605,db2,602,550,600,602,605,550,discovery,False
137932,Crafted Dreadful Gladiator's Satin Hood,Tailoring,discovery,550,wh:learn,600,db2,605,db2,602,550,600,602,605,550,discovery,False
137933,Crafted Dreadful Gladiator's Satin Leggings,Tailoring,discovery,550,wh:learn,600,db2,605,db2,602,550,600,602,605,550,discovery,False
137934,Crafted Dreadful Gladiator's Satin Robe,Tailoring,discovery,550,wh:learn,600,db2,605,db2,602,550,600,602,605,550,discovery,False
137935,Crafted Dreadful Gladiator's Satin Mantle,Tailoring,discovery,550,wh:learn,600,db2,605,db2,602,550,600,602,605,550,discovery,False
137936,Crafted Dreadful Gladiator's Cloak of Alacrity,Tailoring,discovery,550,wh:learn,600,db2,605,db2,602,550,600,602,605,550,discovery,False
137937,Crafted Dreadful Gladiator's Cloak of Prowess,Tailoring,discovery,550,wh:learn,600,db2,605,db2,602,550,600,602,605,550,discovery,False
137938,Crafted Dreadful Gladiator's Felweave Handguards,Tailoring,discovery,550,wh:learn,600,db2,605,db2,602,550,600,602,605,550,discovery,False
137939,Crafted Dreadful Gladiator's Felweave Cowl,Tailoring,discovery,550,wh:learn,600,db2,605,db2,602,550,600,602,605,550,discovery,False
137940,Crafted Dreadful Gladiator's Felweave Trousers,Tailoring,discovery,550,wh:learn,600,db2,605,db2,602,550,600,602,605,550,discovery,False
137941,Crafted Dreadful Gladiator's Felweave Raiment,Tailoring,discovery,550,wh:learn,600,db2,605,db2,602,550,600,602,605,550,discovery,False
137942,Crafted Dreadful Gladiator's Felweave Amice,Tailoring,discovery,550,wh:learn,600,db2,605,db2,602,550,600,602,605,550,discovery,False
138597,Falling Blossom Treads,Tailoring,discovery,550,wh:learn,600,db2,605,db2,602,550,600,602,605,550,discovery,False
138598,Falling Blossom Cowl,Tailoring,discovery,550,wh:learn,600,db2,605,db2,602,550,600,602,605,550,discovery,False
138599,Falling Blossom Sandals,Tailoring,discovery,550,wh:learn,600,db2,605,db2,602,550,600,602,605,550,discovery,False
138600,Falling Blossom Hood,Tailoring,discovery,550,wh:learn,600,db2,605,db2,602,550,600,602,605,550,discovery,False
142951,White Cloud Leggings,Tailoring,discovery,600,wh:learn,600,db2,608,db2,604,0,600,604,608,600,discovery,False
142955,Leggings of the Night Sky,Tailoring,discovery,600,wh:learn,600,db2,608,db2,604,0,600,604,608,600,discovery,False
142960,White Cloud Belt,Tailoring,discovery,600,wh:learn,600,db2,608,db2,604,0,600,604,608,600,discovery,False
142964,Belt of the Night Sky,Tailoring,discovery,600,wh:learn,600,db2,608,db2,604,0,600,604,608,600,discovery,False
143011,Celestial Cloth,Tailoring,item,600,db2:book-req,600,db2,605,db2,602,0,600,602,605,600,,False
143053,Crafted Malevolent Gladiator's Cape of Cruelty,Tailoring,discovery,600,wh:learn,600,db2,606,db2,603,0,600,603,606,600,discovery,False
143054,Crafted Malevolent Gladiator's Cape of Prowess,Tailoring,discovery,600,wh:learn,600,db2,606,db2,603,0,600,603,606,600,discovery,False
143055,Crafted Malevolent Gladiator's Cord of Cruelty,Tailoring,discovery,600,wh:learn,600,db2,606,db2,603,0,600,603,606,600,discovery,False
143056,Crafted Malevolent Gladiator's Cord of Accuracy,Tailoring,discovery,600,wh:learn,600,db2,606,db2,603,0,600,603,606,600,discovery,False
143057,Crafted Malevolent Gladiator's Cord of Meditation,Tailoring,discovery,600,wh:learn,600,db2,606,db2,603,0,600,603,606,600,discovery,False
143058,Crafted Malevolent Gladiator's Treads of Cruelty,Tailoring,discovery,600,wh:learn,600,db2,606,db2,603,0,600,603,606,600,discovery,False
143059,Crafted Malevolent Gladiator's Treads of Alacrity,Tailoring,discovery,600,wh:learn,600,db2,606,db2,603,0,600,603,606,600,discovery,False
143060,Crafted Malevolent Gladiator's Treads of Meditation,Tailoring,discovery,600,wh:learn,600,db2,606,db2,603,0,600,603,606,600,discovery,False
143061,Crafted Malevolent Gladiator's Cuffs of Accuracy,Tailoring,discovery,600,wh:learn,600,db2,606,db2,603,0,600,603,606,600,discovery,False
143062,Crafted Malevolent Gladiator's Cuffs of Prowess,Tailoring,discovery,600,wh:learn,600,db2,606,db2,603,0,600,603,606,600,discovery,False
143063,Crafted Malevolent Gladiator's Cuffs of Meditation,Tailoring,discovery,600,wh:learn,600,db2,606,db2,603,0,600,603,606,600,discovery,False
143064,Crafted Malevolent Gladiator's Drape of Cruelty,Tailoring,discovery,600,wh:learn,600,db2,606,db2,603,0,600,603,606,600,discovery,False
143065,Crafted Malevolent Gladiator's Drape of Prowess,Tailoring,discovery,600,wh:learn,600,db2,606,db2,603,0,600,603,606,600,discovery,False
143066,Crafted Malevolent Gladiator's Drape of Meditation,Tailoring,discovery,600,wh:learn,600,db2,606,db2,603,0,600,603,606,600,discovery,False
143067,Crafted Malevolent Gladiator's Silk Handguards,Tailoring,discovery,600,wh:learn,600,db2,606,db2,603,0,600,603,606,600,discovery,False
143068,Crafted Malevolent Gladiator's Silk Cowl,Tailoring,discovery,600,wh:learn,600,db2,606,db2,603,0,600,603,606,600,discovery,False
143069,Crafted Malevolent Gladiator's Silk Trousers,Tailoring,discovery,600,wh:learn,600,db2,606,db2,603,0,600,603,606,600,discovery,False
143070,Crafted Malevolent Gladiator's Silk Robe,Tailoring,discovery,600,wh:learn,600,db2,606,db2,603,0,600,603,606,600,discovery,False
143071,Crafted Malevolent Gladiator's Silk Amice,Tailoring,discovery,600,wh:learn,600,db2,606,db2,603,0,600,603,606,600,discovery,False
143072,Crafted Malevolent Gladiator's Mooncloth Gloves,Tailoring,discovery,600,wh:learn,600,db2,606,db2,603,0,600,603,606,600,discovery,False
143073,Crafted Malevolent Gladiator's Mooncloth Helm,Tailoring,discovery,600,wh:learn,600,db2,606,db2,603,0,600,603,606,600,discovery,False
143074,Crafted Malevolent Gladiator's Mooncloth Leggings,Tailoring,discovery,600,wh:learn,600,db2,606,db2,603,0,600,603,606,600,discovery,False
143075,Crafted Malevolent Gladiator's Mooncloth Robe,Tailoring,discovery,600,wh:learn,600,db2,606,db2,603,0,600,603,606,600,discovery,False
143076,Crafted Malevolent Gladiator's Mooncloth Mantle,Tailoring,discovery,600,wh:learn,600,db2,606,db2,603,0,600,603,606,600,discovery,False
143077,Crafted Malevolent Gladiator's Satin Gloves,Tailoring,discovery,600,wh:learn,600,db2,606,db2,603,0,600,603,606,600,discovery,False
143078,Crafted Malevolent Gladiator's Satin Hood,Tailoring,discovery,600,wh:learn,600,db2,606,db2,603,0,600,603,606,600,discovery,False
143079,Crafted Malevolent Gladiator's Satin Leggings,Tailoring,discovery,600,wh:learn,600,db2,606,db2,603,0,600,603,606,600,discovery,False
143080,Crafted Malevolent Gladiator's Satin Robe,Tailoring,discovery,600,wh:learn,600,db2,606,db2,603,0,600,603,606,600,discovery,False
143081,Crafted Malevolent Gladiator's Satin Mantle,Tailoring,discovery,600,wh:learn,600,db2,606,db2,603,0,600,603,606,600,discovery,False
143082,Crafted Malevolent Gladiator's Cloak of Alacrity,Tailoring,discovery,600,wh:learn,600,db2,606,db2,603,0,600,603,606,600,discovery,False
143083,Crafted Malevolent Gladiator's Cloak of Prowess,Tailoring,discovery,600,wh:learn,600,db2,606,db2,603,0,600,603,606,600,discovery,False
143084,Crafted Malevolent Gladiator's Felweave Handguards,Tailoring,discovery,600,wh:learn,600,db2,606,db2,603,0,600,603,606,600,discovery,False
143085,Crafted Malevolent Gladiator's Felweave Cowl,Tailoring,discovery,600,wh:learn,600,db2,606,db2,603,0,600,603,606,600,discovery,False
143086,Crafted Malevolent Gladiator's Felweave Trousers,Tailoring,discovery,600,wh:learn,600,db2,606,db2,603,0,600,603,606,600,discovery,False
143087,Crafted Malevolent Gladiator's Felweave Raiment,Tailoring,discovery,600,wh:learn,600,db2,606,db2,603,0,600,603,606,600,discovery,False
143088,Crafted Malevolent Gladiator's Felweave Amice,Tailoring,discovery,600,wh:learn,600,db2,606,db2,603,0,600,603,606,600,discovery,False
146925,Accelerated Celestial Cloth,Tailoring,item,600,db2:book-req,600,db2,605,db2,602,0,600,602,605,600,,False
1216338,Bloodthirsty Embersilk Cape,Tailoring,trainer,490,wh:learn,500,db2,505,db2,502,490,500,502,505,490,trainer,False
1224154,Vicious Embersilk Belt,Tailoring,trainer,510,wh:learn,515,db2,525,db2,520,510,515,520,525,510,trainer,False
1224155,Vicious Embersilk Boots,Tailoring,trainer,520,wh:learn,520,db2,530,db2,525,520,520,525,530,520,trainer,False
1224156,Vicious Embersilk Bracers,Tailoring,trainer,500,wh:learn,505,db2,515,db2,510,500,505,510,515,500,trainer,False
1224157,Vicious Embersilk Cowl,Tailoring,item,525,db2:item-req,525,db2,535,db2,530,525,525,530,535,525,world,False
1224158,Vicious Embersilk Gloves,Tailoring,trainer,515,wh:learn,525,db2,535,db2,530,515,525,530,535,515,trainer,False
1224159,Vicious Embersilk Pants,Tailoring,item,525,db2:item-req,525,db2,535,db2,530,525,525,530,535,525,world,False
1224160,Vicious Embersilk Robe,Tailoring,item,525,db2:item-req,525,db2,535,db2,530,525,525,530,535,525,world,False
1224161,Vicious Embersilk Shoulders,Tailoring,trainer,505,wh:learn,515,db2,525,db2,520,505,515,520,525,505,trainer,False
1224162,Vicious Fireweave Belt,Tailoring,trainer,510,wh:learn,515,db2,525,db2,520,510,515,520,525,510,trainer,False
1224163,Vicious Fireweave Boots,Tailoring,trainer,515,wh:learn,520,db2,530,db2,525,515,520,525,530,515,trainer,False
1224164,Vicious Fireweave Bracers,Tailoring,trainer,500,wh:learn,505,db2,515,db2,510,500,505,510,515,500,trainer,False
1224165,Vicious Fireweave Cowl,Tailoring,item,525,db2:item-req,525,db2,535,db2,530,525,525,530,535,525,world,False
1224166,Vicious Fireweave Gloves,Tailoring,trainer,520,wh:learn,525,db2,535,db2,530,520,525,530,535,520,trainer,False
1224167,Vicious Fireweave Pants,Tailoring,item,525,db2:item-req,525,db2,535,db2,530,525,525,530,535,525,world,False
1224168,Vicious Fireweave Robe,Tailoring,item,525,db2:item-req,525,db2,535,db2,530,525,525,530,535,525,world,False
1224169,Vicious Fireweave Shoulders,Tailoring,trainer,510,wh:learn,515,db2,525,db2,520,510,515,520,525,510,trainer,False
1224208,Fireweave Belt,Tailoring,discovery?,515,wh:learn,515,db2,525,db2,520,0,515,520,525,515,,False
1224209,Emberfire Bracers,Tailoring,discovery?,505,wh:learn,505,db2,515,db2,510,0,505,510,515,505,,False
1224210,Fireweave Bracers,Tailoring,discovery?,505,wh:learn,505,db2,515,db2,510,0,505,510,515,505,,False
1224211,Emberfire Shoulders,Tailoring,discovery?,515,wh:learn,515,db2,525,db2,520,0,515,520,525,515,,False
1224212,Fireweave Shoulders,Tailoring,discovery?,515,wh:learn,515,db2,525,db2,520,0,515,520,525,515,,False
1224213,Emberfire Belt,Tailoring,discovery?,515,wh:learn,515,db2,525,db2,520,0,515,520,525,515,,False
1224214,Fireweave Boots,Tailoring,discovery?,520,wh:learn,520,db2,530,db2,525,0,520,525,530,520,,False
1224215,Emberfire Gloves,Tailoring,discovery?,525,wh:learn,525,db2,535,db2,530,0,525,530,535,525,,False
1224216,Fireweave Gloves,Tailoring,discovery?,525,wh:learn,525,db2,535,db2,530,0,525,530,535,525,,False
1224217,Emberfire Boots,Tailoring,discovery?,520,wh:learn,520,db2,530,db2,525,0,520,525,530,520,,False
1224218,Fireweave Pants,Tailoring,item,525,db2:item-req,525,db2,535,db2,530,525,525,530,535,525,world,False
1224219,Fireweave Robe,Tailoring,item,525,db2:item-req,525,db2,535,db2,530,525,525,530,535,525,world,False
1224220,Fireweave Cowl,Tailoring,item,525,db2:item-req,525,db2,535,db2,530,525,525,530,535,525,world,False
1224221,Emberfire Robe,Tailoring,item,525,db2:item-req,525,db2,535,db2,530,525,525,530,535,525,world,False
1224222,Emberfire Cowl,Tailoring,item,525,db2:item-req,525,db2,535,db2,530,525,525,530,535,525,world,False
1224223,Emberfire Pants,Tailoring,item,525,db2:item-req,525,db2,535,db2,530,525,525,530,535,525,world,False
